case_id,alpha1,alpha2,alpha3,alpha4,delta_x,delta_y,delta_z
case_00000,0.08219682916029292,0.5272517827092505,0.2306407001278181,0.1599106880026384,1.321607543684374e-06,-7.58155089199809e-07,9.25837929204336e-07
case_00001,0.07037527205491467,0.07036341516702593,0.024826368968115412,0.8344349438099441,1.123698026478766e-06,-1.0025274226115805e-06,-2.5198045814043803e-06
case_00002,0.16196167822975657,0.21697225381556048,0.0036652771640306166,0.6174007907906524,-2.425474808019854e-06,-1.9430765249828395e-06,-1.5460211312775661e-06
case_00003,0.7356382667929998,0.09828977112265071,0.08263810012252165,0.08343386196182791,2.5354344294348004e-06,6.436000206089275e-07,1.6420760788755049e-06
case_00004,0.17989795783050352,0.36893100380853605,0.2804629012155211,0.17070813714543925,4.108332129409174e-07,-1.4025503694822681e-07,1.7211512207291812e-07
case_00005,0.4985102216039646,0.07913752448848342,0.18200371461787174,0.24034853928968042,-8.176468731858946e-07,2.1942059539440216e-06,2.567814370722269e-06
case_00006,0.19696197863740605,0.4974505900050203,0.07204466586156737,0.23354276549600633,1.5392315009718398e-06,-2.8073425171076504e-06,-4.274915499518743e-07
case_00007,0.4341302370059204,0.023007015871214526,0.45242808900381737,0.09043465811904772,-1.4558072495901957e-06,8.632075653307578e-07,2.2188741948835386e-06
case_00008,0.008341350600344216,0.3687648363297955,0.417989389901647,0.2049044231682131,1.161059022277922e-06,1.577693271069367e-06,-3.0626737513057506e-07
case_00009,0.16521294270623432,0.04674018739979339,0.5242381228890093,0.2638087470049631,-2.7617327545665166e-06,1.5569194151298426e-06,2.875489672211912e-06
case_00010,0.04005773604677384,0.21037944265854674,0.010770228172708993,0.7387925931219703,2.036448225655632e-06,2.3164438025731506e-06,2.7590062883932606e-06
case_00011,0.12010156951316248,0.4356574996208367,0.1498158812794001,0.2944250495866007,-3.1097491787208906e-07,1.3742024569769643e-06,-1.0251797666635182e-06
case_00012,0.13229696199958527,0.03417489571372565,0.5840165243893681,0.24951161789732104,8.201574861476501e-07,2.5668603698861782e-06,2.3155420225008195e-06
case_00013,0.32932393662290493,0.2644073427975417,0.10695968859383338,0.2993090319857201,-1.672573081159898e-06,-1.0040604010746512e-06,2.085668245293895e-06
case_00014,0.12344116673380819,0.29061214001467295,0.06165961409793982,0.524287079153579,1.062442275950688e-06,1.9256500509258374e-08,-1.735917616034623e-06
case_00015,0.16325568925856923,0.10501343690842102,0.585361468964391,0.14636940486861852,1.6334416553596598e-06,-2.915522020302656e-06,7.457424046996183e-07
case_00016,0.11433259130378384,0.27123668565487036,0.05265845754241639,0.5617722654989293,-1.6072087869360747e-07,-2.958254476180253e-06,-2.563906106461111e-06
case_00017,0.012674687213590207,0.7090459266224788,0.24203657718395596,0.036242808979975075,7.063615443707658e-07,-1.5592402772908808e-06,2.0202643235007695e-06
case_00018,0.0013096422886920934,0.39967351818516017,0.2902175712682061,0.3087992682579417,-2.6204445706560863e-07,-2.3951568171654885e-06,-1.9527246989790206e-06
case_00019,0.696123006778684,0.03630131799363806,0.20946370602664377,0.058111969201034216,2.3645482155470732e-06,-1.4387317923854783e-06,-2.575111791685413e-06
case_00020,0.5793547642649329,0.2844437190362849,0.11706923557693866,0.019132281121843467,-1.2784916914084954e-08,-1.9377402328296158e-06,-5.986854267671329e-07
case_00021,0.12060229394649903,0.12734518086139343,0.4234570546128816,0.328595470579226,2.0508522541729132e-06,-2.8288798509681105e-06,4.6153283159786077e-07
case_00022,0.5198540157517059,0.15223773840160768,0.0303425328398762,0.29756571300681034,1.8081123496214913e-06,2.4558248784362966e-06,2.129501751358626e-06
case_00023,0.3244267718154773,0.18686557222132874,0.33429235633783894,0.15441529962535497,-5.369710719098607e-07,-2.950661211666651e-06,2.845455153130419e-06
case_00024,0.514592039500328,0.38806942778040576,0.01791263834459357,0.07942589437467268,-1.6194930488551497e-06,1.4164928660225125e-06,-3.630449245808182e-07
case_00025,0.01498180833609185,0.4746567763627639,0.17705710487784962,0.3333043104232947,-5.635072046413743e-07,-2.087112678482901e-06,-2.637318462088379e-06
case_00026,0.5171003660327778,0.062266365704316054,0.11471832903826486,0.3059149392246414,1.957304254651321e-06,2.4733777319976004e-06,1.494693474155224e-06
case_00027,0.30285330122441945,0.0933770733767031,0.3988308844349349,0.20493874096394255,-1.6342047850836458e-06,2.356775637539315e-06,3.9103953734362464e-07
case_00028,0.3606852053321525,0.2242793748822094,0.13632855475603625,0.278706865029602,1.4661807514649607e-07,9.234068782155437e-07,-3.126519309332214e-07
case_00029,0.3363309711486774,0.042661025258821546,0.4608758928122177,0.1601321107802833,1.8365804877644849e-06,1.0334048988036309e-06,-1.144386727246862e-06
case_00030,0.3734709766727416,0.5133273383152318,0.08676903070102941,0.0264326543109973,-8.791351492297273e-07,-2.967965148181869e-06,1.4391167061213863e-08
case_00031,0.05760218303301645,0.12404090915568801,0.37939443452611366,0.43896247328518195,8.532578220161847e-07,2.909229396681612e-06,-9.679223732578142e-07
case_00032,0.004610084188499318,0.47239764656723204,0.3570182638922956,0.165974005351973,-1.5262105557071128e-06,2.266995621454886e-06,1.5420712064841615e-06
case_00033,0.03366127889617501,0.10859435359359572,0.7548247421373326,0.10291962537289658,-2.3443233277910404e-06,2.370637354380552e-06,2.633621789558463e-07
case_00034,0.12261768609471327,0.2035244579698434,0.07576711279349292,0.5980907431419505,1.766305350557138e-06,9.55467222305232e-07,2.2610866449246717e-06
case_00035,0.7107515984789031,0.06281563358475095,0.14891939742701635,0.07751337050932951,-2.406188259547759e-06,-9.312784280727809e-07,2.612634878966523e-07
case_00036,0.16663785401592193,0.018681589156961914,0.46747720122892056,0.3472033555981955,-1.3717116295224926e-06,2.3618918945428853e-06,-1.57042551996042e-06
case_00037,0.017372662296192797,0.1073650913188449,0.7852416408604241,0.09002060552453807,2.130656531984641e-06,-1.250898431092846e-06,2.106551293392867e-06
case_00038,0.029258188165636616,0.1256586960146789,0.7932801994285618,0.05180291639112275,-9.211842775279969e-07,3.7626926005321695e-07,3.4331426958026346e-07
case_00039,0.27046356376062436,0.34776721966356805,0.06580765550867544,0.31596156106713214,2.838272097084967e-06,-2.401614165936706e-06,-1.7589537711386325e-06
case_00040,0.141946552936767,0.3097295454418154,0.31076168840098695,0.23756221322043053,2.878406008643159e-06,2.5317337807965015e-06,7.410468597373329e-07
case_00041,0.03798054894764655,0.7239144916041121,0.15525095516630472,0.0828540042819365,-1.39034387727866e-06,-2.15537725337272e-06,-8.536994103454346e-07
case_00042,0.019976018500289225,0.42887910075728114,0.5431184636904927,0.008026417051937075,-2.7541306665006576e-06,-1.6506191656175564e-06,2.0664336737523947e-06
case_00043,0.32587232223293294,0.11662251164898597,0.47049868354507224,0.08700648257300882,1.2303797052322747e-06,3.4880494876928983e-07,-2.802015681207429e-07
case_00044,0.25685725486473876,0.10695899313592638,0.603821130228213,0.03236262177112191,-2.940809841099376e-07,1.5845580012778891e-06,1.3586481486445003e-06
case_00045,0.07987828042892284,0.02306433542963882,0.4952394610211106,0.4018179231203278,-2.395482936242542e-06,7.161078356177936e-07,-2.4267827541825772e-06
case_00046,0.07675582573694521,0.2775518880232077,0.43725556691403694,0.20843671932581015,1.2451369138682568e-06,-1.6071965231990632e-06,-6.238539221859229e-07
case_00047,0.22158581676737366,0.08133859340230393,0.028709157858484838,0.6683664319718374,-2.8129505453284727e-06,-2.994341744835058e-06,2.8994486188343924e-06
case_00048,0.5554399107987011,0.24142928062795158,0.09969676866522209,0.10343403990812529,2.2211801429534527e-06,1.5429034818446353e-06,1.8507617368628897e-06
case_00049,0.17822105612659664,0.31309606420159597,0.3002967411435061,0.20838613852830118,-2.1680848253201776e-06,2.9112439554665623e-06,-2.040355185798428e-06
case_00050,0.28698016774270335,0.024552632893707554,0.04924794769361491,0.6392192516699742,-2.23612872751965e-06,1.8594787218365424e-06,-1.3334157031364696e-06
case_00051,0.4361743156393905,0.0043218282191188045,0.0500478318505189,0.5094560242909719,-1.945966212188493e-06,-2.387602910603081e-07,-1.0211051468618337e-06
case_00052,0.0023564730532635273,0.08141336511685547,0.36950710272427467,0.5467230591056063,2.761598150952399e-06,2.422603568394639e-06,9.021933629726741e-07
case_00053,0.37352398815515475,0.08987363945224427,0.4407570107303694,0.09584536166223169,1.1590161615230758e-06,-5.409139612898999e-07,1.5419685569379337e-06
case_00054,0.08363248975617703,0.29157393381842023,0.2228246613652748,0.4019689150601281,1.8082292127818203e-06,1.4960450546080535e-07,1.4971596528474586e-06
case_00055,0.4341731528483874,0.3402875190248488,0.03984275614541099,0.1856965719813529,-6.141900856034821e-07,-1.3722139562590053e-07,5.924433783841693e-08
case_00056,0.0655721658777654,0.059516288131452016,0.7686488769833952,0.10626266900738733,-9.821236349702668e-07,-3.1425676400685035e-07,1.8649232270289078e-06
case_00057,0.4043219494285624,0.18114743113085052,0.287672700337919,0.12685791910266817,-1.5930959593009803e-06,1.651144615763434e-06,-3.7753150345514957e-07
case_00058,0.2831857937962162,0.22331191794153932,0.07151281804627799,0.42198947021596656,-1.1611183012554634e-07,1.6061344361695207e-07,-2.2567166082266288e-06
case_00059,0.2077915369360073,0.015520168945666105,0.6537868146926374,0.12290147942568908,3.10972401205011e-07,-1.0996972678487037e-06,3.866510499228795e-07
case_00060,0.31968966177722585,0.34875430303904853,0.2791688868031608,0.05238714838056487,7.906490619165321e-07,-1.45105099404913e-06,2.71380830760664e-06
case_00061,0.0023563145693762826,0.3986644792227075,0.08454822760886374,0.5144309785990524,-1.457288976007833e-06,-2.7735160981954e-06,1.757961908355068e-06
case_00062,0.5462630096494583,0.31607761398335343,0.057495073480012066,0.08016430288717606,2.691924485417944e-06,4.991709712982759e-07,4.7220388615345423e-07
case_00063,0.5797674896019407,0.11601464886330727,0.05652969459006137,0.24768816694469073,-1.9814490107571847e-06,-1.6202315075937949e-06,8.808339620945817e-07
case_00064,0.5628139934887572,0.24359935329842738,0.17267450385186323,0.02091214936095211,2.7939190485984738e-06,-2.1111964679017015e-06,2.5833721622134364e-06
case_00065,0.14806922995204894,0.7152032942528656,0.023411184873093526,0.1133162909219921,-2.9108632649549772e-06,9.229797829660657e-07,-4.299432333902373e-07
case_00066,0.35842987073318766,0.23057781826668375,0.2039408082942028,0.20705150270592593,-1.1324584909892648e-07,1.0872555469292935e-06,-1.0116351663441758e-06
case_00067,0.10834597665004281,0.08452884570532218,0.40308180996069004,0.404043367683945,-9.997929713006232e-07,1.5129293535459962e-06,2.8634493900026938e-06
case_00068,0.34349000188381174,0.41611592042712603,0.121891454956428,0.1185026227326344,-3.052595164184952e-07,2.1461378031549017e-08,2.1806588010620004e-06
case_00069,0.29376095219053094,0.19261469003403178,0.22212594160820073,0.2914984161672365,4.2398747388473424e-07,2.3643276312233197e-06,-1.0617384922883857e-06
case_00070,0.6920727049739495,0.1293275853407703,0.14765506765951839,0.030944642025762133,-3.8646505192374574e-07,2.618056520389367e-06,-2.1731641583446336e-07
case_00071,0.3739471926259224,0.01585334681437651,0.2713853399773298,0.3388141205823714,-5.109188981904302e-07,1.8442256387549369e-06,-5.095312259532056e-07
case_00072,0.259655622116534,0.687250116273569,0.02382144149042705,0.02927282011947008,1.3963404924798395e-06,8.135608920491234e-07,-2.1054259279713968e-06
case_00073,0.5669114117213868,0.14639832655572962,0.044546787654821875,0.2421434740680618,1.1152576505187878e-06,-1.1776742784528681e-06,2.7469159428795543e-06
case_00074,0.5291839781642185,0.08754079713768616,0.351152533325712,0.03212269137238341,1.9996276922150875e-06,2.8976695297213275e-06,-5.741254126814473e-07
case_00075,0.020382825907357828,0.2911202877407542,0.29880306165398085,0.3896938246979072,-1.5002461125630266e-06,-1.3551829968483699e-06,2.251974495827448e-06
case_00076,0.21108342034003522,0.6069537341409165,0.11838817180998548,0.06357467370906295,6.571710585243817e-07,-1.7840584680574137e-06,-1.8638626339160097e-06
case_00077,0.6191073194208978,0.12332195838482679,0.22566952019735786,0.03190120199691742,5.111687123571229e-07,-3.470753172805036e-07,2.8722486382331863e-07
case_00078,0.0040684053086997496,0.5208582173483355,0.28642586297596023,0.18864751436700447,-7.815731347638675e-07,-2.6589565757256692e-06,-2.8562316892543813e-06
case_00079,0.4478096047433296,0.16206053388361694,0.14487078984710314,0.24525907152595042,-8.365474858391434e-08,2.870966788030745e-06,1.5853229030538514e-06
case_00080,0.2303900202025801,0.36254738098819983,0.3121030160174884,0.09495958279173171,-1.1173071401656277e-06,5.306013384985488e-07,4.854833894776703e-07
case_00081,0.5003896658147928,0.216271171075445,0.13054121043516115,0.15279795267460117,-2.1489336142980887e-06,3.417125499850516e-07,7.53537500818516e-07
case_00082,0.2024782651426945,0.10594432532110988,0.16376304516320142,0.5278143643729942,-1.717192736023603e-06,9.347776793983197e-07,-2.6896747046720795e-06
case_00083,0.06399384018600142,0.544595232964631,0.20787235898794743,0.1835385678614201,-2.3669181215927936e-06,-1.785811333676025e-08,-1.7337700187483076e-06
case_00084,0.4964350910162169,0.31216191282596617,0.1649779382439921,0.0264250579138248,1.098417451140745e-06,-2.8076188974327507e-06,-2.554014765878519e-06
case_00085,0.3257090638355767,0.3088257780667676,0.0915691008732277,0.27389605722442817,9.64364358654909e-07,6.738677330423806e-07,-1.2665141051771293e-06
case_00086,0.20175803530259778,0.3797216900315961,0.4001191382178347,0.018401136447971568,2.703638229479237e-06,1.2970432617385837e-06,7.646340460929059e-07
case_00087,0.11467135193271918,0.2401791947585219,0.17087430937182752,0.4742751439369316,1.3780704818834481e-06,-4.995056362556813e-07,3.9711590590425126e-07
case_00088,0.4565803767526968,0.07554049875739274,0.031083208122497985,0.4367959163674125,-2.6877249674632116e-06,1.5437734324271576e-06,6.728989296803417e-07
case_00089,0.005863723531399844,0.19233925273712515,0.6148186546000428,0.1869783691314323,2.3054710435737254e-06,-1.6379922039694764e-06,2.9550762826736606e-07
case_00090,0.1680293434276808,0.3525523437308238,0.20963656575297532,0.26978174708852,2.176050977674355e-06,-1.672340453602896e-06,-1.3618272259448439e-06
case_00091,0.3177225170373638,0.05462248663781029,0.36372917460505877,0.2639258217197669,-3.4007807536380797e-07,-2.0314980738745565e-06,-1.5329550159334487e-06
case_00092,0.5258169732800568,0.17346745100242705,0.25633796627595345,0.04437760944156271,5.151783031675291e-07,-7.680314412650287e-07,-2.1776418987805123e-06
case_00093,0.05814769653050295,0.6733977077080716,0.043285975425039105,0.2251686203363864,2.8564699948351134e-06,2.0820722123345013e-06,2.0944252494209527e-06
case_00094,0.47749820375355456,0.0060335361463379695,0.4316335127948484,0.08483474730525908,1.938261830889977e-07,1.967472372894386e-06,6.988761512474668e-07
case_00095,0.028516573622592266,0.2705739294261505,0.2248213174075342,0.4760881795437231,2.431930970256539e-06,-7.030547522189774e-07,-1.8809339249756414e-06
case_00096,0.38147908002886577,0.4672648224790471,0.09515738011228055,0.05609871737980646,-2.5017674531388815e-06,5.347124158814195e-07,-1.936743721072563e-06
case_00097,0.16890634644770525,0.19997558012062375,0.566404362669528,0.06471371076214298,-1.853688787747903e-06,1.324897898849494e-06,2.2382136091568203e-06
case_00098,0.09212623012788604,0.29662054193088594,0.08252037497561737,0.5287328529656107,-3.5547033935209286e-07,-1.5527593522318623e-06,1.456385182579916e-06
case_00099,0.3681698369186981,0.10553606550620795,0.26174880452362326,0.26454529305147073,5.085408500238283e-07,-1.9911534846315176e-06,9.56394479432228e-07
case_00100,0.022246591918159024,0.47593864169076205,0.1438391239161938,0.3579756424748852,1.8973671111768017e-06,2.8325759592738664e-06,-5.588153547642012e-07
case_00101,0.12251748627838888,0.7174382156789791,0.1565832486694181,0.0034610493732137723,2.9295726908591215e-06,7.053438792577109e-07,-1.4281466143288949e-06
case_00102,0.4040792923910378,0.016404689456603297,0.06591886296552023,0.5135971551868387,-6.668910211553012e-07,2.888494331001983e-06,2.876704578676942e-06
case_00103,0.55149319539785,0.1562096379110586,0.18320406729734226,0.10909309939374916,-2.7155061831594906e-06,-9.734640772066253e-07,1.7834374501368007e-06
case_00104,0.10652482245240781,0.12232247747845064,0.3426754047125317,0.4284772953566099,1.8070290197719487e-06,1.2181901998447893e-06,-1.1893246611823412e-06
case_00105,0.40161605213032825,0.39921782609078305,0.024492695559509163,0.17467342621937973,6.262843144968487e-07,-1.6643781807525737e-06,2.0853887776709685e-06
case_00106,0.016349438522891554,0.21993369517155054,0.16066426263938235,0.6030526036661756,-1.80874284679079e-06,-1.4327989723565225e-06,1.5535916916880892e-06
case_00107,0.20154094598759664,0.05806001636016455,0.07195722746275254,0.6684418101894863,-3.102926027147919e-08,7.141272761774406e-08,-1.21751670073201e-06
case_00108,0.40722087528500744,0.04508571714410634,0.03715483581099243,0.5105385717598937,1.453861473202346e-06,-1.0822912469515725e-06,-4.406828745501621e-07
case_00109,0.02428681424959514,0.5546186260662855,0.3938170942641443,0.027277465419975,1.6224707224118626e-06,-1.994270616956493e-06,-1.8842793276538402e-06
case_00110,0.016614276644114277,0.8087433091576116,0.08786302834755141,0.08677938585072267,-2.289528007428146e-09,-1.422715788064044e-06,-2.3336853337313438e-06
case_00111,0.16289209710007546,0.28602434164608875,0.41499149349270403,0.13609206776113192,-1.1687128192268453e-06,-2.785509633204812e-06,1.3365721970381807e-06
case_00112,0.16402045203750915,0.030298648307669894,0.5216600115291337,0.2840208881256873,2.8424554922309615e-06,1.2265417288649195e-06,-1.3949288558768004e-06
case_00113,0.14852951356259347,0.6371958018733748,0.03171673790236402,0.18255794666166783,9.801756657389571e-07,-4.730005748483028e-08,1.920356194477522e-06
case_00114,0.013786997213989998,0.7635153171238597,0.06997032657803484,0.15272735908411547,-5.505748839222079e-07,-2.4345416015728464e-06,2.973652269086557e-06
case_00115,0.03657078585748687,0.3064188891822131,0.40090655234648354,0.25610377261381667,-1.3172206547720856e-06,-1.969836041229053e-06,-2.540281116422108e-06
case_00116,0.5359179087596925,0.07688363692313795,0.05506419959352451,0.33213425472364516,1.386617898021373e-06,-2.384792771324136e-06,-1.6178924949779845e-07
case_00117,0.035793030380604794,0.4671201366250995,0.0017295218933768139,0.4953573111009189,-1.546899326437394e-06,6.755568496552588e-07,1.8123753558648184e-06
case_00118,0.005536458651812572,0.27830010360530405,0.0941348901503402,0.6220285475925432,-1.969740066157871e-06,-2.4347378183250374e-06,1.7337053792474015e-06
case_00119,0.01500871669369532,0.15801542997238074,0.6820121987905704,0.14496365454335355,1.7900333377242165e-07,1.5256939982112967e-06,1.559982949985811e-06
case_00120,0.26285518144682873,0.31509449093867836,0.1605070324332996,0.2615432951811933,-1.260075644135149e-06,-2.876934484077653e-06,-9.060303881885343e-07
case_00121,0.24599896546409572,0.648532803493336,0.013034215519217648,0.09243401552335065,7.734308695416904e-07,-1.5037452720246474e-06,-2.7688046588968616e-07
case_00122,0.44242905521998377,0.32544144107306433,0.08957215856212344,0.1425573451448285,-2.292367950754599e-06,2.344000055351443e-06,5.698101440488213e-07
case_00123,0.2040290889812875,0.130883318221094,0.3912972576734442,0.27379033512417433,9.296466274039291e-07,1.3111879087334763e-06,2.8436435014395435e-06
case_00124,0.09838811180754155,0.009086274416530307,0.41151622982636044,0.4810093839495677,-1.3002208320137868e-06,-2.5621900024458736e-06,-1.0347163743690429e-06
case_00125,0.2981816435937159,0.19119608950573522,0.09219771174185235,0.41842455515869664,-2.998542393392924e-06,1.9267566269110787e-06,2.538863326301146e-06
case_00126,0.21067872968208048,0.032391029847592526,0.4413684005573974,0.3155618399129295,-2.238383653954942e-06,-4.178927075877127e-08,-1.3838584909170353e-06
case_00127,0.51783036013617,0.22390573967656122,0.16450236263022477,0.09376153755704399,2.601692267010564e-06,2.0806981630129753e-06,2.9344467928422274e-06
case_00128,0.5643642989998147,0.4203727186314445,0.0096756639219978,0.005587318446743306,2.2041278346921468e-06,6.044386467023605e-07,1.0215821209655507e-06
case_00129,0.07088817050775241,0.249673975499071,0.6549740015640091,0.024463852429167543,-1.598345807782579e-06,1.0909981921971524e-06,-2.1893111784869423e-07
case_00130,0.13396943981629,0.07123555953622768,0.5205470903800593,0.274247910267423,1.6702314272729474e-06,2.9610093623742488e-06,6.803425683816293e-07
case_00131,0.5505389556021062,0.19107195142258168,0.16189200835131423,0.09649708462399788,6.514295590438454e-07,-1.605986724455891e-06,-1.3648129857587592e-06
case_00132,0.004873342167181399,0.16800398322542234,0.140767209804165,0.6863554648032313,2.825428268699217e-06,7.436734485683299e-07,-1.3549568549312004e-06
case_00133,0.5240530048944883,0.07459769044044062,0.13483811709375454,0.2665111875713167,-7.583660427956452e-07,-2.3807165965560996e-07,-2.318672736939037e-06
case_00134,0.649774027887637,0.0974443769573737,0.20535563995359768,0.04742595520139156,1.0887636751030273e-06,-2.7632882824638513e-06,-2.3156982137676074e-06
case_00135,0.5719470926787469,0.17302885155971634,0.048204158624850404,0.20681989713668641,-2.6187856654564887e-06,-2.91317615098281e-06,-9.139695511865321e-07
case_00136,0.36463804368813896,0.16795776006817956,0.04565752497255785,0.42174667127112353,-6.225159191015646e-07,-2.284628533092848e-06,1.5771328673782303e-06
case_00137,0.1511389374607412,0.30445588913480076,0.15107709939499742,0.39332807400946074,2.782905967129083e-06,8.945504432312889e-07,6.47827005588975e-07
case_00138,0.18954003789414198,0.1943473912788753,0.4941258389612156,0.1219867318657672,2.338852467007233e-07,4.0297852748035315e-07,-2.3844926380138752e-06
case_00139,0.056458766538065454,0.011459468461423426,0.5521013069512138,0.37998045804929725,-1.2727229799909326e-06,3.2057736698236446e-07,2.113419149855466e-06
case_00140,0.7523833232236143,0.14797323603813373,0.09059043908814193,0.009053001650109874,-2.278374221228359e-06,-2.8088594248304397e-06,6.082057619403984e-07
case_00141,0.1801409494726718,0.37197569612353654,0.2078053592033281,0.24007799520046358,1.2211700410891827e-06,-1.8418202183995786e-07,2.7651334607086784e-06
case_00142,0.46662682398076205,0.08518504156474174,0.14357104450034586,0.3046170899541503,8.691362605783606e-07,2.547736907055171e-06,1.021112804467245e-06
case_00143,0.07833734018019259,0.150925199527768,0.3075828043955289,0.46315465589651056,-7.563677183773524e-07,-6.144487841361202e-07,-1.948950817774914e-06
case_00144,0.04245599313021725,0.6970041893125786,0.18081288415459898,0.07972693340260509,2.705648111195006e-06,7.495348187307379e-07,-1.5729982615306665e-07
case_00145,0.1096429756517715,0.6981999197335532,0.12104357598099821,0.07111352863367709,-2.866783122072898e-06,1.6789120537388615e-06,8.909855852832251e-07
case_00146,0.6712348921000875,0.1836997821282337,0.05277329934376468,0.09229202642791406,-1.1776568902090453e-06,1.7035516748513256e-06,-2.830411793700134e-06
case_00147,0.09287354417928174,0.11167721494676226,0.10130671217012097,0.6941425287038351,2.5264169177974886e-06,1.1568049437162827e-07,-2.910538415071153e-06
case_00148,0.05673620323237107,0.1198729320683985,0.6418370495092323,0.18155381518999827,-1.0743873700833577e-06,2.1477116724140176e-06,-2.2235819964085927e-06
case_00149,0.712487597874403,0.12235817538538102,0.13815847966849015,0.026995747071725803,-1.4864829968689777e-06,-6.517314398175184e-07,-1.4900133897271756e-06
case_00150,0.23151372591989808,0.4085461048802548,0.24373011105070186,0.11621005814914527,2.0532245958748407e-07,2.3321592887087904e-06,-4.2270525887594685e-07
case_00151,0.08988317807813588,0.43183045570071243,0.1615736911577572,0.31671267506339446,1.942810499523228e-06,-1.5586370016267282e-06,-7.535715744126951e-08
case_00152,0.19891808295077787,0.3331732252959534,0.011396708368798827,0.45651198338447,-2.3811194347298336e-06,-1.3187015580565739e-06,-2.171834346372619e-06
case_00153,0.17408749665092546,0.015020192921181274,0.3641904615666143,0.4467018488612788,2.658124257874417e-06,-2.6812762548059935e-06,1.0403494746949852e-06
case_00154,0.018495370148836315,0.09513649164061873,0.4815668350496111,0.4048013031609339,1.7704372870869846e-06,1.7734910192536971e-06,5.768283701792088e-07
case_00155,0.1303945520286345,0.15015986465548836,0.2958366798547179,0.4236089034611592,-1.9124984666906885e-06,-4.976685826037664e-07,-1.2332154069530388e-06
case_00156,0.28154371880922535,0.1345772211622236,0.1815240487434144,0.4023550112851366,1.2720477671889765e-06,-1.6253003165316057e-06,-2.918040699388248e-06
case_00157,0.00974886850518269,0.07589186012589931,0.3259344320047174,0.5884248393642006,-6.902476641746572e-07,-1.609258334300522e-06,-2.5341125078802554e-06
case_00158,0.3283740049197985,0.34795900200549346,0.05193359586745845,0.2717333972072497,-5.862319315420878e-07,2.408399647375399e-06,-6.498313469349635e-07
case_00159,0.4166249275723165,0.15210716521272277,0.17181632167565347,0.2594515855393073,1.6997405546331982e-06,2.0034996027662213e-06,-2.0761538930058967e-06
case_00160,0.01943375688060183,0.3725893017022914,0.22769625601550833,0.38028068540159854,2.7767088478843935e-06,3.2118531214309994e-07,-7.39082363112175e-07
case_00161,0.029146123448199248,0.5054247833488664,0.2057266898200079,0.25970240338292633,-2.2400647629168367e-06,6.966648024943264e-07,7.690956270621306e-07
case_00162,0.5008819603865369,0.22202401895610135,0.02925803397850634,0.2478359866788553,-4.762185787270838e-07,-1.5404657669825383e-07,2.8342456727570115e-07
case_00163,0.2992637440715165,0.46322769089136157,0.19129989109198464,0.0462086739451374,-1.1435035149417863e-07,-6.500007427271469e-07,-1.6129447011756347e-06
case_00164,0.12505686383498305,0.16902755506656553,0.3890108633156628,0.31690471778278867,-7.421290982700146e-07,2.492861287309989e-06,-9.370650524474856e-07
case_00165,0.07400883225905383,0.7239700744923688,0.15649433470610602,0.04552675854247143,-8.2086525770265e-07,-2.2463237788781877e-06,6.841871906919036e-07
case_00166,0.14690373716411864,0.2270256009544402,0.3863496400915834,0.23972102178985788,-2.686387994630421e-06,-4.893192617026325e-07,2.165130168260692e-06
case_00167,0.06875606224033008,0.11174750127334045,0.06339876468580351,0.7560976718005259,1.1132317233757393e-06,-9.326285520727478e-07,1.5192806324332633e-06
case_00168,0.015505335176813673,0.13782219707162233,0.0979432646087508,0.7487292031428131,-3.8271349727972786e-07,-1.109567849310995e-08,3.2040016100048957e-07
case_00169,0.019411827025738203,0.08286648476543473,0.5699784194033981,0.32774326880542903,-1.8312371841364396e-06,-2.542087527289498e-07,-8.262420101010827e-07
case_00170,0.5164840691003832,0.09069151783952932,0.056979442833400874,0.33584497022668663,1.8962010138124104e-06,1.1333718990648868e-07,-8.096923347491672e-07
case_00171,0.5711743735182222,0.1753466961755986,0.18269053042556224,0.07078839988061694,1.815364488909768e-06,-2.1604861366380356e-06,2.276503861586377e-06
case_00172,0.5601506461212126,0.0790439112329431,0.14928245902394707,0.21152298362189725,-8.165023146663721e-08,7.884900907966239e-08,-2.7645385437567216e-06
case_00173,0.34538668456472493,0.13533623843564757,0.05946689084401666,0.45981018615561076,-1.209296033113437e-06,-1.5454871166767348e-06,2.927895866521566e-06
case_00174,0.167369244501321,0.4277825682861408,0.08239853607731247,0.3224496511352259,8.285563547787145e-07,-1.8940119060708526e-06,9.86252465109374e-07
case_00175,0.5557545652931268,0.03888553348990418,0.2998795414087109,0.10548035980825804,-1.2710871853355817e-06,-2.6109946872828526e-06,1.0868261944343435e-06
case_00176,0.009748881048065898,0.6851232125478719,0.05794182716306392,0.2471860792409984,-1.5839524180577278e-06,1.5759153525368455e-06,-2.772012976171547e-06
case_00177,0.07792270540553671,0.30336160831767056,0.3786424341318998,0.240073252144893,1.38308792415796e-06,-4.353484748606403e-07,6.331756493476331e-07
case_00178,0.1500763662579492,0.12487790909997629,0.10094628673723671,0.6240994379048378,-2.758048561674296e-06,7.598620998705499e-07,-9.133163945731814e-08
case_00179,0.27009278315818464,0.5100614646996251,0.020189726573902812,0.19965602556828727,-2.4313891737924363e-06,1.3655600598284602e-06,-2.3653265586355983e-06
case_00180,0.6323073264558227,0.0453796655370535,0.015616396428154992,0.3066966115789689,-2.9592709558584615e-06,1.0758999918813206e-06,-1.3324679353838457e-06
case_00181,0.1926506073196887,0.4157903732718177,0.0339468821954202,0.35761213721307333,-2.082340881147443e-06,-1.769956854619062e-07,2.341886737281908e-06
case_00182,0.09926622881253006,0.07878320326536462,0.07910477080001366,0.7428457971220918,-2.5860599477372433e-06,-6.726088262896211e-07,2.999304951957176e-07
case_00183,0.2500343268338373,0.16918031109118728,0.10156207472622968,0.4792232873487458,2.974814206679512e-06,-7.442405421560179e-07,-5.195005489565477e-07
case_00184,0.15352588161012945,0.5225485124663287,0.17816152805623567,0.14576407786730605,-1.2671401802754625e-06,8.40292781580338e-07,-2.563907064955134e-06
case_00185,0.20331363313711312,0.11738899725467337,0.45063610001438914,0.22866126959382427,-2.1043919239845163e-06,-3.123387034875952e-08,1.2847291644138341e-06
case_00186,0.06897128107274234,0.5999013223416264,0.126417880606225,0.20470951597940615,-1.5540224520244924e-06,2.094793487931064e-06,1.2171049403761956e-06
case_00187,0.37711448364689515,0.15577973333705047,0.019785156805797576,0.4473206262102568,2.6167534292408077e-06,2.248211905960273e-06,6.842616418353812e-07
case_00188,0.3160954570194667,0.13046762030738543,0.04797904926915125,0.5054578734039967,1.20961338146374e-07,-1.976637731960889e-06,6.157587732389526e-08
case_00189,0.17508431203941222,0.13793147768534417,0.40584538175780127,0.28113882851744243,-8.110914221528587e-07,-2.182598090725646e-06,-3.972935867557637e-07
case_00190,0.07524447911635376,0.1708814761506189,0.1306759629053075,0.6231980818277199,2.240348747455316e-06,7.82405556215997e-07,5.596265579279536e-07
case_00191,0.007736061869196446,0.19136590616878085,0.3260253153370558,0.474872716624967,-6.300583767058053e-07,-1.1926455116263235e-06,-1.5996272896295599e-06
case_00192,0.10133791436730227,0.41675427803923976,0.028378246426720592,0.4535295611667375,-9.899485802538254e-07,-2.8885756874094068e-06,2.6475543850658863e-06
case_00193,0.0567983066899313,0.21086590126183216,0.6646916533941978,0.06764413865403868,-1.7563048647015867e-06,2.3318560161777306e-06,5.327671750813773e-07
case_00194,0.06782169510836525,0.333659149440469,0.3315893014712698,0.266929853979896,-7.33219056543531e-07,-1.6385953965371505e-06,-1.1328453338737407e-06
case_00195,0.44167010730450695,0.2918857373557765,0.10821040003221045,0.1582337553075062,-1.099893863898444e-06,2.5756839101148543e-06,-3.0192089468905644e-07
case_00196,0.05036306110787122,0.6008536692024635,0.22005025882023782,0.1287330108694274,1.0638237557888458e-06,1.304606705269522e-06,1.8341087332613539e-06
case_00197,0.13442219689693768,0.6381287978834015,0.036097647498278096,0.19135135772138276,-1.2625037719756373e-06,1.5759209394689059e-06,-2.0303036356182155e-06
case_00198,0.1892445814978876,0.2537626958173155,0.004905950901564803,0.5520867717832323,4.631984785353687e-07,-1.7912310252410375e-06,-1.2429862652384377e-06
case_00199,0.3698573114741328,0.11449338854650659,0.1640125818416182,0.3516367181377425,-2.6046470098081636e-06,-1.5948334462991224e-06,1.0770481364193323e-06
case_00200,0.3855814904149254,0.05195206861685005,0.26953788763420067,0.292928553334024,-1.8522650598209139e-06,1.2760652294439472e-07,-1.1070647611066566e-06
case_00201,0.07657566120125711,0.18502920682057158,0.3779253379949768,0.36046979398319434,-5.555683703319074e-07,-1.967400884100827e-06,1.7550100911687955e-06
case_00202,0.08899993649547572,0.017845402435848718,0.6220527670726909,0.27110189399598467,2.621695523452173e-06,-1.1674098439018064e-06,-2.217279076935835e-06
case_00203,0.02447342928009797,0.46619629433457566,0.3748645280644109,0.13446574832091546,-7.364880857058274e-07,-1.0712251323131732e-06,1.5761170227276514e-06
case_00204,0.47885049140387614,0.27250483792820074,0.03014145287252626,0.21850321779539675,9.844447271990049e-07,-2.0422204004834153e-06,-2.5898897108966027e-06
case_00205,0.638805870659726,0.0018264707897856745,0.15960780655383205,0.1997598519966564,-1.4694766654716112e-06,-1.7689029996290356e-06,-2.9244443239950315e-06
case_00206,0.18593002906476822,0.6087480492540087,0.10254888240072964,0.10277303928049344,-2.23779854416061e-06,1.7313110520495393e-06,2.3893411129929727e-06
case_00207,0.47835632784917104,0.21525989877174365,0.09097917874724669,0.21540459463183861,-2.6487803995196993e-06,-1.9968248727163897e-06,4.880353015937916e-07
case_00208,0.09617141873631892,0.12292521724605074,0.43701453011913777,0.34388883389849256,-1.167519008743492e-06,-2.829255648936465e-06,-8.890386174791311e-07
case_00209,0.5150508488677575,0.09409790833920931,0.181679141884812,0.2091721009082211,-2.054033839218552e-06,7.761296557736305e-07,-1.6044321782168975e-06
case_00210,0.0029004130851780475,0.23968901878727594,0.04314190318050087,0.7142686649470452,-1.955937311903255e-06,2.8558987163547e-06,7.013146995648969e-07
case_00211,0.02455801250531893,0.08170920170081464,0.013612593089962087,0.8801201927039044,1.5645558503217005e-06,-1.0127171122612718e-06,5.401310122042912e-08
case_00212,0.2281104669240777,0.2958923172926793,0.022705538958997365,0.45329167682424554,-2.9049715743307547e-06,-2.288065780822486e-06,2.949586653179911e-06
case_00213,0.07959348421971671,0.771370100521606,0.07756177687397671,0.07147463838470058,3.4686075441260643e-07,4.2232395220518465e-07,2.8992959199224744e-06
case_00214,0.023625384036562887,0.40531291626942473,0.5279363217925953,0.04312537790141718,-7.232317164392111e-07,2.438125266573877e-06,8.10147396849658e-07
case_00215,0.43656504865631796,0.17644755411761484,0.2171593670765403,0.16982803014952672,3.929999945128336e-08,1.7043706789708724e-06,-3.427769633646569e-07
case_00216,0.30092096822083897,0.4819473706543683,0.09913386145447414,0.11799779967031852,3.7698142328761724e-07,7.350952104762961e-07,-5.3154185192027356e-08
case_00217,0.3482291104826581,0.5139830877788958,0.08222960676369392,0.05555819497475223,-1.1197938332563308e-06,-1.1096610203544037e-06,1.0948743974211715e-06
case_00218,0.5889024014820773,0.2996273213204428,0.01466187338386324,0.09680840381361655,-1.2293468388942884e-06,2.5128103965731956e-07,-2.3905527345877116e-06
case_00219,0.4817380769833354,0.4116853494195926,0.010513587440418255,0.09606298615665382,1.400411096009434e-06,-2.452530952174468e-06,-1.029887557135691e-06
case_00220,0.17435841859599813,0.7394824978146729,0.013209768088405249,0.07294931550092372,2.227661928726943e-06,1.07367254568402e-06,-2.548366553978377e-06
case_00221,0.513170863635589,0.06272723065505309,0.33733631990779867,0.08676558580155935,-1.8445102052488328e-06,1.3505761133859051e-06,-2.5598354428984826e-06
case_00222,0.029092104554740265,0.07738806101874862,0.3558309369123654,0.5376888975141458,-2.4142874367891066e-06,2.790189737459513e-06,-1.8249645486345975e-06
case_00223,0.4909789941645591,0.14014109135697614,0.305365304379357,0.06351461009910779,2.386774838352156e-06,-1.4376158475295703e-06,-8.84804724406388e-08
case_00224,0.1277366541022117,0.8345335664150436,0.004818540816507218,0.03291123866623745,-9.006272181156083e-07,-2.889261485741864e-06,1.7086459269767357e-06
case_00225,0.17458093466608132,0.02014404260017013,0.149974620933329,0.6553004018004196,3.0790434397688503e-07,2.736507865629038e-07,-8.70246530047647e-08
case_00226,0.11171586406479331,0.4556665572142027,0.3472212406260619,0.0853963380949422,-8.427411328799793e-07,1.2407430263808868e-06,-9.871403366347814e-07
case_00227,0.15150809982145705,0.24090850666010752,0.45015500907616857,0.1574283844422668,-2.245185981923692e-06,1.742444855297928e-06,-2.5058820579794513e-06
case_00228,0.3396380975009019,0.18278414405453214,0.27872756563960105,0.198850192804965,5.359898696863682e-07,-1.8375664018511364e-06,3.017731390987775e-07
case_00229,0.07107812178684471,0.6042592879115822,0.29390122859622786,0.03076136170534523,1.5084511061777782e-07,-1.429482785777858e-06,-1.3723884811009395e-06
case_00230,0.309455441396333,0.10195457737546465,0.3431750282651596,0.24541495296304264,-1.7820386448528167e-06,7.554555160377792e-08,6.896050675028847e-07
case_00231,0.33169595702016147,0.013612453356660826,0.18742502217997872,0.46726656744319905,-2.88785732086333e-07,-1.0163951401799889e-06,2.86312643479451e-06
case_00232,0.30850592045114306,0.09167438393304377,0.04612829509898506,0.5536914005168281,1.781685024093875e-06,2.16306891952467e-06,-2.332114071134699e-06
case_00233,0.7686710319478185,0.137803249862894,0.034798367202450976,0.058727350986836686,5.42556618647348e-07,-1.5743907756767825e-07,-1.7272476076683606e-06
case_00234,0.005364750560134783,0.7100891096606862,0.036208685855855634,0.24833745392332365,-2.418496037598031e-06,1.7974718646120175e-06,-1.6143277140375163e-07
case_00235,0.08103372856802254,0.20438882331565114,0.2666422231976562,0.4479352249186702,2.8812898337481043e-07,4.837185628941224e-07,2.8116828920755773e-06
case_00236,0.08587742017434637,0.004106890294773174,0.0546786813964562,0.8553370081344243,1.2164297957375214e-06,1.6385408497026722e-06,1.6308586576199733e-06
case_00237,0.4148035671876954,0.18226910992824008,0.18381954558851418,0.2191077772955505,1.756220434684508e-06,-1.003962080818057e-06,2.3893751589769808e-06
case_00238,0.05244357721922571,0.6685818204050021,0.14757852336508134,0.131396079010691,7.747054718056008e-07,1.9884997315818672e-06,-9.977109091452427e-07
case_00239,0.317968804337683,0.02090396149937546,0.07902830497862534,0.5820989291843162,-2.0840510127552974e-06,-1.3525661066938706e-06,2.9522308426715677e-06
case_00240,0.04841180372500002,0.5176812342941715,0.1576790034200014,0.2762279585608271,1.261039599540964e-06,2.765928480197447e-07,-2.383003103615056e-06
case_00241,0.14180038269935583,0.1829670961413032,0.5284705732670528,0.1467619478922884,1.0640510764890985e-06,-1.7159573209567548e-06,-2.682162563723395e-06
case_00242,0.15667559590773206,0.1211866077213207,0.20430249450590207,0.5178353018650453,-2.8534387023562007e-06,-1.4684087024283994e-07,2.1336157623241684e-06
case_00243,0.6953501330689786,0.12758435767811704,0.016702085711635957,0.16036342354126837,-5.295139944585408e-07,-1.0909487429477812e-06,2.5635892212419178e-06
case_00244,0.3543681162934105,0.02069436736422644,0.26885718462343844,0.3560803317189246,-1.0022985182257602e-06,-1.3997794161767146e-06,-2.4564878547233893e-06
case_00245,0.19641271993147408,0.7114575145140292,0.05441910980245977,0.037710655752036894,1.0164723855218608e-06,2.801910108168225e-06,-2.319435439524951e-06
case_00246,0.3498463557656502,0.1837446254790254,0.31315901031713156,0.1532500084381929,-1.7031851261344757e-06,-2.0395553670796163e-06,-2.800955053465357e-06
case_00247,0.059112945864993056,0.35727838170169884,0.33569275301320134,0.24791591942010677,5.452315378455509e-07,1.723955024744372e-06,-2.3729546241436556e-06
case_00248,0.18113594472957897,0.5087378080226491,0.2553551389271513,0.05477110832062054,2.479235770885034e-06,2.9049897568992896e-06,-1.7434810991983148e-06
case_00249,0.400053131820867,0.023612950026475957,0.481548424650059,0.09478549350259806,1.7868142332516466e-06,-2.8805910975595332e-06,2.820459713460006e-06
case_00250,0.046890348685060965,0.17880052209101233,0.47253116254437705,0.3017779666795497,2.5287464172991824e-06,1.1941644842525698e-06,1.0071613334380826e-06
case_00251,0.28381002110950765,0.18575869582465165,0.2036076492407039,0.3268236338251368,2.87103580159614e-06,-1.4825291666622774e-06,1.6713181531112524e-06
case_00252,0.051246751705980136,0.11993117230362198,0.04460514677600841,0.7842169292143895,-2.9359792379630234e-06,-2.7570730540301736e-06,1.656836422149133e-06
case_00253,0.42781336381787166,0.005968112355792621,0.18141407060400916,0.3848044532223267,7.364476582648652e-07,-5.82662526260215e-07,2.1044249867528763e-07
case_00254,0.05619822458522987,0.23681167438421813,0.697244644974248,0.00974545605630417,-5.229636134465612e-07,2.61130686102525e-06,1.7849338662781032e-06
case_00255,0.15579391573126883,0.04599164084812013,0.33653598191538575,0.4616784615052253,2.15912694201073e-06,-2.929409433798014e-06,5.74845194339818e-07
case_00256,0.39162598227277806,0.08719989064457381,0.26868384945523627,0.25249027762741194,-1.48911178794521e-06,5.273141515786902e-07,-1.1127234143798544e-06
case_00257,0.12419488938738119,0.5705310241272495,0.012185454278218747,0.2930886322071504,2.886176934690457e-06,8.37887157194577e-09,3.6666065261040435e-07
case_00258,0.15730325747601046,0.0773213787296016,0.048191497006729686,0.7171838667876582,6.822478172624838e-07,2.2403049862262853e-06,2.010515168070809e-07
case_00259,0.1930121520794555,0.5995579433713836,0.03141069544705177,0.17601920910210928,1.7612244133729856e-06,-2.495989712876246e-06,1.940718322555924e-06
case_00260,0.20920303742189852,0.421980900606253,0.10355414577204605,0.2652619161998025,-2.4864026830633904e-06,1.0891561793199024e-06,2.890363304289954e-06
case_00261,0.6352656557266902,0.2799140109453497,0.07759296506905433,0.007227368258905646,-1.8992526914468099e-06,1.0806581905996636e-06,-5.337446074744166e-07
case_00262,0.41718227343379877,0.004394426998781957,0.4245563235134268,0.15386697605399247,1.5504220382052193e-06,1.0144801011736993e-06,1.580344070648158e-06
case_00263,0.2540064223360581,0.14555686403951473,0.5612300438009774,0.03920666982344979,-2.8680808677640583e-06,2.6540069696102217e-06,-2.4014219757711987e-06
case_00264,0.40343431372663957,0.14228570331705712,0.18093675382125665,0.27334322913504683,1.9012679153626966e-06,1.938525174041283e-06,1.6609882166897316e-06
case_00265,0.2519258654545199,0.5041645397289186,0.17804764291144592,0.06586195190511558,-2.9163058878485316e-06,-2.748163642538964e-06,-7.714985280406071e-07
case_00266,0.24049306760485778,0.5881078295361988,0.11993632056185016,0.05146278229709321,9.427130343676402e-07,-1.735028957729211e-07,-2.76365902266188e-06
case_00267,0.31414489436801085,0.24290391926854965,0.25209010569015405,0.19086108067328547,-8.094364786091647e-07,-6.122816627919993e-07,-8.205229286269367e-07
case_00268,0.008567989801800069,0.003593294925942898,0.8766226831407847,0.11121603213147226,6.689691163151946e-07,-1.1391166734551877e-06,6.638565055298689e-07
case_00269,0.09970879931738935,0.23400560654980396,0.05061621524592383,0.6156693788868828,1.176188441934682e-06,-2.919796490754161e-07,-2.2844989939112007e-06
case_00270,0.359717912663818,0.02183014523593717,0.12598920667399766,0.49246273542624724,-9.451486848821747e-07,-6.948348904441352e-07,2.5442069545815277e-06
case_00271,0.6215377932690272,0.13522800024368756,0.20400391278922866,0.039230293698056494,-2.352225311334987e-06,-4.0599660072800784e-07,-2.5339655203629685e-06
case_00272,0.5312905143936262,0.029605024806891162,0.32128419502782607,0.11782026577165658,-2.5821247935104062e-06,2.8755711936518546e-06,2.5800403189989972e-06
case_00273,0.44327924233041793,0.34050490835649766,0.1242151999667199,0.09200064934636466,5.336161353752869e-07,-2.4682021515025156e-06,1.2428251076141191e-06
case_00274,0.10384444630297025,0.08602120961672921,0.6304589520145347,0.1796753920657657,1.239321224046692e-07,2.5333852190323787e-06,-1.0217269475147783e-06
case_00275,0.007164310182992683,0.41808748092173476,0.2587968528964924,0.31595135599878027,1.453206054726795e-06,-1.1857971917383978e-07,-6.554979137454405e-07
case_00276,0.7139574129370664,0.0258311814768907,0.06822851516413991,0.19198289042190292,5.8413060023622995e-08,7.424534729972469e-07,1.444856188396465e-06
case_00277,0.3604111080655779,0.05057908340760642,0.5120814532176857,0.07692835530912992,-4.6532525981472526e-07,1.9810977997061635e-06,6.088266052872444e-07
case_00278,0.09081798717683245,0.27599169791042516,0.3221669225595094,0.3110233923532331,-6.11476930582615e-07,-8.372218251044668e-07,1.0298575287296716e-06
case_00279,0.03630633164234226,0.7943933035553431,0.11681393999879715,0.05248642480351745,-2.8413185844139953e-06,-4.174685514721986e-07,-6.650123009191198e-07
case_00280,0.24532421908297627,0.34807169985782116,0.22135758369336325,0.1852464973658392,-9.866567898200571e-07,-5.428891183277162e-07,-7.311910915440601e-08
case_00281,0.42916715750608386,0.32257273367113665,0.036675607446039864,0.21158450137673945,2.856120945146965e-06,-7.51613864785441e-07,2.9392049042273603e-06
case_00282,0.17035646519789532,0.10988033388046187,0.46953876495575697,0.2502244359658859,2.2413334573625324e-06,2.5531759298813698e-06,-1.7164627770016938e-06
case_00283,0.05410731314714012,0.15920935266777853,0.7359911078979006,0.05069222628718076,-1.0237315977946941e-06,1.973579347158072e-06,-4.928628808672114e-07
case_00284,0.46005634501644616,0.16504449859924802,0.15817892615906615,0.21672023022523984,5.267724303982329e-07,-2.3460000608221436e-06,-1.2490608745561961e-06
case_00285,0.4209826929646778,0.10334310813714997,0.2740033021970451,0.20167089670112706,2.0837804732129636e-06,-2.351259885137424e-06,1.5906690626390987e-06
case_00286,0.06102535956538107,0.4142856812818786,0.3136543703611873,0.21103458879155304,-3.523539794995879e-07,-4.3278291088205306e-07,1.5840757539943246e-06
case_00287,0.272860203031458,0.2898855547968282,0.17686990900049718,0.2603843331712167,-2.8922528174990943e-06,-2.408055739603146e-06,-1.2453272340156249e-06
case_00288,0.25456222023685815,0.24270146033793277,0.20524085705518355,0.2974954623700256,-2.5529372290881596e-06,7.145585716267181e-07,-2.5116581002021026e-06
case_00289,0.03938808026077824,0.4852506745530097,0.46859103112453143,0.006770214061680603,6.235632809223977e-08,-2.1378503564295967e-06,-2.931403939966776e-06
case_00290,0.47822876894195976,0.03775264420717258,0.1116859336972183,0.3723326531536494,2.8166362540552705e-06,1.3423958380080616e-07,-4.35296800545087e-07
case_00291,0.04009012154095601,0.38968866241979416,0.4082225315912997,0.16199868444795024,1.1592572533132064e-06,-2.9566803179776934e-06,-5.379744339853747e-07
case_00292,0.0012139152351768323,0.0641083931458797,0.18181768451427688,0.7528600071046665,-2.574502851368583e-06,-1.1004219095241197e-06,2.930339271839178e-06
case_00293,0.3242318230904154,0.09762324570121328,0.32616968049415446,0.25197525071421684,-1.8638347452488233e-06,1.063144342035933e-06,-1.811875458139221e-07
case_00294,0.39440188285615047,0.02948635702155893,0.3730281408685359,0.20308361925375468,1.6279388593011005e-06,-9.576635863290952e-08,-1.4614897825474762e-06
case_00295,0.4451884360951822,0.05649641792012779,0.13522801099111825,0.363087134993572,2.0486385597374684e-06,2.869616915993929e-06,2.3473766461888044e-06
case_00296,0.0263079380416997,0.6733706357022157,0.28323386630556807,0.01708755995051663,7.06167517131545e-07,2.2446227763972645e-06,-5.35923020785293e-08
case_00297,0.1414080548957892,0.4864005353869142,0.027537330615039445,0.34465407910225715,8.665390177788998e-07,-8.455753257410926e-07,5.950538112634669e-07
case_00298,0.12150604101128112,0.27766541345649565,0.01340277301119579,0.5874257725210275,-2.829975297699692e-06,-2.7270807511663525e-06,-2.425987737430724e-06
case_00299,0.4209265615434906,0.40233272503966466,0.1605815703584622,0.016159143058382418,1.971181557489051e-06,2.073757800690113e-06,-7.025015560213556e-07
case_00300,0.7641470651382879,0.013397260450900178,0.012039854356214765,0.2104158200545971,1.7296512490249775e-06,2.4674058618880288e-06,2.6653420468427207e-06
case_00301,0.172753581427497,0.37901109677269246,0.2961581219124117,0.15207719988739887,-1.445789135379917e-06,1.9237643605142206e-06,5.370323050525523e-07
case_00302,0.043631790056924996,0.7986228721415796,0.07580728657300913,0.08193805122848628,1.2520603197930422e-06,-2.2323003544814108e-06,-9.329888691452301e-07
case_00303,0.05592257890808158,0.49570575563054337,0.370298822982976,0.07807284247839916,-1.7108723614500115e-06,2.9874908064737266e-06,7.540030837895585e-07
case_00304,0.03295312781374563,0.43733912077126086,0.4073650960918512,0.12234265532314227,-2.7580190336909222e-06,-1.448494670683357e-06,2.462466537468697e-06
case_00305,0.4552479464375874,0.02474262635403083,0.08554890932097566,0.4344605178874062,-1.7931807444577365e-06,1.3452294768502204e-06,-1.3560563971644596e-06
case_00306,0.2278038441375673,0.4259112182738035,0.21213598402480546,0.1341489535638238,-1.928226739474203e-06,2.4482092580143293e-06,3.0700310824046633e-08
case_00307,0.5767917690273666,0.07346404537038208,0.31328375782147366,0.03646042778077776,-9.735120195909166e-07,-1.5858773140157434e-06,2.7521439234705324e-06
case_00308,0.13421943495085004,0.01771355944308124,0.5906167579743157,0.2574502476317531,-4.893030169472514e-07,2.4495513280623965e-06,-1.965623140209284e-06
case_00309,0.31750518140117656,0.10186817738902086,0.5480117898299864,0.03261485137981605,5.123334898624735e-08,-1.1431105248307983e-06,1.317983553580269e-06
case_00310,0.29565326229873273,0.21831874866999326,0.2146647149937424,0.27136327403753174,-1.3947674695003113e-07,2.858479334304337e-06,6.86886049217894e-07
case_00311,0.5528228894815709,0.38006831372423094,0.054337910030595696,0.012770886763602414,-1.3759523642082638e-06,-1.3124398777171526e-06,1.078050786843809e-06
case_00312,0.4415461650978481,0.166913990496493,0.2771906883525776,0.11434915605308116,-2.8249759885555534e-06,2.7206149485470108e-06,-8.926822159945822e-07
case_00313,0.06307847956699295,0.06761026491637061,0.5848770106855372,0.28443424483109936,6.306097334229041e-07,-2.6787320946439505e-06,-1.1167237590974104e-06
case_00314,0.12170671031841071,0.3678810983136047,0.036089545718403636,0.47432264564958093,-6.255310209158739e-07,1.2556320700188778e-06,1.1052580235302224e-06
case_00315,0.10843458627497451,0.5527776122422364,0.12859500999715415,0.21019279148563502,-1.2079670556747017e-06,1.9266680302202226e-07,-1.706740289372728e-06
case_00316,0.00943316258730516,0.0606936618631481,0.40222294097994454,0.5276502345696023,2.2016462569830744e-06,-1.3273753726361626e-07,-4.820715308459694e-07
case_00317,0.20752622612833588,0.07809555709023885,0.2689097699264439,0.4454684468549814,1.4804598467889585e-06,-1.65903411446496e-06,-1.870952123682492e-06
case_00318,0.6524531737016663,0.017427347527053286,0.2823301758416325,0.04778930292964789,2.1465932902346535e-06,1.2335747386589518e-06,-2.9501709532600215e-06
case_00319,0.05095290911915903,0.793750215682417,0.028264347145164206,0.12703252805325985,-3.010323172523417e-08,-1.8551430513221574e-06,2.820344160228417e-06
case_00320,0.3203836889980408,0.40340652224306806,0.2729422336881326,0.003267555070758569,-2.214412487239335e-06,3.1705077590860944e-07,-4.0978212806148554e-07
case_00321,0.23979146121153916,0.4424461572442426,0.05580165018601067,0.2619607313582076,1.1773286167276345e-06,-1.4805278217584952e-06,2.816097686518952e-06
case_00322,0.0442145783681284,0.10715892660508083,0.662181844293639,0.1864446507331517,-1.7635573203769486e-06,2.7337282786881364e-06,-2.1580588813930436e-06
case_00323,0.2181038125901507,0.3042744714859123,0.4195144532903632,0.05810726263357377,-3.5262198544969936e-07,-2.828212836986083e-06,5.242006767449163e-07
case_00324,0.07241300307251755,0.04363273876905529,0.39970470533531477,0.48424955282311244,-2.609995266306669e-06,-1.8016303193325807e-06,-1.7941558032525626e-06
case_00325,0.008873554762072546,0.7609028342246335,0.014755410779068048,0.21546820023422605,1.9518504145378945e-06,-1.5461363616753137e-06,1.7404447617796485e-06
case_00326,0.20067202041212606,0.3328231773832942,0.20350459133597934,0.26300021086860026,-2.2443561537149963e-06,-5.155930453931015e-07,1.7022179325658517e-06
case_00327,0.09346660847273028,0.38011513443648864,0.018821773176143797,0.5075964839146372,2.418585042295858e-06,-1.603618548779679e-06,-2.3243571057641295e-06
case_00328,0.19220160656313495,0.41191971249485076,0.14589160020799885,0.2499870807340154,2.1853836135693425e-06,-5.190545838728843e-08,2.472386717258335e-06
case_00329,0.3381828463560628,0.5951193144586847,0.0385309214019208,0.02816691778333179,-2.1250341336452367e-07,2.2347931395512338e-06,-1.8322221167806522e-06
case_00330,0.10286841371102438,0.0629950708647535,0.7444508879498655,0.0896856274743567,1.466209225823944e-06,1.2723805284550248e-06,6.778640495361619e-07
case_00331,0.6317203632152572,0.06968801523481952,0.034101967331176576,0.26448965421874693,7.166704429089197e-07,4.797718832106662e-07,2.9138017205262246e-06
case_00332,0.2795751069942081,0.17932720138618122,0.21078300733325875,0.330314684286352,1.818453854026469e-06,-2.465980932103922e-06,2.2943792085981827e-06
case_00333,0.024469340828975856,0.5291468921218553,0.3472503583746817,0.09913340867448728,-4.0916939528452756e-07,1.163952650335654e-06,2.7393835713670145e-06
case_00334,0.15153420202513077,0.776250194594692,0.05101983243736896,0.021195770942807987,1.7148509054660998e-06,-2.0015142941343612e-06,-9.444073726912834e-07
case_00335,0.07019594215334843,0.14630426359297205,0.4775124800460389,0.3059873142076405,-2.2525909760911235e-07,1.718204315770188e-06,-2.3665461466832198e-06
case_00336,0.48483225310415123,0.19794302791289353,0.1516236275508727,0.1656010914320825,2.6457947270567632e-06,-1.499659448939081e-06,-1.8699187602632995e-06
case_00337,0.6005285327993172,0.005594611666014614,0.27574751197660136,0.11812934355806685,-8.176739504911457e-08,-4.977076300745947e-07,2.9693704596829512e-09
case_00338,0.12542856061719385,0.28066878074879975,0.14486914350106528,0.44903351513294115,-2.2428436839762285e-07,-8.971787860924325e-07,1.759378069639933e-06
case_00339,0.5662544261268904,0.13427995738805684,0.07946193015417367,0.2200036863308792,1.7104311693810764e-06,2.152883488049141e-06,-2.0990781348967487e-06
case_00340,0.5241221524693246,0.050927894296824976,0.2099931185291675,0.21495683470468305,1.929466150565028e-06,-2.240733247719551e-06,9.583891935645425e-07
case_00341,0.2581245287196379,0.027565804977216227,0.24585952359393745,0.4684501427092084,3.2693468592702476e-07,3.938692943087316e-07,-1.058534375762929e-06
case_00342,0.046900341133472793,0.06422058705856526,0.8416049540351265,0.047274117772835515,-1.9212131190295477e-06,-2.1476303433416266e-06,-9.527875656470791e-07
case_00343,0.3904641562450397,0.13736048781675628,0.057552016893938865,0.4146233390442651,-1.9345061425452295e-07,1.2287750167931201e-06,9.715063809475578e-07
case_00344,0.22184908567154296,0.27225135458369965,0.1675488658237642,0.3383506939209931,2.8084350174580707e-06,2.430468766766887e-06,-1.9800348280067884e-07
case_00345,0.04003192840519826,0.11121738104465728,0.7818087691197844,0.06694192143036011,1.517917158235111e-06,-3.923540767964796e-07,1.8721997581559631e-06
case_00346,0.3462912563909464,0.12738255061789788,0.4808991891243151,0.04542700386684055,1.866975623274793e-06,-7.144643841014475e-08,-2.064488942023038e-06
case_00347,0.78648566621142,0.1358699969913994,0.060493464009953694,0.017150872787226695,-2.8030470070845593e-06,2.5645370188965734e-06,1.739689618602231e-06
case_00348,0.060091108333543586,0.23692333140704103,0.13275006668079356,0.5702354935786218,-1.9284322419504053e-07,1.2594833189614267e-07,-2.614588511655475e-06
case_00349,0.1856296976538605,0.09417514825030732,0.31617896651904964,0.4040161875767826,8.797268019453323e-07,-7.440937170263446e-08,-1.83567671852637e-06
case_00350,0.10522712552048477,0.10562629141470899,0.021509657611943046,0.7676369254528631,1.980196101768448e-06,4.699746162258249e-07,9.368982870189927e-07
case_00351,0.20838879750137435,0.12304827963785288,0.3553862285503401,0.3131766943104327,-2.7043580785033714e-06,1.1353784181777113e-06,2.1295539390664275e-06
case_00352,0.27032987970760264,0.6224494313479202,0.070772728237009,0.036447960707467995,2.1146333138512385e-06,-2.358699749477812e-06,-1.4839222335639058e-06
case_00353,0.08083420828834469,0.015114538251855053,0.19478154825034671,0.7092697052094535,2.904056204514701e-07,1.926663166449096e-06,-1.0368503650265223e-06
case_00354,0.011506174170512628,0.03733315461935143,0.17252582084156212,0.7786348503685738,-1.8161161765436404e-06,-3.8696983528044436e-07,2.2272448972043985e-07
case_00355,0.29441513633596866,0.5482899346084807,0.03289614317256649,0.12439878588298399,-1.0964687013018e-06,-2.5659089406150866e-06,-1.7305631610641861e-06
case_00356,0.4029409116976579,0.31338791526559534,0.0004624723885364028,0.2832087006482105,-1.3084226894906354e-06,1.7170960151892785e-06,1.8669375695250343e-06
case_00357,0.23296898579262895,0.4627185268811063,0.13863084388179125,0.16568164344447356,1.851542057308549e-07,-7.383001698823676e-07,1.6418198700345644e-06
case_00358,0.3439453040028494,0.5633655915687905,0.07709208000063991,0.015597024427720095,-2.689885920533209e-06,-2.3977950294296763e-06,-2.1282497282053104e-06
case_00359,0.12551992486932792,0.41594598915849906,0.07688823501762787,0.38164585095454506,-2.0487830490004587e-06,8.026742372595034e-07,-2.170216091002071e-07
case_00360,0.6603952504056072,0.01858620539857609,0.21046270342019713,0.11055584077561963,1.8761582602546949e-06,2.2807881206018503e-06,1.6489665999277284e-06
case_00361,0.38801170528628803,0.03734144517568288,0.2259261285111329,0.34872072102689616,-2.2043760555191335e-06,2.326521056483918e-06,-9.760228133795111e-07
case_00362,0.5082870810317225,0.20195572866235242,0.1207748211297275,0.16898236917619747,-1.5996223832512381e-06,2.7459808488538393e-06,7.986409363063902e-07
case_00363,0.3640634419337089,0.15147665992259277,0.005529187619066801,0.4789307105246316,-2.797763663750559e-07,2.2062327586001277e-06,-2.6987212712545638e-06
case_00364,0.3234024804942405,0.31204966747365503,0.06716907157147739,0.29737878046062727,1.0272532867998266e-07,-2.987154483927149e-06,6.521325631759077e-07
case_00365,0.18277237392803325,0.38454586212946945,0.04114804905965341,0.391533714882844,1.5816628776849519e-06,-7.185530015196588e-07,-2.084082119996358e-06
case_00366,0.6310071685594727,0.004189884103540687,0.32050652102216304,0.04429642631482341,-3.160054400028734e-07,1.9112554794330183e-06,1.983499950686708e-06
case_00367,0.35587860931337506,0.26525742914949063,0.14559390776918862,0.23327005376794568,1.7391877262132329e-06,-8.024819640091549e-07,-8.67303218517129e-07
case_00368,0.51124903582924,0.1255707345944127,0.09605686189310042,0.2671233676832468,7.100778422727447e-07,6.092910382782369e-07,-1.3106768236308258e-06
case_00369,0.3137838400947343,0.27330678767559485,0.3041023545889122,0.10880701764075855,-2.321401563457065e-06,6.379016842471922e-07,2.0453338602689102e-06
case_00370,0.6491899049581135,0.04882576667809552,0.29978255121002584,0.0022017771537650352,-2.0620113696429687e-06,-8.098481757670618e-07,-2.699135861569139e-06
case_00371,0.1543594640838663,0.1795355597973212,0.1984288197637489,0.4676761563550635,-3.777976473013752e-07,2.4268435636877255e-06,-6.203472039939314e-07
case_00372,0.26943240808272634,0.32613525251547626,0.14854175303359615,0.2558905863682012,-6.186636414657625e-07,1.9370072316705663e-08,-7.799787565498118e-07
case_00373,0.10915314185709926,0.032180992016391824,0.39158776765524345,0.46707809847126536,1.4612656178237675e-06,-2.112947643749951e-07,-1.291197754502695e-06
case_00374,0.23817736043206442,0.15348892429251693,0.11774982012673253,0.49058389514868617,4.844228387841111e-07,2.9850824739713755e-06,2.4705259920088622e-06
case_00375,0.40051389853169755,0.3569074868534281,0.014211947838692786,0.2283666667761814,-6.71201513986504e-07,-3.8997815564299894e-08,1.5055703611003336e-06
case_00376,0.1827271507280319,0.19438335988196845,0.33153645160904105,0.2913530377809586,-1.9754382992976862e-06,-1.929610488428514e-06,-2.6164610148483675e-06
case_00377,0.17576311071400752,0.2717726710501324,0.31474371331119316,0.23772050492466693,-1.6389773860470292e-06,7.841653718062821e-08,1.288124696609725e-06
case_00378,0.9273469557647243,0.005481872975016602,0.06490952026500392,0.0022616509952553695,4.530061108143541e-07,1.8841004131195799e-06,1.6379479877276383e-07
case_00379,0.1675581636411721,0.3669067217807469,0.04484190297947656,0.42069321159860457,-4.593671706012451e-07,1.6611619613896884e-06,2.4052073664094753e-06
case_00380,0.01868284155065461,0.8189472175661016,0.13022781013295548,0.032142130750288225,8.95650531640323e-08,1.7314905906508256e-06,-1.1223262959098494e-06
case_00381,0.3996939537717885,0.1782890646817237,0.20144129962607293,0.22057568192041482,-1.975935388186598e-06,1.2481427039874705e-06,4.449719976574974e-07
case_00382,0.4373522641305574,0.20854524651219872,0.10039817165255525,0.2537043177046885,9.774375140673947e-07,-1.4746930255998707e-06,4.531648445915993e-09
case_00383,0.5618744824065393,0.1420230129653143,0.23810903154646326,0.05799347308168299,2.1152324451358026e-06,2.172504515041389e-06,-6.263456263436569e-08
case_00384,0.0873570510911684,0.4995823598174474,0.08751134653062653,0.32554924256075773,-1.4523629592785966e-06,2.3606607922575905e-06,-2.6336760289672444e-07
case_00385,0.4974515361654463,0.04554333108447594,0.3375486207607759,0.11945651198930186,-5.0914645009040686e-08,-1.8350838202887057e-06,-1.7662231468063123e-06
case_00386,0.5152650397248053,0.10333383937778215,0.256448257306057,0.12495286359135563,2.853163974125411e-06,-2.2172661806916368e-06,1.534259534954357e-06
case_00387,0.008891337510579364,0.20089395844266264,0.605843626348058,0.18437107769869987,-1.000549556695634e-06,2.8536298115346725e-06,-2.9198380356426807e-07
case_00388,0.39196217385327004,0.4940936645018604,0.059328018596321024,0.05461614304854858,5.702780695425672e-07,2.209943781902207e-06,2.751097650015634e-06
case_00389,0.16835253782911694,0.09439622857357509,0.3266232664589783,0.41062796713832966,-2.458825798798534e-06,2.35941688325968e-06,-1.4351494368433422e-06
case_00390,0.17139236251943418,0.10625151971920987,0.5960637062360297,0.1262924115253262,6.360900148766589e-07,2.3182583077463707e-06,1.0964630377622467e-06
case_00391,0.4966341358530942,0.15828427787312666,0.3162466138150655,0.02883497245871371,-2.4622093601722924e-06,2.5012094420237026e-07,2.644302477834651e-06
case_00392,0.3695152295141126,0.22714379037915397,0.3338286553191076,0.06951232478762591,2.7554126119429323e-06,8.784104199947984e-07,9.807499380965553e-07
case_00393,0.3641588085096418,0.5417684143516915,0.06663100497380285,0.027441772164863813,1.2939759124338686e-06,2.7217711280184977e-07,2.227637445704368e-06
case_00394,0.008616217978234784,0.36994879792042185,0.33646796295922254,0.28496702114212064,1.7289587288142385e-06,-2.6927619048580255e-06,1.9648857585420365e-06
case_00395,0.11234631062625186,0.21106501564560673,0.38424543861407917,0.29234323511406235,1.2246261646298212e-06,1.473018512116636e-06,-8.39293707065977e-07
case_00396,0.7039436923058058,0.02344143334261053,0.18983014679249696,0.0827847275590868,5.383742164587944e-07,3.199220001528169e-08,6.007436396369794e-07
case_00397,0.07220050777017663,0.16332314088398064,0.15229860374026785,0.6121777476055749,-3.005233134869678e-07,8.862544487413785e-07,-2.0624319611318662e-06
case_00398,0.057266967598505275,0.045814720405362754,0.5369977792483489,0.3599205327477831,2.1502402785663745e-06,1.5838829853211684e-08,2.1315529617359725e-07
case_00399,0.11699325732268344,0.03021369850887045,0.03269656248485119,0.820096481683595,2.7410140052583785e-06,-4.9132066065264465e-08,-1.6174681691139768e-06
case_00400,0.16397026242413687,0.3006735457880968,0.19783959145926086,0.3375166003285053,-5.7829625755121295e-09,-1.9692653431333993e-06,1.4624208897146735e-06
case_00401,0.028952026318898105,0.2945495373199307,0.028169586206751748,0.6483288501544194,2.589210294931572e-06,-1.3277177091531063e-06,1.6835053135274747e-07
case_00402,0.06313967618962442,0.18419198965311395,0.5030643661325577,0.24960396802470394,4.999974599311049e-07,-2.0468838483362654e-06,-5.326358242100372e-07
case_00403,0.2856291532438762,0.14708708045120916,0.15193127826181657,0.4153524880430981,2.3030512137859915e-07,-1.8260022262479454e-06,-1.3872174229981346e-06
case_00404,0.6154030855165691,0.12982609450438687,0.09770247377824044,0.15706834620080354,-2.731036022678599e-07,2.8378642825218293e-06,2.992190891047721e-06
case_00405,0.13386747177784247,0.013266873111488305,0.17671832285319963,0.6761473322574696,-1.744273430819281e-06,-2.0813193253668097e-06,-2.569736874690404e-06
case_00406,0.08181652128790996,0.4971662566785773,0.0952187067246643,0.32579851530884846,-2.9776820350916448e-06,-1.3843774541687542e-06,-2.73863591656548e-06
case_00407,0.040053031877747045,0.23577406678631263,0.5559419224370379,0.16823097889890248,-1.5509626388636325e-06,5.435379464315097e-07,-1.6964555970368128e-06
case_00408,0.19638455930535262,0.2850393911906176,0.4705447832172901,0.0480312662867396,5.8339029621390944e-08,6.61071457419851e-07,2.826434751766918e-06
case_00409,0.06228585667255918,0.020208362622034584,0.597659254057329,0.3198465266480771,-7.202402864414847e-07,-2.0761552215370255e-06,2.8754290099199067e-06
case_00410,0.17911523523781306,0.42570698697411397,0.16977955999105915,0.22539821779701383,-3.090886319841973e-07,1.7623045547112742e-06,9.295664086328154e-07
case_00411,0.027563595153021477,0.4156291400867825,0.04034555288632305,0.5164617118738729,2.8838893173842977e-06,1.71121720747695e-06,2.280640003238428e-06
case_00412,0.482860085630728,0.3909930294159455,0.011673915125298896,0.11447296982802768,-8.983657759840344e-07,-1.5760937747766535e-06,-1.7162296149552277e-06
case_00413,0.08463493648026071,0.12377015619094471,0.025425851417639294,0.7661690559111554,-2.8690236383935285e-07,-1.2680021839472373e-06,2.832252565059742e-06
case_00414,0.3554781363130263,0.16060443879898945,0.22280673904543163,0.2611106858425526,-2.1989066918830827e-06,2.6279271927569817e-06,-2.143290899162612e-06
case_00415,0.18930919001815616,0.14954681226683433,0.5194180314934931,0.1417259662215166,-2.7122536053780744e-06,1.954028675876868e-06,-2.3932488709100503e-06
case_00416,0.5020690587854394,0.1974475201681597,0.024215510065575246,0.2762679109808257,1.652457087554968e-06,1.1867821983751427e-06,-2.3267307645163626e-06
case_00417,0.028071831681839507,0.38591481435528313,0.10869997215395116,0.47731338180892624,4.2409905043187165e-07,-2.506600670936397e-06,4.3876753963538824e-07
case_00418,0.36238280575830245,0.29334265219315453,0.27925802580416415,0.06501651624437885,1.5642288362633698e-06,-4.904155145845456e-07,1.6858464043083143e-06
case_00419,0.04265874906559889,0.2607637822981391,0.0963497347632127,0.6002277338730494,-2.10082320668069e-06,3.5581123246096224e-07,-7.999969327522015e-07
case_00420,0.061641920452386624,0.538871488517846,0.14864207422794484,0.2508445168018224,4.3097262709614555e-07,-1.8755322720973385e-06,2.8673759267167593e-06
case_00421,0.02656765535274582,0.37012544850416135,0.47854925446348173,0.12475764167961104,-1.4781451539517468e-06,-3.106405073506527e-07,-3.934791712900233e-07
case_00422,0.2850403225331445,0.4426347274320378,0.058771739410878085,0.21355321062393964,-1.6316290985998804e-06,6.0615526493214e-07,-2.0973086953607023e-06
case_00423,0.4253933908544168,0.13237058682903918,0.38317995403927374,0.059056068277270383,-2.9308439156820887e-06,-1.0357399193076048e-06,-2.0419951088317988e-07
case_00424,0.006126070967135323,0.03401858648020571,0.7730427569949523,0.1868125855577067,-2.2179556585855688e-06,1.685668913702923e-06,1.074222992534639e-06
case_00425,0.6722916247477511,0.11280817512847875,0.07441398939617644,0.14048621072759385,-1.144391331001828e-06,2.042697489832833e-06,1.993354683026272e-06
case_00426,0.29568798509921695,0.05703598828065905,0.5229658920260846,0.12431013459403947,-2.298727436454366e-06,-1.0583431833955755e-06,-2.473902602604425e-07
case_00427,0.4304906532998777,0.4678591706946213,0.07345016962173659,0.02820000638376437,2.915150642465625e-06,2.0319429269547426e-06,5.616409562950048e-07
case_00428,0.20328747672803688,0.08249089285722383,0.008027025977738706,0.7061946044370007,-1.148204108856296e-06,-2.37854060338191e-06,-1.39593172704688e-06
case_00429,0.0105606641845941,0.21071953867375628,0.7302152588383843,0.04850453830326533,-2.218056319786031e-06,2.0263745917359383e-06,8.754991584330838e-07
case_00430,0.2043879823692883,0.17237488385655558,0.4813458501675723,0.14189128360658368,-1.8055061230322535e-06,-2.0834974099943005e-06,2.9158316637020627e-06
case_00431,0.15365793763206795,0.008388140716647606,0.09288123641861079,0.7450726852326737,5.262193700488589e-07,-2.502437084941644e-06,-2.705678564473237e-06
case_00432,0.4225252976076283,0.23994210672193708,0.09186074524800016,0.24567185042243453,-2.6157388568112692e-06,8.506524266460669e-07,2.3191840242310065e-06
case_00433,0.2067810073272264,0.15334878781934677,0.038685483735159336,0.6011847211182674,2.1746047808469418e-06,-1.6837580546823405e-07,3.736950166051369e-07
case_00434,0.33062258224857816,0.11977884312005187,0.2537228043288814,0.29587577030248874,2.7689980754228837e-06,2.4473436024769963e-06,-1.4874080426262005e-06
case_00435,0.3855910858487644,0.29020842375068856,0.32176691825223547,0.0024335721483114726,-1.519515475995715e-06,-8.208648234549046e-07,2.7293382600555473e-06
case_00436,0.35522523677505624,0.43338187120306554,0.012792459088246621,0.19860043293363164,-2.994283884548437e-07,-1.277086419374228e-06,-9.987418164660624e-08
case_00437,0.5526489669472777,0.05705837243169911,0.2965305500715013,0.09376211054952191,-2.867193293823018e-06,4.4094368651902e-09,-1.0098584899596861e-06
case_00438,0.002166112944036572,0.04902800890757794,0.6615582234874071,0.28724765466097835,8.442613483633294e-07,-2.643228853880322e-07,-1.911014230374953e-06
case_00439,0.6701209553231353,0.13976307051053247,0.024278278032867345,0.16583769613346486,-5.164436516844669e-07,-9.334317226968704e-07,-1.5332867384600276e-06
case_00440,0.1870327556225368,0.5742831950898535,0.03187016167013941,0.20681388761747027,-1.3796492033906657e-06,1.1624477921899715e-06,1.997094249548655e-06
case_00441,0.06404679540744301,0.15464981175275075,0.5266945859941048,0.2546088068457015,-1.7589773363003492e-06,1.5573710034834496e-06,6.864600559029949e-07
case_00442,0.1508348659199589,0.16050889805033083,0.1968239393831619,0.4918322966465484,9.241384659525625e-07,2.1179038141808197e-06,2.479473716929896e-06
case_00443,0.30667177510678073,0.4281815364161688,0.21295171763306556,0.05219497084398477,-5.026978138061135e-07,2.8371396282620573e-06,-1.608189287053285e-06
case_00444,0.3008708840556895,0.14861643556056867,0.07589762230420732,0.4746150580795345,-1.922044265820528e-06,-1.4000628472049732e-06,-2.273168556906591e-06
case_00445,0.009814726790202188,0.5811977375032176,0.15502681848215938,0.2539607172244208,1.1346544889209446e-06,1.2965608949397689e-06,-2.96347481414646e-06
case_00446,0.20334361806360166,0.4257760020296451,0.191170631260056,0.1797097486466973,3.904336982201618e-07,-6.344505870255288e-07,4.71722256959626e-08
case_00447,0.029995239491775526,0.317731985462182,0.07075901222536657,0.5815137628206759,2.1520323295769774e-06,1.0624918317066484e-06,2.989841582291929e-06
case_00448,0.3608941858339771,0.5731650741895584,0.02139849245183397,0.04454224752463032,-2.2951446067410425e-06,-1.4410985790467788e-07,1.1697916129118334e-06
case_00449,0.8867432481353038,0.05265506566573492,0.05202761803439086,0.008574068164570417,1.7139996116667373e-06,2.96263861660759e-06,-1.1496324482091237e-06
case_00450,0.5960015191893412,0.254279674226633,0.08284971565570319,0.06686909092832262,1.041100720903554e-06,1.3734128147444991e-06,2.2611514981570302e-06
case_00451,0.13413752954345906,0.46448575367592415,0.3375360540077258,0.06384066277289094,-2.309934379031413e-06,2.7149478026059475e-06,1.6903335959277583e-06
case_00452,0.06783251301838517,0.036729318579111686,0.38286208855489723,0.5125760798476059,1.1689243792303247e-06,2.0098172968871144e-06,-2.9075090035407647e-06
case_00453,0.07993425783103442,0.00549444114364642,0.022256863701468368,0.8923144373238509,-3.5071626672101754e-07,2.417406066980227e-06,1.901162883246135e-06
case_00454,0.10684317107731506,0.4473720425858472,0.2989791977853496,0.14680558855148804,2.6699087133350585e-06,1.8865151832880498e-06,-1.1968394565690241e-06
case_00455,0.08211714695168486,0.046147640787927525,0.3403909934666753,0.5313442187937124,-2.150331896292604e-06,-2.450452177445316e-07,-2.1019592124983936e-06
case_00456,0.19524585561200827,0.14288874830406637,0.008103748394552194,0.6537616476893732,8.570003448944278e-07,-1.4892692799186938e-06,-1.6420149615775527e-06
case_00457,0.23639845499424922,0.051094298414991184,0.5766866917193063,0.13582055487145314,-7.081197272223243e-07,-7.780789472968666e-07,-1.8852117374916593e-07
case_00458,0.17498966635051988,0.2762483325670559,0.3346539128595609,0.21410808822286323,2.740888023545267e-06,-2.8785826041602974e-06,-4.507924375919337e-07
case_00459,0.03988679683756588,0.12014543326164742,0.7659425425728971,0.07402522732788959,-1.0201506282583413e-06,1.4395900478800297e-07,-1.2666762037546395e-06
case_00460,0.18188672249782992,0.221074299809595,0.2261490922489812,0.3708898854435937,2.773115456950801e-06,3.034680162245211e-08,-1.966690066757804e-06
case_00461,0.8209991061820948,0.07887587773578737,0.03710805348668805,0.0630169625954297,2.4089151066044947e-06,1.5150278898292933e-07,1.5733847378530156e-06
case_00462,0.4154268287934447,0.19781662615815546,0.06417918574300249,0.3225773593053973,-1.377700588136062e-06,2.844187349832383e-06,2.9406587024095023e-06
case_00463,0.2969933191667466,0.28169254873979244,0.37762448988490804,0.04368964220855289,1.821250660958566e-06,2.4687240207290354e-06,1.666749482518143e-06
case_00464,0.27193745363248223,0.11931449600351572,0.35670507142926206,0.2520429789347399,2.9736252108210354e-06,-2.029723330019352e-06,-1.2243781939707528e-06
case_00465,0.42217726315676357,0.30085250530010893,0.055042563671925365,0.22192766787120208,-1.484021986972306e-06,-7.867048706646647e-07,-1.5311462315271998e-06
case_00466,0.5824549249440805,0.3862838929486811,0.006152751241872395,0.025108430865365933,-3.79336984060082e-07,-4.562629232204285e-07,-1.6940047436043707e-06
case_00467,0.041808191560833076,0.3831682736002503,0.503934789199394,0.07108874563952272,1.2108441940055798e-07,-8.368024928901134e-07,-2.1798295530657825e-06
case_00468,0.15182216476317253,0.39563980528061654,0.28424347562182317,0.1682945543343879,-1.230413185176814e-06,1.7909757816234785e-06,3.0798329815380724e-07
case_00469,0.32009187804313227,0.25465764183662504,0.12667390236078982,0.29857657775945295,-2.9084109621238215e-06,1.442260192055214e-07,6.324022317200651e-07
case_00470,0.20567413991032418,0.36395045676564275,0.1781606740282793,0.2522147292957538,-1.67922453481484e-06,4.325989018297501e-07,1.233015963978824e-06
case_00471,0.1606024056732124,0.569970274997052,0.008631784200233012,0.2607955351295027,-1.3083786939494493e-06,2.1180813539275533e-06,1.0812802256020082e-06
case_00472,0.19293494183910825,0.7151206198187364,0.015545321338511605,0.07639911700364377,-3.3840179209087705e-07,1.8355689204921522e-06,-1.2460001322997053e-06
case_00473,0.4056284049322366,0.057501033841635185,0.20406790746470183,0.3328026537614263,-1.973385129519589e-06,-2.2067308630782017e-06,-1.0181339676189207e-06
case_00474,0.30519211482468966,0.06641806830356252,0.14002068666784998,0.4883691302038979,2.2395261401500357e-06,1.283487504501806e-06,1.0890872126540272e-06
case_00475,0.35430085083738483,0.002299314775006217,0.6276350452008755,0.015764789186733477,1.2294667963880166e-06,-3.873832265877869e-07,-9.033141552982302e-07
case_00476,0.26201929439048416,0.04329105463026358,0.6069070583270332,0.08778259265221898,-2.4887971346420283e-06,-1.2321065816249973e-06,-1.7242608622841218e-06
case_00477,0.13133166863435775,0.0534775026354508,0.12098353577374404,0.6942072929564475,9.005547068395885e-07,-2.699887074586882e-06,-7.539830778195626e-07
case_00478,0.7060528206053303,0.05782565701969707,0.07494066486160517,0.16118085751336755,9.219388584337221e-07,-7.650263792729415e-08,-1.3674950545321341e-06
case_00479,0.5299103659414715,0.21921584275256692,0.12113501749703601,0.12973877380892562,2.7373270418617664e-06,-8.673799156528117e-07,-2.4701236726885334e-06
case_00480,0.45775883917270654,0.0012405201057689992,0.3719512624122854,0.1690493783092391,-2.9818747718630324e-06,-1.4909217619415951e-06,1.9808334136599214e-06
case_00481,0.49072049128674056,0.030297580568866053,0.2754100307607763,0.20357189738361695,-1.5124053011651568e-06,1.1680303775817457e-06,2.1186683349422177e-06
case_00482,0.3689019061288195,0.024058852897776175,0.31125222661131685,0.2957870143620875,2.5667488762518925e-06,1.616912323893522e-06,-1.6814981989987234e-06
case_00483,0.18234073959136393,0.20507923893569707,0.2501741330073139,0.36240588846562494,2.592803492389698e-06,-1.5312628858234511e-06,-2.6113668028487894e-06
case_00484,0.1112139082851237,0.6165192268994258,0.24390711838415763,0.028359746431292805,1.3235185162238242e-06,-2.7033153799239164e-06,1.432964624107077e-06
case_00485,0.01865816622250645,0.12580719916762928,0.47519413890621004,0.3803404957036542,1.5945799262852402e-06,2.09251620339141e-06,-1.730828244819518e-06
case_00486,0.5142415403266744,0.2409923671175974,0.1919789706209132,0.05278712193481504,-2.4511022524221174e-06,-2.9402415527741803e-06,-6.393870633788384e-07
case_00487,0.3038838961872849,0.4348324753534895,0.07087388797708963,0.19040974048213594,8.325500866940163e-08,2.6226749635288317e-06,-2.6151884865757007e-06
case_00488,0.08032185747828646,0.11720030575344192,0.5642284415995542,0.23824939516871751,-1.6105020522660036e-06,7.657192438962356e-07,-1.642382491449389e-06
case_00489,0.24929028205502854,0.13251544510415403,0.2449980999079745,0.37319617293284285,-1.9126917383182966e-06,-1.0689201887920783e-06,1.7574136699778147e-06
case_00490,0.04241983068582355,0.17765968503276144,0.6168227343398435,0.1630977499415716,1.8618197947399952e-06,-1.5211325425395829e-06,1.8263786814912114e-06
case_00491,0.3552163657072652,0.371060231366192,0.0853878663739826,0.1883355365525602,-2.1897711799167153e-06,-2.945966014413149e-06,-1.7574910506737377e-06
case_00492,0.18177974954436557,0.011849506135766505,0.010931413839640207,0.7954393304802277,-1.880901780216888e-07,-1.5871714979347371e-06,-9.845169293598627e-07
case_00493,0.07542206980125092,0.1726298863202892,0.08391901547629353,0.6680290284021663,2.631469437516198e-06,-2.1736301908971534e-06,-2.1945694854375385e-06
case_00494,0.06295388501215265,0.11777132476956878,0.4323631702526047,0.38691161996567375,-1.8850076666079448e-06,6.729973243388739e-07,-2.554964218290466e-06
case_00495,0.06640105015114602,0.523271494995315,0.1976152253043932,0.21271222954914581,2.867960542429408e-06,-2.0007264684371923e-06,2.9530302866904567e-06
case_00496,0.06467793898817836,0.03793711155377067,0.5876539864903476,0.30973096296770325,2.9657279145663547e-06,1.7177902521971593e-07,9.335637074690356e-07
case_00497,0.16381987947770435,0.3730282170704469,0.4137801908381005,0.04937171261374815,3.337029280944174e-07,5.406985340668247e-07,2.525790551899127e-07
case_00498,0.2654549694914174,0.0409754506269214,0.39213366176734915,0.3014359181143121,-1.9791435589370523e-06,-1.211749809918513e-06,1.592991002431797e-06
case_00499,0.8717155146164053,0.01985090954152115,0.016321443015876402,0.09211213282619725,-1.1033706723546262e-06,-2.789610305887688e-06,2.040462958126345e-06
case_00500,0.09360764433599521,0.08751419817296922,0.7303102874352618,0.08856787005577371,-4.530430039407893e-07,-2.7764767163148233e-06,1.8402886082683656e-06
case_00501,0.08268150185732864,0.37112344787049295,0.15561836102775733,0.39057668924442096,-1.1440546538506624e-06,-2.8419160068364943e-06,-2.9007633042607406e-06
case_00502,0.08095013548262871,0.800626959822117,0.040943648100160546,0.07747925659509383,-1.3161865207409054e-06,1.4347480028192776e-06,-1.8791526108570093e-06
case_00503,0.6220219170143239,0.03936878329335529,0.1995895126908482,0.13901978700147255,2.8333782552981457e-06,-1.091941771114211e-06,9.294318127069859e-07
case_00504,0.1111293149737874,0.5992435578167843,0.005746544443472887,0.2838805827659555,-2.079811035505526e-06,1.7778011158059816e-06,-7.454439131762227e-07
case_00505,0.47629116208236566,0.118277057718733,0.39770283882593405,0.00772894137296726,1.3999674523011738e-06,-4.0960305694290515e-07,2.894895906366642e-06
case_00506,0.0884452377581434,0.04911126723799966,0.21390192487885756,0.6485415701249995,-2.997538263364951e-06,-2.8201139502021693e-07,9.924287558295242e-07
case_00507,0.1228873004214661,0.44019057381350307,0.0915221600982185,0.34539996566681236,5.770960164142613e-07,7.729561505744235e-08,2.7392934523752387e-06
case_00508,0.11199641172908346,0.6422987640910182,0.16846105002894363,0.07724377415095486,2.4956580237243144e-06,1.2781887382506238e-06,-1.7913211101252372e-06
case_00509,0.14606403838910623,0.19771594485946,0.30781205087286617,0.34840796587856765,-1.272395435440686e-06,-1.3589828050217575e-06,2.1837421686901383e-06
case_00510,0.5298925588742277,0.2295907804965913,0.20654014862762873,0.03397651200155221,-1.886844148453685e-06,-2.2704759027988386e-06,-1.071886165108648e-06
case_00511,0.43226729630784233,0.2819505972368864,0.015396964022674736,0.27038514243259665,9.100787692705622e-07,3.363440111487692e-07,2.9373888494268408e-06
case_00512,0.36552379343894353,0.039737441022828085,0.28572792682795184,0.30901083871027657,1.2756084437903592e-06,-1.0381342605435644e-06,-2.0538679675611164e-06
case_00513,0.029727463693945345,0.47779973575334966,0.3111238294211003,0.1813489711316047,1.1281831137118877e-06,-3.450521179917758e-07,9.803891302995931e-08
case_00514,0.20736210821169507,0.17734411199574698,0.3517965973634405,0.2634971824291173,-1.0840987198717558e-06,8.816802500238326e-07,1.757067203022732e-06
case_00515,0.021153470984060684,0.2363757922375499,0.5402091185170549,0.20226161826133454,-1.4867855870440148e-06,-3.5245553152376214e-08,-4.0414511637578473e-07
case_00516,0.025161174907830663,0.7276867724078823,0.10603479123372628,0.14111726145056078,2.735512799772265e-06,7.216729026050572e-07,-1.9149563887411962e-07
case_00517,0.06599309761977351,0.14696702899620934,0.5183728968220424,0.2686669765619748,2.539797049619577e-06,2.6520001268176714e-07,2.918134773034446e-06
case_00518,0.03530899604971131,0.32378242128925705,0.3260067383766673,0.3149018442843643,-2.5610034064307836e-07,1.438778231616595e-06,-4.4815109819307995e-07
case_00519,0.04165440813922775,0.091611261644301,0.6410292981504975,0.22570503206597373,2.077163196926241e-06,1.2356197062697196e-06,6.244326035943813e-07
case_00520,0.008834252714631504,0.021626777210698608,0.19997966342911927,0.7695593066455506,-2.860591341942237e-07,2.051393508517151e-07,-2.672762035949096e-06
case_00521,0.2927021847630435,0.2605727819826904,0.042166762801230065,0.4045582704530359,-4.5366589156493755e-07,1.0734181251582412e-06,2.05326048126156e-06
case_00522,0.24534608787328754,0.06802604988287866,0.21235380847452962,0.4742740537693041,-2.059422314404232e-06,2.2413576136356768e-06,8.890082938772608e-07
case_00523,0.07907525220358695,0.25712510943642203,0.11745839637379689,0.546341241986194,-4.4156366104816307e-07,-4.0637227327098844e-07,-5.758793828231189e-07
case_00524,0.21698206042328805,0.25347218124069676,0.4026145528449284,0.12693120549108686,2.2450163159884194e-07,-5.23421563507238e-07,-2.9029827602728815e-06
case_00525,0.5372942546882029,0.16590259399077997,0.03745593812903742,0.2593472131919796,-2.8649740354278813e-06,1.5854737251142806e-06,5.500129235610236e-07
case_00526,0.25142906751647687,0.06075762473865425,0.31042472506040164,0.37738858268446723,-3.353219689475614e-07,4.953230222519644e-07,-2.9240530290950268e-06
case_00527,0.06744301712813774,0.8540674858906308,0.03154636949647363,0.04694312748475782,1.688137310371202e-06,-2.573959318664469e-06,-2.9927783165458925e-06
case_00528,0.05540591630849434,0.6106725940923777,0.2890241229362529,0.044897366662875034,1.0802763382456192e-06,2.3526720941464877e-06,6.965913728961281e-07
case_00529,0.1542195138092218,0.25383314968967696,0.02315806259898652,0.5687892739021146,8.109419331836102e-07,-2.8153013865741593e-06,-1.8658975959926746e-06
case_00530,0.2588782815406218,0.11191232593021223,0.5431815725446573,0.08602781998450872,2.457332570623215e-06,1.4903781372584585e-06,-1.8486747016914283e-06
case_00531,0.6438918143108898,0.17136610889196763,0.15653270456139862,0.028209372235743997,-2.89180794104862e-06,1.5527648562258776e-06,9.196293949964624e-07
case_00532,0.7408261639071189,0.19339336620827235,0.061380966360743756,0.004399503523865013,3.4228551715340483e-07,2.718666511691583e-06,-2.6778168723637543e-06
case_00533,0.1624535991148637,0.14841056510499623,0.25160514841992154,0.43753068736021855,1.7240930904582426e-06,-2.6751935495860757e-06,-1.119566631152662e-06
case_00534,0.023251549266772486,0.36952431844846795,0.058322501286651354,0.5489016309981082,2.4801229620760367e-07,5.811411647069456e-07,-2.1034085871478856e-06
case_00535,0.41657498421894795,0.18963509854807326,0.3018329591505252,0.09195695808245352,-1.0566266845177252e-06,-4.329565762376825e-07,4.810582187792032e-07
case_00536,0.1863529378333901,0.5042663187080163,0.17984228001133995,0.1295384634472536,-2.1824966094481327e-06,-1.016202270842748e-06,9.705909283643747e-07
case_00537,0.22403877391025112,0.5790335200358732,0.1341925358713207,0.06273517018255503,2.325378430897148e-06,-2.458088638205562e-06,1.3268151215942612e-06
case_00538,0.36897823703090066,0.5182868743177205,0.03143943899486284,0.08129544965651615,-1.7542564567438202e-07,3.7592471802785527e-07,-1.4686126984886075e-06
case_00539,0.05979264802179145,0.16698555676896623,0.23370407800335263,0.5395177172058897,2.2686911819142087e-06,-1.2575564595231794e-07,-2.464501490180496e-06
case_00540,0.24495116287687047,0.22562786063891774,0.10105096365855816,0.4283700128256535,5.1511273459901e-07,-2.3726732510938544e-06,-2.5278980583486133e-06
case_00541,0.11287730660584974,0.6851248091715335,0.17809124428536652,0.023906639937250146,1.0451526996900051e-06,6.749370425825003e-07,-4.430907092956574e-07
case_00542,0.40967224917584444,0.14285872425652937,0.42124234783506775,0.026226678732558472,1.8255669262707003e-06,1.4277187215176307e-06,2.6750664543762907e-06
case_00543,0.0457652040331509,0.4609463533453904,0.06135460172283731,0.4319338408986214,9.54933267600806e-07,1.6036698063218898e-06,-1.6936257945178524e-06
case_00544,0.10044036351257743,0.3157941554711853,0.3633228446049023,0.22044263641133494,-6.116709559263739e-07,2.4322391295745646e-06,-1.459550391950704e-06
case_00545,0.3644920992060185,0.23920753201104283,0.033771293335433744,0.3625290754475049,8.180030357190579e-08,-5.43175548667337e-07,-2.3946671873648465e-06
case_00546,0.1441329116420078,0.37915709550725846,0.2789731716417415,0.1977368212089921,1.8182731480552795e-06,2.7184366117328216e-06,6.334216433635817e-07
case_00547,0.29166267426041675,0.20534359501703328,0.056611894921316866,0.4463818358012332,-7.580982217620948e-07,2.1925764304961168e-06,1.0792372436830494e-06
case_00548,0.42031015927460647,0.3110023393858511,0.044512192535803186,0.22417530880373943,-6.712712593890175e-07,-1.2209905738563658e-06,8.5758724896456e-07
case_00549,0.158741674772857,0.5144928104206107,0.2035802786779949,0.12318523612853731,-2.4258593036519932e-06,-2.044301775903249e-06,2.1667814582686878e-06
case_00550,0.8414031288091488,0.0262336565983415,0.12276495410790725,0.009598260484602413,2.4875066113304867e-06,-3.876636232319197e-07,-8.144498984356965e-08
case_00551,0.21963466892272332,0.40804733032778007,0.053584320465142124,0.3187336802843545,-2.4537821103273497e-06,-5.886077522642005e-07,-2.1932577553976134e-06
case_00552,0.059602861949515765,0.41673777245646015,0.24182445412078998,0.28183491147323403,8.892550646913353e-07,4.5431583198722577e-07,-1.2635692157735241e-06
case_00553,0.003655727295999061,0.6622576081430417,0.2609575459225654,0.07312911863839387,-5.208331271832138e-07,5.003173939664879e-07,9.745798405281112e-07
case_00554,0.41316937919614527,0.07724581307898033,0.48167947721971016,0.027905330505164163,-5.66283658467346e-07,1.4999219062798515e-06,6.787318424493591e-07
case_00555,0.5126089724751987,0.32789849179197533,0.042783171151584386,0.1167093645812414,1.0773110194361035e-06,5.9339689233661117e-08,1.8601877845777486e-07
case_00556,0.006515378816043135,0.3301933740904456,0.18712809988100604,0.47616314721250536,-2.597437604220728e-06,-2.371064154355407e-06,1.0977865121321228e-06
case_00557,0.1665370428576133,0.16834183682280088,0.6418261638682546,0.023294956451331075,5.622346977086077e-07,2.1497480133186364e-06,8.243451022397961e-07
case_00558,0.3733643582759684,0.3061777296369681,0.17644347274836492,0.14401443933869856,1.632190715834129e-06,-1.1414125008888777e-06,2.28794933678971e-06
case_00559,0.7988759229211104,0.07348114037638115,0.02949025655782387,0.09815268014468456,1.9692765473195657e-06,2.8277847618395523e-06,5.160982648697797e-07
case_00560,0.20079627185658058,0.0044766849657302595,0.11091070725819138,0.6838163359194978,-1.9768176636373483e-06,-2.292839347921379e-06,1.6716081522033389e-06
case_00561,0.4284102582440715,0.16309880961205014,0.01455220237136907,0.3939387297725095,2.3845143004690424e-06,2.749507033395019e-06,-1.5077570642011929e-06
case_00562,0.2582501487319249,0.03450680663855044,0.027855550346649986,0.6793874942828745,9.368765510846529e-07,-2.4539291587048983e-06,1.0690955075344079e-06
case_00563,0.1896229821637985,0.3030167415702502,0.361985847346094,0.14537442891985716,2.2911288049240967e-06,-1.6137831723176433e-06,2.4131647102960542e-06
case_00564,0.3248712440729259,0.2509526649624585,0.16994840152833846,0.25422768943627716,-8.831569733881037e-08,-2.7205203474807503e-06,-6.856060326010005e-07
case_00565,0.2845797352720394,0.1763177691522202,0.42695559171342257,0.112146903862318,2.522000705832122e-07,1.2306788798339692e-06,1.6746251240318799e-06
case_00566,0.2312023085847012,0.24694758347423973,0.2216917358157691,0.30015837212529,2.514229662172027e-06,2.1017924194307506e-06,1.348735807172612e-06
case_00567,0.17105641855235934,0.4532124048475437,0.06945723106800966,0.30627394553208737,2.3994572601280308e-06,-3.955735091041173e-07,-2.6428428187690653e-06
case_00568,0.11838275078661305,0.1869605003872191,0.5321731771446447,0.162483571681523,-3.1103475978598776e-07,2.571132450254578e-06,4.890498577444338e-07
case_00569,0.43264753887727875,0.22435435906195816,0.319609714520207,0.023388387540556242,-1.3535242101859095e-06,5.417944305335977e-07,-2.2188639047951856e-06
case_00570,0.2054182283700902,0.31432350115526214,0.4475629856568343,0.032695284817813364,-6.409773926144153e-07,7.800428126791392e-07,2.803915033383547e-06
case_00571,0.03400277716877816,0.07305182746839083,0.802221518470824,0.090723876892007,-6.734140288215015e-07,2.0725152102046194e-06,1.8684450162039372e-06
case_00572,0.3060948234965921,0.10156218512065707,0.43905187204473023,0.15329111933802064,-1.2787987501032362e-06,-1.2191987696889666e-06,-2.3416571925172793e-06
case_00573,0.23860569766598344,0.7477989521080316,0.005680103385155615,0.00791524684082937,-1.3885223740022006e-06,-8.744056720342454e-07,-2.2694880141139297e-06
case_00574,0.30422175413438607,0.046029836060449164,0.14064899220157764,0.509099417603587,2.1663776188783165e-06,2.4357115151678665e-06,5.668431294757139e-07
case_00575,0.45865343247597545,0.23993343518585322,0.2032014161465627,0.09821171619160868,-2.58082847589203e-06,2.405780976232583e-06,-9.306649549609e-07
case_00576,0.6329425412058834,0.1192648335282143,0.021483151627156936,0.2263094736387454,1.065667092597565e-06,2.858896657205225e-06,-2.7905648455613443e-06
case_00577,0.03634066038389772,0.12733212515701206,0.21291603481751936,0.623411179641571,-1.963079691261286e-06,2.4110298986500268e-06,2.498490469983185e-07
case_00578,0.09762349264967662,0.17384955843129135,0.7082976025677451,0.02022934635128695,-9.329646396356207e-07,-2.235767783799835e-06,-6.729294018849184e-07
case_00579,0.16903398116089222,0.2640789978773144,0.28831627192900433,0.27857074903278917,-2.630741795190979e-06,1.9423457168219238e-06,-2.393541045769544e-06
case_00580,0.4821320081327811,0.25341489756693025,0.189523414577658,0.07492967972263052,-1.3801581788672277e-06,-5.409691313424354e-07,1.8115223535358962e-06
case_00581,0.26458343137211765,0.47281998866784314,0.26235786684830437,0.00023871311173483717,1.6105264267034524e-06,2.944808135675627e-06,2.4904605916728364e-06
case_00582,0.7107460058780132,0.03687484350393194,0.20926537701558579,0.04311377360246921,2.3100919472835517e-06,-1.6631421402719367e-07,1.5395636040847797e-06
case_00583,0.34392941973369834,0.4310120855562762,0.04516836503335145,0.17989012967667398,-1.6708370885857978e-06,3.2301649501332376e-07,1.934533860097664e-06
case_00584,0.3497991305715188,0.26441790679761784,0.07406541060580343,0.3117175520250599,-2.187129644464691e-07,1.7864949154079108e-07,-1.7010565964032959e-06
case_00585,0.7002706098945168,0.03707953209440348,0.042074751579837824,0.22057510643124195,-1.7805571237676185e-07,-1.0695778208503333e-06,-1.418562294488394e-06
case_00586,0.5138903578036255,0.19964617823569755,0.20523955549071785,0.08122390846995921,2.241451834558405e-06,-2.549867466642491e-06,-1.7488347582048735e-06
case_00587,0.20623202118087172,0.002331898193849793,0.2314906064376354,0.5599454741876431,1.5767943172548327e-06,2.3739073824115108e-06,1.590380588193384e-06
case_00588,0.21390049561269447,0.46674178579144804,0.2903780133682187,0.02897970522763874,7.846331020829924e-08,1.816054875157721e-06,2.687502473606982e-06
case_00589,0.7025148655593217,0.020752908932658094,0.2304564896053421,0.04627573590267811,1.0244832028306403e-06,-2.1628393166419847e-06,1.3010232404034159e-06
case_00590,0.007475836478153503,0.3480529606014037,0.2219547277262705,0.4225164751941723,2.084130323456201e-06,1.6606096281004374e-06,2.288800589277336e-06
case_00591,0.46414021402951516,0.024113706819465227,0.07076603860582427,0.4409800405451953,-2.9427662758467303e-06,7.550799963036601e-07,8.321945692990352e-07
case_00592,0.090368768699071,0.2808454031721329,0.22712078303911531,0.40166504508968087,-5.826598136997083e-07,-5.451372724942664e-07,-6.740405966472057e-07
case_00593,0.37071222027475015,0.17667018603118828,0.3513589629763787,0.10125863071768282,2.443459003662472e-06,-1.4758731054266237e-06,-4.454303104181688e-07
case_00594,0.08889403282897462,0.3781526627826304,0.14373056647617438,0.3892227379122207,1.4418781850637084e-06,2.1583727010133945e-06,-2.5480714069955712e-06
case_00595,0.2569812990551786,0.2897670969517124,0.3694150949705654,0.08383650902254376,2.570482460044479e-07,1.2011295557643185e-06,-2.8112568285238435e-06
case_00596,0.1454742448351444,0.33063389558158696,0.1757439857804252,0.34814787380284345,1.7786716221080037e-07,2.8643945681482103e-07,1.172853625134464e-06
case_00597,0.4021387989485577,0.38348601371485336,0.15433764635151503,0.060037540985073856,-9.133794143733735e-07,6.574112033907845e-07,-3.6942664793291617e-07
case_00598,0.1680986252185168,0.0459302699252496,0.6592479167956518,0.12672318806058194,1.2312320184908692e-07,-2.4536029075069142e-06,3.1329040832777715e-07
case_00599,0.0747481701856142,0.011484091222467123,0.46242459158415417,0.45134314700776457,9.322991967807192e-07,-1.564814345328484e-07,3.459674857344977e-07
case_00600,0.2994447643464461,0.05350852318256021,0.37895466915072573,0.2680920433202679,-4.898217694272413e-07,-1.837798243285788e-06,-1.3357451200001916e-06
case_00601,0.4095076876866829,0.337192207860464,0.16427401952699155,0.08902608492586142,1.2849188783530436e-06,-1.7496979259470478e-06,-1.4464493502305572e-07
case_00602,0.6971943260924547,0.09532623965293932,0.18361932023122213,0.023860114023383904,2.167393363562315e-06,9.678237737212003e-07,-1.7543866999378652e-07
case_00603,0.1407889167235596,0.005914009430384399,0.14913019256611296,0.704166881279943,-2.071890910890833e-06,2.4675369110057287e-06,-6.694366726328581e-07
case_00604,0.46304955750362464,0.03798870368795892,0.03003154768106779,0.4689301911273485,-2.9071786309545355e-07,-5.774603371299209e-07,1.9240523004064226e-06
case_00605,0.07844740622307163,0.010629700277262268,0.6349561420428951,0.27596675145677113,-5.518794522895135e-07,-1.7535043619268578e-06,-2.9301597787442454e-07
case_00606,0.05796704135284552,0.39107105330003217,0.020960094007253946,0.5300018113398683,1.124788824298369e-06,8.924816234199253e-07,6.218671470359268e-07
case_00607,0.07182972250599554,0.4179959111583464,0.17606740391268696,0.33410696242297117,-1.5007952084524239e-06,2.2271222781019065e-06,2.373120722284956e-06
case_00608,0.5033235523143845,0.04140588535391114,0.3952211697750561,0.06004939255664835,8.415054897136577e-07,1.489912806734945e-06,2.197401737153535e-06
case_00609,0.26321493537019264,0.2249117176910277,0.42138623340327147,0.09048711353550819,2.2649354503889285e-06,2.212543383219523e-06,2.342533222674991e-06
case_00610,0.16753095438774665,0.16201825675471276,0.29799465975155154,0.3724561291059891,-4.91210401238264e-07,2.1932802606479588e-07,-1.3799700212099163e-06
case_00611,0.39842010030977665,0.2470461452768791,0.20600578572485148,0.14852796868849275,2.4660941998753203e-06,1.5112574662151454e-06,-2.790105070151623e-06
case_00612,0.014179657451074032,0.10011725017509683,0.07523756681821589,0.8104655255556131,2.958982433600871e-06,-2.1596126438463814e-06,-1.4335992006280247e-06
case_00613,0.360825038638883,0.188687598964933,0.3841908817006494,0.06629648069553438,-2.3634477003122874e-06,-9.103523078208513e-07,-1.3277559262757482e-06
case_00614,0.21300034974049956,0.35706265159573575,0.24352097291101343,0.1864160257527512,-1.6016808720908482e-06,-6.627050131108655e-07,2.456161960349808e-06
case_00615,0.5636020886568827,0.23501385592804483,0.1081128038635177,0.09327125155155483,2.702278508892559e-06,6.77744774762075e-08,8.954563970278236e-07
case_00616,0.5580053906561345,0.12940080517594532,0.2894180238078396,0.02317578036008057,2.7499661188883208e-06,2.574458161540942e-06,-2.5097762423866274e-06
case_00617,0.12877027394775004,0.1562498904463442,0.05156548256170818,0.6634143530441976,-2.413756347679449e-06,2.2457793613330455e-06,-2.187728423933393e-06
case_00618,0.37039032645381126,0.19748507657209746,0.1175449157387964,0.31457968123529495,-2.91000899773718e-06,-2.192847046264893e-06,-2.0659432467481477e-06
case_00619,0.04097134462425384,0.45739895164346855,0.039014975076859554,0.4626147286554181,-2.0333998604614667e-06,-1.963262088705221e-06,7.825304890135391e-07
case_00620,0.05905739107211793,0.38371357111308957,0.5277402500803964,0.029488787734395998,2.97607670029349e-06,-8.541567024665318e-07,1.4124841530420188e-06
case_00621,0.08584106815966085,0.5476237669028123,0.09127874781050895,0.2752564171270179,-1.9200023003358788e-06,-1.2555368046559565e-06,2.1578634633923773e-06
case_00622,0.462093542988633,0.2447128982178683,0.1750420701227224,0.11815148867077639,1.5285640332138652e-08,6.88625718937574e-07,2.6438193048374587e-06
case_00623,0.43249097140403076,0.14730753142822928,0.21583481709463215,0.20436668007310776,2.0905063585830663e-06,2.4166562865872692e-06,-1.7897726556813495e-06
case_00624,0.11729160469562105,0.2733622784848557,0.5380284049193972,0.07131771190012608,-2.877590335870762e-06,2.773749250035521e-06,-1.1413650916557057e-06
case_00625,0.244756351203915,0.20140195064641797,0.11868440021683582,0.43515729793283126,6.269338935507568e-07,9.216177152113591e-07,-1.558062715531016e-06
case_00626,0.07873528943384223,0.04071862518516372,0.6770358966509217,0.20351018873007246,-1.337847306782254e-06,2.0289552084065205e-06,-8.474305952031734e-07
case_00627,0.2966859568808903,0.35337309343509754,0.0101934432287542,0.339747506455258,2.1740094986383895e-06,1.5121320138478278e-07,2.4879906445424967e-06
case_00628,0.1213110661750354,0.14567330635655532,0.20091567636063132,0.5320999511077781,-1.299233104415525e-06,-1.7500383188397617e-06,4.5067540163616897e-07
case_00629,0.006198753683404706,0.20807106365039155,0.373785195692226,0.4119449869739779,1.1205343216914533e-06,1.4813047256086446e-07,1.4291513839469948e-06
case_00630,0.555304853720715,0.0679769182540824,0.16753133847072418,0.2091868895544783,1.0453177946843814e-06,3.3049560862590674e-07,-5.9284583239308077e-08
case_00631,0.3048920084590057,0.061054704692899746,0.044208107295961335,0.5898451795521333,-1.67103870684216e-06,1.4547453852813399e-06,-2.826852519983253e-06
case_00632,0.0009858840312585281,0.6786977467667349,0.1250848559061706,0.19523151329583596,-2.7912048007898994e-06,-1.6807020617559056e-06,-2.614827084013114e-06
case_00633,0.09974819240996484,0.004120828219101,0.38265714613029195,0.5134738332406422,-5.445025572876163e-07,-7.901377074796095e-07,2.2753818760731465e-07
case_00634,0.308804758365898,0.03528783494290263,0.32052465772221045,0.33538274896898884,-1.2648410882047818e-06,-8.158351847126021e-07,1.3127342089201536e-06
case_00635,0.20089704141767176,0.2716446285087734,0.3496762092699863,0.17778212080356853,1.853866497682252e-06,2.7566375744469896e-06,-1.708016834827611e-06
case_00636,0.06793036557353685,0.4896098841208612,0.059181743033905866,0.38327800727169614,1.8021851307320714e-06,-3.363302380396863e-07,1.331457443953824e-06
case_00637,0.45948914720893624,0.06002640097876663,0.37706485033964626,0.10341960147265086,-2.578562868442472e-07,1.5305638037888794e-06,1.8639946409010748e-06
case_00638,0.21225313268436233,0.37920959811388927,0.009647497139281815,0.3988897720624665,6.390733519393133e-07,1.504868288246634e-06,-5.286151298273327e-07
case_00639,0.3954218183576107,0.19042603974416644,0.042773295608524206,0.3713788462896986,6.25557095921551e-07,-1.4067348911805517e-06,1.4785153970646296e-06
case_00640,0.5386860881594991,0.4180024240907251,0.0175426071161536,0.025768880633622163,1.9629488905657405e-06,4.3121813623039247e-07,-5.758202980292406e-07
case_00641,0.3531776841060816,0.23971148203668796,0.18114589695363575,0.2259649369035949,-4.49985515260815e-07,2.365817359911889e-06,1.0701037767301198e-06
case_00642,0.2272256228551069,0.36985745143632254,0.07253411673435682,0.3303828089742138,-1.3473199212569455e-06,-1.4881368325830348e-07,1.5839822959172582e-06
case_00643,0.16760502834704202,0.279625667146905,0.11071884723154071,0.44205045727451225,-1.4097904911567152e-06,2.6707050440552763e-06,2.9515597098486644e-06
case_00644,0.6156213828703141,0.14744655567528078,0.07059068876525676,0.16634137268914842,2.171536756932249e-07,-1.7132506240550305e-06,-9.276200276184236e-07
case_00645,0.03620838460736199,0.606011339739601,0.19306326039926186,0.16471701525377516,-3.051107836067247e-07,-2.555045365355816e-06,-5.337553165523311e-07
case_00646,0.28585558262459554,0.3178569015966872,0.02415153272690981,0.3721359830518074,-3.59275374090383e-07,2.3487232388684958e-06,-2.006279643538972e-06
case_00647,0.056677383480352866,0.25610816552504717,0.3537926138966815,0.33342183709791834,-2.4531759654617567e-06,2.0860871877733e-06,-1.7755616495891587e-06
case_00648,0.2523975659590452,0.23050091422679897,0.04839413254768528,0.46870738726647065,1.311622444141174e-06,2.9555392556030685e-06,1.160370015590266e-06
case_00649,0.21375559688957219,0.4634742246130039,0.22578174142974555,0.09698843706767843,-1.7175798721085357e-06,1.076360928674556e-06,2.5022735409268564e-06
case_00650,0.3531585608175863,0.01986668800843943,0.4910824030917819,0.13589234808219225,-1.818278218747672e-06,2.6201275600028974e-06,-6.323702900325566e-07
case_00651,0.00012392383583274474,0.6583933384206291,0.0441454539871762,0.2973372837563619,-5.234500783356395e-07,1.961694150504665e-06,-1.9209333189867524e-06
case_00652,0.39286036126889484,0.020720200120836314,0.5851945369267458,0.0012249016835230648,-1.6333299502931915e-06,2.066557998720521e-06,-1.2894030037020356e-06
case_00653,0.1336004499174613,0.6365534408313251,0.17919480986854452,0.05065129938266904,5.031496038480921e-07,4.1484942272560967e-07,-2.6968977115116827e-07
case_00654,0.14950686937079433,0.10552268002270439,0.6191372148764706,0.1258332357300306,-7.712199639931711e-07,-7.058124124997348e-07,-1.2560980238077898e-06
case_00655,0.2302453862129191,0.32924580652050306,0.08419542495955995,0.3563133823070179,-3.065296644432595e-07,2.607348435259691e-06,-1.5985255012688024e-06
case_00656,0.0937078435234976,0.6580084165847659,0.018501494912601918,0.22978224497913452,2.2301592962417296e-07,-4.072969463046333e-07,1.4159069325424776e-06
case_00657,0.20085158146228288,0.1446828982495749,0.29547527307229315,0.3589902472158491,-1.778786865109171e-06,2.3291620349801423e-07,-2.952930472556261e-06
case_00658,0.001726174990606103,0.07210737329666748,0.4928207582407296,0.43334569347199686,-2.0654902628068213e-06,-3.2331415724887347e-07,2.353831640188988e-07
case_00659,0.37428444364414487,0.1583807885829897,0.33318190556118416,0.13415286221168124,2.2825314172416285e-06,3.889098837611825e-07,1.7626008421785234e-06
case_00660,0.11714803541148154,0.036855969675325916,0.5039678402958012,0.34202815461739133,-3.976577830114738e-07,-1.7696952604603704e-07,-1.402630282095191e-06
case_00661,0.011401218614952989,0.1030484648632882,0.7253444146879371,0.16020590183382163,-5.274383422047649e-07,-2.7121946485231446e-06,6.197490636721041e-07
case_00662,0.3026553959801233,0.3266881045329344,0.12508837996431058,0.24556811952263172,-2.7863270983629512e-06,2.292289116046192e-06,1.0134006337117071e-06
case_00663,0.18371176034368272,0.021395551822159138,0.580553219745631,0.21433946808852725,-1.2142184475640747e-08,-3.336370865053811e-07,9.301481784305399e-07
case_00664,0.3498940291562704,0.38483512392509517,0.04827038583577992,0.2170004610828546,3.250183296660006e-07,5.336618910440923e-07,-3.2490219480769395e-07
case_00665,0.15452868123727792,0.512902316741733,0.05875045619942477,0.27381854582156423,3.5304522572799887e-07,-2.1648731834520776e-06,-9.205320727453248e-07
case_00666,0.3762645369725306,0.14071210957673125,0.05905263314735439,0.42397072030338373,1.242187015937306e-06,-2.979672912104165e-06,2.015544438166881e-06
case_00667,0.41170701187477965,0.11637602960931542,0.31764709737816466,0.15426986113774022,-1.9351089900539294e-06,-1.5282594381381423e-06,1.5506757419991857e-06
case_00668,0.31075403453048484,0.055274947833451125,0.5496643501824842,0.0843066674535799,-1.4866611946162871e-06,1.2275161928001014e-06,-1.072468959516525e-06
case_00669,0.3366587369140772,0.04394116652700686,0.08680973736041096,0.532590359198505,1.8643827913824763e-06,-2.4048328193227284e-06,-2.381884833346764e-06
case_00670,0.11943085516387841,0.692122702984102,0.005676811610817032,0.18276963024120252,2.6830237010603637e-06,2.4533246423188072e-06,-2.5691547273271848e-06
case_00671,0.37489185065643615,0.01778051030627144,0.12099422960138718,0.4863334094359052,-2.1844035157960762e-06,-1.7098645838628927e-06,-2.434344132606384e-06
case_00672,0.23755486908982465,0.18123381539258746,0.2648596974885085,0.3163516180290793,-1.4102672968690971e-08,-1.7724383142493451e-06,4.972161671522567e-07
case_00673,0.002132821173701856,0.13340007262467976,0.7079376503394454,0.1565294558621729,-1.714942483562479e-06,-1.910952230271027e-06,-2.690026945026062e-06
case_00674,0.2529015228370115,0.08352009632917022,0.3323168440635655,0.3312615367702529,-2.6395609898701052e-06,-2.9161097221718116e-06,-9.784387502157698e-07
case_00675,0.15951503052511326,0.8077334208975772,0.029050343377677677,0.003701205199631936,-1.0469799712431876e-06,1.630832810869408e-06,1.5191982114853763e-06
case_00676,0.41383940079304754,0.46323655708330713,0.036045461110071925,0.08687858101357332,-2.1378742488947235e-06,2.2502071874715517e-06,-1.2339110009077314e-06
case_00677,0.006868903141028974,0.13466147670039907,0.5754125926073231,0.28305702755124884,1.2595984406054778e-06,6.849762156971933e-07,1.5798484630807788e-06
case_00678,0.34217583815492025,0.37172051328173356,0.001083285794288616,0.28502036276905757,2.0235248202866673e-07,-1.8708001099208263e-06,1.472802229242332e-06
case_00679,0.15757414370208064,0.5542408229442951,0.2845663722632994,0.0036186610903247195,-2.136993174058135e-06,-1.2883320183547216e-06,-1.5250372042007022e-06
case_00680,0.38488560103060926,0.25713595385345256,0.2549605121329569,0.10301793298298142,-2.944550469566914e-06,-1.4443981581022042e-07,1.3729330805564724e-06
case_00681,0.4245555110332122,0.30186880527171567,0.05684551795552759,0.2167301657395446,1.848942294145276e-06,2.7260757097398053e-06,1.4866598296326044e-06
case_00682,0.09556084474234842,0.22334056471409497,0.4644080802140526,0.21669051032950404,-1.942833563014515e-06,-1.5158917690935432e-06,-6.15276445997839e-07
case_00683,0.007816916615497858,0.4152272698076071,0.37518634202501017,0.2017694715518848,6.372998533245957e-07,1.389875423519328e-06,-1.7374770975508907e-06
case_00684,0.533252835511983,0.08831912019492062,0.36959795456862404,0.008830089724472317,-9.784685215395266e-07,-3.633106602424781e-07,1.2762484135121465e-07
case_00685,0.42136999030029554,0.2364029150191112,0.20174943000348688,0.14047766467710632,5.129156298902135e-07,-1.2129159098398692e-06,2.5283855280011785e-06
case_00686,0.27696588748477885,0.43228944047716317,0.2455431564307226,0.045201515607335416,-1.1060782381060559e-06,-2.6450437786731755e-07,8.377003945923716e-07
case_00687,0.38852752808532015,0.23555934520615798,0.11452892638937005,0.2613842003191519,-2.478362635846475e-06,-2.5727596947526047e-06,-1.962465014236433e-06
case_00688,0.08448760884722979,0.11885703353425509,0.7003148648430348,0.09634049277548032,-1.6622999486534785e-06,1.7921242255821745e-06,1.0965415484011192e-06
case_00689,0.15343270394603736,0.53376683211046,0.29727921991599643,0.01552124402750635,-1.8716486011255464e-06,-1.5401884321021973e-06,-4.367818363089925e-07
case_00690,0.09066472902236555,0.004479153496834483,0.567111182977221,0.3377449345035789,-4.31883885362137e-07,1.352472739157823e-06,5.491727841322381e-07
case_00691,0.03319289149596863,0.7294118166878196,0.17364409426281552,0.06375119755339619,9.497027005569441e-07,-2.589909771310832e-06,1.4043842101386472e-06
case_00692,0.3109403941707332,0.5097211352858338,0.03551243268280455,0.14382603786062828,-1.4171635503218548e-06,2.7305913369941165e-06,8.968410908666886e-08
case_00693,0.4545826624101081,0.1701184478185604,0.21858235591940786,0.15671653385192374,-2.9275803881962924e-06,-1.8419100875658084e-06,1.8839038474398515e-06
case_00694,0.04273176434647088,0.1724986440986769,0.561374851298727,0.2233947402561253,1.1362418558854138e-07,2.2964524572424824e-06,1.3329334758997666e-06
case_00695,0.006876361534076972,0.2488757235209665,0.5329155496754198,0.21133236526953678,6.345569361538325e-07,1.8568392576926071e-06,6.90440040111064e-07
case_00696,0.34007399670037236,0.04900183722175077,0.5721339899713664,0.038790176106510324,2.7772229640108583e-06,2.8071595444884955e-06,-2.095243105005891e-06
case_00697,0.22401701101276184,0.3897716080312347,0.09212005396815315,0.29409132698785034,5.368248185594811e-07,-1.3265603432550246e-07,2.01569466546941e-06
case_00698,0.3219418209853948,0.11476923923153336,0.21941547620171162,0.34387346358136006,-1.7296464373114914e-07,1.3643837630757092e-06,2.6154335119188966e-06
case_00699,0.014501493746116756,0.18607417609835458,0.7591329991945502,0.04029133096097845,4.4040975538622285e-07,-7.757360577732956e-07,-2.1782092571442313e-06
case_00700,0.15641184101308858,0.23712773523022007,0.28606942809818553,0.3203909956585058,2.5674037791721624e-06,-1.893790571881837e-06,-7.055322339941674e-08
case_00701,0.1205243330807565,0.6190834845058466,0.23155438052119484,0.028837801892202097,1.9702688736098778e-06,-3.4154440239930696e-07,-1.4466675481769732e-06
case_00702,0.2010801765374311,0.3931790349472337,0.08817416263500245,0.3175666258803327,-1.062127599817152e-06,-2.005505907669271e-06,1.527139844553388e-06
case_00703,0.30636025745571194,0.049527029734569086,0.23222324190500915,0.4118894709047099,-1.5764738180571766e-06,2.8922677367183035e-06,1.3297778160281998e-06
case_00704,0.5988115920391915,0.010553293146662472,0.007868904169983683,0.3827662106441624,-1.4241983258035582e-06,-2.4225210531557017e-06,-2.154689276577608e-06
case_00705,0.632109080662723,0.06297229601120145,0.24401304202771312,0.06090558129836245,2.6526238291278297e-08,5.352703407157223e-07,2.262163627569823e-06
case_00706,0.1055348696333855,0.5123235161175916,0.35487927268810654,0.02726234156091636,1.4642967073714669e-06,7.587831315243356e-07,-1.9141616161319863e-06
case_00707,0.24016501481611183,0.012699535835471258,0.2812598379651546,0.4658756113832622,1.9315243097772476e-08,2.2847725724432538e-07,1.7835541538886445e-06
case_00708,0.03609826019137349,0.09756868862344717,0.14516388903541055,0.7211691621497688,-2.5932216250313245e-06,9.731153142710017e-07,-2.581178422319708e-07
case_00709,0.7202060837846462,0.0066202291112631385,0.20621283144175814,0.06696085566233242,1.3414842026398858e-06,-2.3029153499286544e-06,-1.0303662386510927e-06
case_00710,0.06713774954650863,0.18908578694254247,0.3376528409245877,0.4061236225863611,1.8358207720257234e-06,3.3011114523174663e-07,-2.050564423954719e-06
case_00711,0.2740530224904313,0.14067637699464394,0.49324226844143476,0.09202833207348997,-1.263012809281682e-06,-1.2767245732358308e-06,-1.994314463120224e-06
case_00712,0.3171120924393661,0.16960420754330785,0.4082667957966851,0.10501690422064079,9.847544357001027e-07,2.64105637980634e-06,9.71343328205402e-07
case_00713,0.060266569736587436,0.7095074747698332,0.03042282654531951,0.19980312894825977,-4.4044859367363983e-07,1.5724299206383542e-06,3.025823276827232e-07
case_00714,0.4812211310005113,0.0765695139585714,0.0707373486355457,0.37147200640537165,2.334716134364657e-06,2.8350868929584564e-06,-2.267487470092604e-06
case_00715,0.3238581527416313,0.05333462554145091,0.4828046660878928,0.140002555629025,2.0713533489644393e-06,-2.774663581558863e-06,-2.3238128373700488e-06
case_00716,0.1598014340406031,0.24165895316740776,0.2025022983843774,0.39603731440761186,1.5259198985785346e-07,-1.289200948915748e-06,-2.5661365513632514e-06
case_00717,0.05588900691812597,0.073315139138671,0.3779852329460539,0.49281062099714906,1.149033274881567e-06,-1.8274644801699061e-06,1.4626040842412648e-06
case_00718,0.45182925162382287,0.11013679798556701,0.3070094006607949,0.13102454972981523,2.300098206132624e-06,-2.933072476129017e-06,1.271292511375735e-06
case_00719,0.34112263456114783,0.11350823751443183,0.4432850214253958,0.10208410649902447,-2.5697939530347088e-08,-1.5460456185220715e-06,-2.6494140548725493e-06
case_00720,0.15258804439454593,0.7315569071125542,0.08789292360230333,0.027962124890596445,-1.1204955570670683e-06,1.0726559011225732e-06,3.6162045358183755e-07
case_00721,0.017305821388060253,0.6841022571713262,0.17113245751507922,0.1274594639255344,1.5219968274574872e-06,-1.6134664671925887e-06,-2.4919430685438606e-06
case_00722,0.3291972438173579,0.3571603974163581,0.07981093183064902,0.23383142693563502,-1.6796024712918494e-06,5.4020672895709237e-08,2.4224746236536503e-06
case_00723,0.3079271230155195,0.22202257554547722,0.034330266928578615,0.4357200345104248,-6.688131119637478e-07,2.3269086897899922e-06,2.442704515080795e-06
case_00724,0.45600487750157026,0.19542395299220724,0.32602586883882034,0.022545300667401992,2.194363422640762e-06,1.1625475220944515e-06,1.1893979388787805e-06
case_00725,0.06434789566306372,0.6822194090392517,5.472255895016102e-06,0.25342722304178955,1.3465340416158902e-06,-6.322255805638081e-07,2.5571335286366995e-06
case_00726,0.1584063242557699,0.0120396142987083,0.7746216474033103,0.054932414042211636,-5.771339685150044e-07,-7.651863665273502e-07,1.8687181824821435e-06
case_00727,0.3669495744576219,0.3665771005398579,0.2649810986952191,0.0014922263073011827,-1.7115329855498556e-06,-2.6558511594909147e-07,1.971231455562296e-06
case_00728,0.21582975704582438,0.5625795873368044,0.04194373146257226,0.179646924154799,-8.64189655006581e-07,-1.937751353640562e-06,4.182471034195993e-07
case_00729,0.32626466226287576,0.4544882325909796,0.13231569827111053,0.08693140687503408,-1.295375104635402e-06,8.040046044959285e-07,-1.1636448107029447e-06
case_00730,0.1112178573200779,0.3524541021310283,0.47967862153489704,0.056649419013996845,-1.9434642723368765e-06,-8.150830853723671e-07,-1.6932053093014705e-06
case_00731,0.053776954653695225,0.26940992571328903,0.1906698939767605,0.48614322565625534,1.4599974813939398e-06,2.114192095572262e-06,-1.036799867766425e-06
case_00732,0.3619023709328705,0.12881811501019405,0.2303172432101814,0.27896227084675396,-1.487580678898971e-06,1.5393159603468982e-06,7.709725805343723e-07
case_00733,0.0357303343754926,0.3438810897397035,0.5403136072946424,0.08007496859016167,-2.7499517899341717e-07,6.630789845529605e-07,-1.9640607850056064e-06
case_00734,0.27692339534778115,0.1600062387010913,0.5551572724348254,0.007913093516302285,-6.848433189833455e-07,-8.147866641029036e-07,-1.4481585801760705e-06
case_00735,0.10881423665074434,0.32474771813324016,0.12414632711013732,0.4422917181058782,2.8924642718137847e-06,-1.7404090099590938e-06,-1.9163482322721341e-07
case_00736,0.48017274133638244,0.03649766554944967,0.24337882587309786,0.23995076724107003,-6.53446535110677e-07,1.6569111846337374e-06,-1.6016994088523066e-06
case_00737,0.07537181387561927,0.44185874971239175,0.2873933873809347,0.19537604903105427,-2.5201051032194715e-06,-8.154540605348097e-08,5.318620182963696e-07
case_00738,0.22386791374536655,0.11066822090934311,0.4535296104877664,0.21193425485752393,-2.461045484567496e-06,-1.651499770935855e-06,2.539056170737979e-06
case_00739,0.24869984755383254,0.37684330398806426,0.06101529155598937,0.31344155690211384,5.445223281183887e-07,-1.8289523097599627e-06,1.488536194218759e-06
case_00740,0.04441391015576848,0.08662327343657886,0.0836061544521492,0.7853566619555035,5.961813104295936e-07,-2.007594572991846e-06,9.985596848934782e-07
case_00741,0.3681779254219342,0.22903609974734562,0.24621768681546777,0.1565682880152524,-4.874460571040702e-07,1.66296717723357e-06,4.963288559026728e-07
case_00742,0.6864485686356837,0.16014445501063945,0.11184103257231387,0.04156594378136297,-4.089378461278218e-07,-1.62607688819813e-06,-7.231254445761072e-08
case_00743,0.45653062389833243,0.39237139159355355,0.14354718416545664,0.007550800342657399,-2.676404502954773e-06,1.598535811511848e-07,-1.8806168421920418e-06
case_00744,0.27800773041052734,0.001748063734169246,0.1851597588532095,0.5350844470020939,9.92790623355734e-08,-2.9072183416166114e-07,2.368262732561194e-06
case_00745,0.15298441638581756,0.0711821273785348,0.32431703978938536,0.4515164164462623,2.8436852282110118e-08,4.776653953697032e-07,-1.508783987922982e-06
case_00746,0.1594363143094667,0.6881392672231539,0.010698519734132704,0.14172589873324667,-2.102704088658333e-06,2.2629294022271655e-06,-2.4521467345310356e-06
case_00747,0.25050524471144786,0.39235293951340444,0.039043226030748786,0.31809858974439886,-2.376963683334435e-06,2.206484340490384e-06,1.5000910753721712e-06
case_00748,0.23282599482384272,0.1461701809176549,0.04087203458050559,0.580131789677997,-2.258565056403057e-06,-2.935435690508421e-07,-1.9463067940130017e-06
case_00749,0.058289134699788026,0.126297419559811,0.11669051729840195,0.6987229284419991,-2.393830521052449e-06,-2.9078024955916603e-06,-7.686240027529439e-07
case_00750,0.28071888445586207,0.40038049262309694,0.07246297790646654,0.24643764501457457,6.582491732205588e-07,-4.4133716571418085e-07,-2.8302904302541218e-06
case_00751,0.16912056994652036,0.3567216534112974,0.47171854939691177,0.0024392272452703804,-1.8211040855824884e-06,6.371612245448425e-07,-2.1775923447573117e-06
case_00752,0.4853970117345261,0.0230493998383305,0.344684759137188,0.14686882928995523,-1.4914190868752193e-06,3.4658855458837066e-07,-1.9607782154405276e-06
case_00753,0.16813032575291728,0.1997654999473109,0.4455559856255517,0.18654818867422018,-1.958567135091362e-06,9.080166348012335e-07,-2.6735392334989323e-06
case_00754,0.3835466218386609,0.15069995497397867,0.020582149544199208,0.4451712736431614,2.7470118266910184e-06,-2.075545605161499e-06,9.399417397370711e-07
case_00755,0.13656580350732261,0.23008306680474716,0.46934655498261485,0.16400457470531538,2.127704778911012e-06,8.792105926843953e-07,2.022046774818704e-06
case_00756,0.013109100574856633,0.10538618035089008,0.6504951630503443,0.23100955602390902,-1.6170309758908747e-06,-1.9040902875373667e-06,-7.601075618043543e-07
case_00757,0.38686979647002673,0.3476962158960163,0.07711452646309032,0.18831946117086673,-1.034602236467244e-06,1.5031438841804938e-06,2.2474588603092046e-06
case_00758,0.6477815381615767,0.049810420089835585,0.1516983424509675,0.15070969929762013,-1.7406429461700171e-06,-9.6547432042392e-07,-1.719920552639241e-06
case_00759,0.10678093751160736,0.7419850329707895,0.013192912798041074,0.13804111671956212,-4.8744243235057715e-08,1.2593726002887212e-06,-1.0476574586325631e-06
case_00760,0.04529560748442322,0.8087197042193792,0.027554677779249418,0.11843001051694806,-2.8823368051544784e-06,-2.7128064065633576e-06,-2.0955780418129896e-06
case_00761,0.3789755701110128,0.345095961533424,0.15551141128458124,0.12041705707098199,1.0282080533807744e-06,-5.528398464545195e-07,7.233551725139916e-07
case_00762,0.29755858896601106,0.18017196019818,0.1349273714784975,0.3873420793573114,1.3894889890584984e-07,1.2302071335799965e-06,-4.807824547781588e-07
case_00763,0.06036885153979984,0.06543022200994437,0.20643550937980454,0.6677654170704511,2.39183356980662e-06,-1.6387769020110353e-06,6.797000810513918e-07
case_00764,0.2252338310412214,0.01949599278613499,0.019128209107171647,0.7361419670654719,-2.013643894029515e-06,1.7717222687833354e-06,1.5700494323651017e-06
case_00765,0.15073998838474637,0.04126608010148717,0.39046855404582126,0.4175253774679452,1.8246554763667902e-06,7.846783986295916e-07,2.74218096197691e-07
case_00766,0.2212922258431433,0.06585651449254813,0.0032225800727946788,0.7096286795915139,1.7517660868002944e-06,5.253706328987899e-07,7.657821294107273e-07
case_00767,0.08060279734205988,0.3144865756390277,0.3421734332521987,0.2627371937667137,-2.2369128646986783e-06,-8.787068747739771e-07,2.6115018863659976e-06
case_00768,0.10388235953901075,0.0875305675707107,0.2520280283756753,0.5565590445146033,-6.086446551352346e-07,-1.0529117771329464e-07,-1.2056141423469413e-06
case_00769,0.480080523692985,0.018326712439738334,0.027539121844484444,0.47405364202279215,-1.9790841531328985e-06,5.840958058671186e-07,-8.450163681962813e-07
case_00770,0.2904990841811274,0.46727953366589975,0.049316831314110125,0.19290455083886288,-1.4716769972547065e-06,-1.6522731651065722e-07,1.3062201702560212e-06
case_00771,0.41826642465444064,0.3947191472610229,0.18164155127867332,0.005372876805863148,-1.420522951016734e-06,1.1898799436433605e-06,6.678331023323205e-07
case_00772,0.177569838133806,0.05925670684492343,0.12148762152233644,0.641685833498934,3.374183641546365e-07,-3.978184013582428e-07,-1.928802572761711e-06
case_00773,0.13891725558627702,0.49959837954882075,0.05699456632249655,0.3044897985424056,-5.315344094372072e-07,-1.7863609095478178e-06,-7.431161399370589e-07
case_00774,0.8464719226297043,0.024112808587242754,0.0018746027896677704,0.12754066599338504,2.6863968240378324e-06,-1.7163973031937165e-06,-1.9297192125171045e-07
case_00775,0.02157095478222775,0.3062215877529383,0.5458890379732929,0.12631841949154093,-2.241779148317969e-06,-2.9651773869423537e-06,-4.836609721896638e-07
case_00776,0.1383587650867746,0.2633805353946021,0.5940570490951598,0.004203650423463631,2.8421528091011924e-06,-1.1942537066479653e-06,-1.9303511500677552e-06
case_00777,0.2841850120309111,0.30327948200650284,0.3240812181170702,0.08845428784551584,-1.6161681587144164e-06,1.4935058428711175e-06,2.5465805507055736e-06
case_00778,0.3411840790444874,0.026118826456504353,0.060563211920806784,0.5721338825782016,1.6372436182911182e-06,1.7649762530256568e-06,1.573912570163855e-06
case_00779,0.7128417731064746,0.007351033230199044,0.1516420872185826,0.12816510644474363,-9.661804429630715e-07,-1.7851947474255e-06,-1.1186500735288658e-07
case_00780,0.24691593509507595,0.22238023292855394,0.050480404460143756,0.48022342751622626,-2.1415116274961166e-06,2.754263981228446e-06,1.0803661698410193e-06
case_00781,0.38193425228461203,0.270134751239287,0.32343425564952416,0.024496740826576668,2.147335111477439e-06,1.4416760880760574e-08,2.383696032813131e-06
case_00782,0.36830876179767075,0.22191024022581882,0.19903023582308874,0.21075076215342173,-1.1468346045812208e-06,2.5018724941110156e-06,-2.182955145830573e-06
case_00783,0.5782349733326235,0.1683698586240713,0.04788632699808713,0.205508841045218,9.531324253610533e-07,1.240591691169787e-06,-1.497761695758134e-06
case_00784,0.3874843193327791,0.38202884200930487,0.21025565411592043,0.02023118454199538,3.986621105197594e-07,1.3346005381344783e-06,2.5620748353987034e-07
case_00785,0.09973799107204476,0.5452123800254486,0.18884047001453375,0.16620915888797289,-1.6946214365475417e-07,-2.489738272163573e-06,1.7940622281141522e-06
case_00786,0.07586129083935225,0.11133646843417978,0.5468016188283621,0.26600062189810586,-2.5083164108765277e-08,-1.680053238618416e-06,-2.782470627350836e-06
case_00787,0.45080257167315074,0.17637764021277838,0.2896842118485537,0.08313557626551706,1.3934274845537252e-06,-2.9471110002331642e-06,2.904108901178163e-06
case_00788,0.35819320451671327,0.16349171194680226,0.17124399456719852,0.3070710889692861,-2.473362515259357e-06,1.296765842860425e-06,-2.7056038270561706e-07
case_00789,0.5611160197280437,0.013480680779826374,0.3549185331985507,0.07048476629357904,1.009083971747431e-06,-9.333702694289403e-07,-8.44613156269662e-07
case_00790,0.3523322200917857,0.013302763706615227,0.215040786190943,0.4193242300106561,2.374872608391472e-06,1.7199150964580805e-06,-1.2436533729613687e-06
case_00791,0.016692867113958527,0.1950328953785861,0.7561185611441013,0.03215567636335401,-2.653270817880815e-06,-9.663826803778424e-07,-1.9538597540947702e-06
case_00792,0.43300074416594564,0.15785390367772673,0.31887155816329893,0.09027379399302869,-2.1560799645979995e-06,1.916002513793167e-06,1.7494434535801673e-06
case_00793,0.2770613800712427,0.2789033887012482,0.11656538607883794,0.32746984514867117,1.2997916202121889e-06,-2.215810477510122e-06,2.7324849884765795e-06
case_00794,0.17996199029725474,0.3519849909472985,0.27748558801326045,0.1905674307421863,-3.763101105322947e-07,-1.959761059454951e-06,-5.18131470927611e-07
case_00795,0.10478320004808357,0.30565401960794647,0.3320132499533386,0.25754953039063133,-5.787082751178698e-07,-9.54740762496381e-07,2.7145241685207377e-06
case_00796,0.30550578936739914,0.3237831270835464,0.18636960255936205,0.1843414809896923,-2.1782001927345847e-06,-5.490756667063602e-07,1.9427856926102047e-06
case_00797,0.2872327278697493,0.25364585282137564,0.05991821422883319,0.3992032050800417,4.062024430672867e-08,-9.077831349421298e-07,-1.1369323514209019e-07
case_00798,0.6650867658396119,0.08616706051569452,0.09531162085686137,0.15343455278783233,-2.2407281328217367e-06,1.581882195139319e-06,1.044157074756796e-06
case_00799,0.5122269617583544,0.37799449219144493,0.01957163891248769,0.09020690713771318,-1.4027726213675776e-07,-2.418291644239712e-06,-3.9009492497722243e-07
case_00800,0.2191091168841401,0.1901323518516304,0.05858160227307649,0.532176928991153,1.58169179376994e-06,-8.926978821690717e-07,3.523404492753146e-07
case_00801,0.17973526037918494,0.28944103932984777,0.3113498587466024,0.21947384154436472,-1.450413852677019e-06,2.023439997092756e-06,-2.651721977888977e-06
case_00802,0.20540263863938676,0.3348785345865111,0.06207020338758279,0.39764862338651935,-1.1528299092163612e-07,-2.5992175364269683e-06,1.1775808518031986e-06
case_00803,0.11176632025256177,0.6698970886722823,0.14758207962190267,0.07075451145325329,2.952095816381014e-06,2.6540610460281444e-06,-2.68305213309518e-06
case_00804,0.0652359363719526,0.0007200559971656128,0.4580324244697069,0.47601158316117487,1.1199025401242237e-06,2.917901053632077e-06,1.902509681517897e-06
case_00805,0.7191448606338655,0.174925286403728,0.08673100056680991,0.019198852395596544,2.0481406278311918e-06,-2.4685909570495198e-06,1.9496815767633446e-06
case_00806,0.05826746935057894,0.7122132899928193,0.08889023322410995,0.1406290074324919,-5.109143606367253e-07,-1.2523648664655783e-06,-1.5775362746627125e-06
case_00807,0.0548085088304966,0.12382556263365715,0.36058329502685504,0.46078263350899107,1.6071655387551322e-06,-7.65596003787863e-07,-1.0580233137851983e-06
case_00808,0.2550320501525701,0.053873648564534075,0.44934875520169865,0.24174554608119705,-2.756944962352069e-06,1.6583482119163562e-06,-1.1213772865024031e-07
case_00809,0.047351025254728216,0.6142045469538889,0.18297391620817538,0.15547051158320732,-2.2625329047465302e-06,5.755608727004031e-07,5.799774415948888e-07
case_00810,0.17516394758555942,0.18259435801692833,0.2537164668204456,0.38852522757706676,-1.7815764424796272e-06,8.661942029554042e-07,-1.2758780295480197e-06
case_00811,0.46159273929346395,0.07179228840583904,0.2642573055590986,0.20235766674159833,-5.882884523086825e-07,1.5450589369110355e-06,5.549184277915502e-07
case_00812,0.5207891743793011,0.25426857927239066,0.1937059273455852,0.03123631900272321,2.0744692699545795e-06,-2.2921260033778458e-06,-1.2132775606242068e-06
case_00813,0.5741713007555401,0.07692410836800678,0.253794342104996,0.09511024877145711,-9.22403695272417e-07,1.9992567414615747e-06,-2.667055673573636e-06
case_00814,0.2827076987015746,0.055440000555617985,0.11936927406246568,0.5424830266803418,9.277271610927774e-07,1.2337188250808643e-06,-2.9848347010085463e-06
case_00815,0.15245074834198338,0.4728402162482693,0.3625089719191946,0.012200063490552773,1.2558857688209005e-06,4.640503511782216e-07,-2.3930936524894286e-06
case_00816,0.5059245344544486,0.022998443221666286,0.2066745689611657,0.2644024533627194,5.170941245300486e-07,2.3384120086983404e-06,1.7535042009841094e-06
case_00817,0.40262728981113105,0.47451806491636567,0.11877598505258681,0.004078660219916294,-8.565481909791827e-07,1.2018381233028426e-06,2.768587874300023e-06
case_00818,0.23019846403259436,0.13738952970566087,0.323912952872971,0.3084990533887737,4.6232005028126565e-07,-1.7898002242138476e-06,-4.3820280431268465e-07
case_00819,0.4127006637764582,0.14778853768551276,0.09037516196495358,0.34913563657307556,-9.464064432615228e-07,-4.215277135459997e-07,7.610372069965678e-08
case_00820,0.12310333859840303,0.041566356586784724,0.39602804324074764,0.43930226157406443,-2.4967575686879278e-06,-3.5742798385600274e-08,-2.1189109855594433e-06
case_00821,0.22230460626742723,0.027868024690641036,0.1737324705733405,0.5760948984685912,2.956823869116086e-06,-2.668694239497566e-06,3.0618811608094227e-07
case_00822,0.49207382633070323,0.04824156419285163,0.014700136715126521,0.4449844727613184,-2.2369052782049345e-06,2.7278250801603347e-06,-2.132070587958139e-06
case_00823,0.1030619654720714,0.16302941417861108,0.7195178261609899,0.01439079418832753,-2.565909696983656e-06,-2.2285364352187294e-06,6.672859871929804e-07
case_00824,0.32439455398323164,0.02390053377663174,0.14613015732954765,0.5055747549105889,2.2711844952429355e-06,1.1847676033603612e-06,2.599552005485123e-06
case_00825,0.07431426291895274,0.7679339145496022,0.10709033049712352,0.05066149203432151,-1.1889920346426294e-06,3.738621654528109e-08,-1.8258087641817624e-06
case_00826,0.20420212122806672,0.3545009196826618,0.3828230872663837,0.05847387182288784,9.01781844441046e-07,-2.8462065006934644e-06,1.5873823083426121e-06
case_00827,0.13421556102353183,0.18154896638699689,0.3731806990176251,0.31105477357184613,-1.0259656220266028e-06,2.5484848551861703e-06,-2.8589854630900557e-06
case_00828,0.47977213299453036,0.0032664134869371335,0.09546824915683898,0.4214932043616936,-6.512743752331733e-07,2.111020852913599e-06,-7.470165520702742e-07
case_00829,0.1749833906516169,0.0014090229803344582,0.43166589318627135,0.39194169318177746,-1.427322167899221e-06,1.4554756742301333e-07,-2.335508953016946e-06
case_00830,0.24884250746480324,0.021527209989102968,0.4553148182932579,0.27431546425283587,-9.41735965241939e-07,-1.6263459831633285e-06,-8.851473504258033e-07
case_00831,0.2889664392458258,0.2643458058930724,0.30822080985811356,0.1384669450029882,-5.357975964807414e-07,-2.2702626559194346e-06,-1.958778482166699e-06
case_00832,0.04214072168030655,0.30997232754205634,0.2700210318894067,0.3778659188882303,1.3224964145540573e-06,-8.196451234072404e-07,-7.601700592626754e-07
case_00833,0.04654331243046247,0.054216770793642656,0.5527126730571172,0.3465272437187775,6.921716540875059e-08,-1.467430313723457e-06,-4.948631633548179e-07
case_00834,0.41314605861377146,0.24593400241560634,0.15727086126904516,0.18364907770157704,2.661391302941862e-06,4.0147206037792256e-08,-1.1964532633144899e-06
case_00835,0.5193403435594222,0.20417345927756753,0.2363043905665948,0.04018180659641544,-2.748717636967347e-06,2.7984557767405737e-06,9.397316968387747e-07
case_00836,0.26275995337445307,0.5155265410829771,0.12927349053956044,0.0924400150030093,1.8409935792169187e-08,4.497209593778483e-07,2.5131123075534585e-06
case_00837,0.26007789572318946,0.19087673445450942,0.16708525306458588,0.3819601167577152,5.053487329903088e-07,2.3395863353405874e-06,-5.964277553683661e-07
case_00838,0.7054234490922583,0.20929059114806522,0.0615879345813579,0.02369802517831859,2.5211819164456432e-06,9.052730249746639e-07,-1.8459410611498714e-06
case_00839,0.26612807364105834,0.10780586608187014,0.3853769021924042,0.2406891580846672,-2.7050488582714346e-06,-1.485208404767971e-07,-1.3756634508241e-06
case_00840,0.46876627690507555,0.09352229282593902,0.347362944815544,0.09034848545344143,4.4099750961129633e-07,2.1276453764002273e-06,2.124004940978214e-06
case_00841,0.6195763263666535,0.224010389828821,0.08687331161280254,0.06953997219172278,2.1217795711677425e-06,-1.7179133896201504e-07,4.298383396208874e-07
case_00842,0.08309869960111356,0.46528194035457326,0.0968070897293904,0.3548122703149229,-1.5484336312845806e-06,2.211769023062166e-06,-2.6993380615825643e-07
case_00843,0.06705282676310492,0.2365954078056794,0.36801350759284357,0.32833825783837206,2.257754091143625e-06,-1.2505393825454084e-06,-2.10217967094644e-06
case_00844,0.4880174889597241,0.07092149390811035,0.03156556524692269,0.4094954518852429,-2.885739544354249e-06,-2.2271215574220714e-06,-3.016361500573084e-07
case_00845,0.3383437103344343,0.4170189988127107,0.023305119927960527,0.22133217092489457,1.394727774802378e-06,2.1318867861776304e-06,-1.32904797985568e-06
case_00846,0.010567711976879798,0.6519890318372257,0.08604219862994876,0.2514010575559458,2.598679327011918e-06,5.244909827560005e-07,2.6589787671200958e-06
case_00847,0.010432708118788148,0.28841413994030285,0.10236721217178398,0.5987859397691252,9.431859698403735e-07,2.334554389493761e-06,2.3044206564943876e-06
case_00848,0.2094448638842072,0.037625204983176355,0.22110404834173442,0.5318258827908822,-3.658245361173124e-07,2.626963241954299e-06,-2.496584749030812e-06
case_00849,0.36706375040457623,0.3919125198058466,0.06022459529315863,0.1807991344964186,-2.730713901163692e-06,-2.678229657771305e-06,9.992093556745735e-08
case_00850,0.009446259780430313,0.013530776501259258,0.9233672006207717,0.05365576309753883,2.520682879935773e-06,5.815811153209923e-09,-1.6496499269119677e-06
case_00851,0.12515681916266513,0.14914119195434325,0.1771629233547454,0.5485390655282464,-1.782226638505515e-07,-7.502127055528244e-07,-5.353374628542564e-07
case_00852,0.28016075264070106,0.041746726146601,0.5368456466356553,0.1412468745770428,-2.826019533984312e-06,7.551503824207028e-07,2.2610879895087388e-06
case_00853,0.0079975127734165,0.15759864885294406,0.5399331717672843,0.29447066660635535,1.1389264279725713e-06,1.7615471832139408e-06,1.6508711933126896e-07
case_00854,0.218603997610245,0.6191029875413918,0.1538507724877979,0.00844224236056533,-1.0897647854245107e-07,-1.3164587041537864e-06,-9.947082397754412e-07
case_00855,0.37068010544902563,0.25067664223072644,0.3684579434689356,0.01018530885131242,-2.2539280953455357e-06,3.407903062390297e-07,-1.7526698753700177e-06
case_00856,0.39540205892452734,0.21054926602316387,0.18056612470894295,0.21348255034336588,-1.7143691441384426e-06,1.252371479429397e-06,1.8019491564389355e-06
case_00857,0.2371095293042411,0.10491030444747426,0.10320307743149797,0.5547770888167866,-2.6130559172649224e-06,-2.1934135029855958e-06,7.471080921860827e-07
case_00858,0.38004871417064895,0.1569904416551966,0.3304059056554746,0.13255493851867975,4.4576123825144113e-07,1.8844014357076015e-06,-1.9160723744261271e-07
case_00859,0.04030152948181015,0.14086654377113123,0.40837542538196053,0.41045650136509815,7.321768755120556e-07,6.366575991178386e-07,-1.6950938768221318e-06
case_00860,0.061174631770114354,0.10967010645673926,0.03476771866235167,0.7943875431107947,3.445379013266625e-08,2.6972246226819106e-06,-9.945217550572122e-07
case_00861,0.5021345242066578,0.1326218475882345,0.2064119400188529,0.15883168818625468,1.9026127980156899e-06,-9.628264852158403e-07,2.7590605604311115e-06
case_00862,0.33507554971197895,0.020426396978498466,0.22598553603622806,0.4185125172732944,2.166052927848082e-06,-2.351124345976808e-06,1.2053962563500579e-07
case_00863,0.24475986460240703,0.10099747888500078,0.6146333389100129,0.0396093176025792,6.937463800987597e-07,3.900720622155169e-08,-5.958043125404822e-07
case_00864,0.1688930982617164,0.2857712015969365,0.29074457334387727,0.25459112679747004,-2.923461121755417e-06,-2.485135369743367e-06,1.285322540899435e-07
case_00865,0.13322550317291998,0.07027747096605168,0.4180866038349481,0.3784104220260803,1.1713779344864139e-06,2.817159139944041e-06,1.6739310353976517e-06
case_00866,0.06319035698921922,0.39041298600490126,0.1941385158629722,0.3522581411429074,-4.920046984778905e-07,-2.767890250456851e-06,-9.593463809827873e-07
case_00867,0.5142808372787782,0.052667298769011654,0.005473505891004242,0.4275783580612061,3.933448993583221e-07,1.5210234066438483e-06,-1.9277632744043472e-06
case_00868,0.16835723700755398,0.21522989128634704,0.32587936626677505,0.29053350543932394,8.944836121133067e-07,1.5061438885346402e-07,5.096167100342866e-07
case_00869,0.6241797471734084,0.14780386275874627,0.12906552938953816,0.09895086067830718,-8.985803140375394e-07,-7.882760850102678e-07,9.91224620886403e-07
case_00870,0.04296924502774535,0.2188884403442493,0.08352360331375173,0.6546187113142535,2.5025910310307657e-06,-2.6049470129480722e-06,1.2763080177512976e-06
case_00871,0.3862919987122231,0.3966311044095009,0.1935100769917227,0.023566819886553268,-2.196150799501313e-06,7.330015450416465e-07,2.2919255445967783e-06
case_00872,0.020102960898703053,0.34305849235528096,0.055062159071008025,0.5817763876750078,1.0290708436862248e-06,5.113219763457315e-07,-7.729552758653218e-07
case_00873,0.38098754837977594,0.38393186728936435,0.19260661657941944,0.042473967751440286,-2.9738425202605176e-06,-1.3147003615944016e-06,-2.547870622626649e-06
case_00874,0.34773267666070634,0.38003065031425187,0.03830598361662327,0.23393068940841863,2.547906632431085e-06,2.4613302084618726e-06,2.7500915017856533e-06
case_00875,0.04282866047573132,0.2058625319233337,0.7474412887657214,0.0038675188352136286,-2.324975200571451e-06,-1.1753399559429787e-06,-3.8992843537514897e-07
case_00876,0.3034308434813433,0.12988869990480936,0.48331087668951,0.08336957992433751,-2.4306946191145522e-06,-3.0164753644736327e-07,7.395450580387878e-07
case_00877,0.776146603975097,0.0265997276099838,0.1686133985332323,0.028640269881686834,-1.0019542016865347e-06,2.625747355119342e-07,9.978319387697535e-07
case_00878,0.3667806061730285,0.16821236141821144,0.1896209007454536,0.2753861316633064,-7.586022837655163e-07,-2.3986087309422834e-06,2.790822522072211e-07
case_00879,0.10033648862852972,0.5494945983898154,0.0831217049295794,0.26704720805207555,-1.7141995660627282e-06,2.592970315281794e-06,-1.7684548215823794e-06
case_00880,0.19844311674623663,0.4822773180217298,0.23820282096145787,0.08107674427057568,5.107299655627481e-07,-7.527830852937533e-07,1.5308583006968489e-06
case_00881,0.03406280310396204,0.02960452824104326,0.6716937528389965,0.26463891581599813,-3.425154117482187e-07,-2.5153247167539383e-06,1.8225118458244896e-06
case_00882,0.5781044248096532,0.09751601274784208,0.05491223086181554,0.26946733158068914,-2.7949464657534756e-06,-6.762529579480201e-07,3.1785351610463896e-07
case_00883,0.34213925407919327,0.30825686345906095,0.22926820338696488,0.1203356790747808,-1.0820876264681962e-06,6.012152825554842e-07,-6.863303649095051e-08
case_00884,0.15427898443370305,0.22855275918926066,0.5835321790823635,0.033636077294672564,1.8625974814390234e-06,8.191603092797746e-08,-2.316370901232088e-06
case_00885,0.09567832014749868,0.6701756942950433,0.0643231295010529,0.169822856056405,1.1382092091712118e-06,1.1672518442236438e-06,-2.496290031001297e-06
case_00886,0.6855413441491672,0.057699913824260506,0.029602605100677987,0.22715613692589418,1.3492251214792831e-06,-2.6670963475925362e-06,-9.626109266188278e-07
case_00887,0.12146070020260083,0.2795083527290678,0.5492805113993441,0.049750435668987236,1.188701544501141e-06,-1.2927563383676633e-06,-1.1349230668956405e-06
case_00888,0.321065486830663,0.26013730230502385,0.05746930136801296,0.3613279094963002,-1.1341618717018002e-06,1.915383461040614e-06,2.721938705779627e-06
case_00889,0.18916772533523768,0.3959007616458939,0.0507988838804833,0.364132629138385,-2.4020164675393446e-06,-2.520637873251835e-06,1.7017364546605786e-06
case_00890,0.13578586574192006,0.6412154862768261,0.021768119607383063,0.20123052837387076,-1.365196895801424e-06,2.1329157281757456e-06,9.595457715543593e-07
case_00891,0.15894265147158435,0.3345846820122538,0.22132532249235135,0.2851473440238104,1.9907118011109556e-06,-2.4486234475373625e-06,1.0588853410563034e-07
case_00892,0.32402791347502136,0.42791364168962837,0.081329761723847,0.16672868311150318,2.8828247866984266e-06,2.0067252893501773e-06,-1.9957948156400917e-06
case_00893,0.20251893362122553,0.5028278936572279,0.2433547821772562,0.05129839054429042,-3.6917911550631854e-08,-8.352695935276401e-07,2.870740033105703e-06
case_00894,0.07432874141228137,0.23010501590288687,0.4633248499322862,0.23224139275254568,-2.941797870461747e-06,6.732543795432947e-07,-7.497558105587398e-07
case_00895,0.134850390234135,0.3721483349392109,0.09162483068653464,0.4013764441401195,-2.159731127194626e-06,-2.082677306112011e-06,-2.3584463853165313e-06
case_00896,0.1762773232001402,0.13429067261054112,0.20425519528557293,0.4851768089037458,-1.0675165481024053e-06,-2.602987669648915e-06,-3.720662570552343e-08
case_00897,0.03771016420331935,0.0612305958217551,0.8470274289128557,0.05403181106206994,4.7151209155769833e-07,-1.7043707758791896e-06,2.2439880696784995e-06
case_00898,0.24580153751352138,0.25376467424839866,0.19712466592436825,0.3033091223137118,-2.5494381251681164e-06,-2.2328770925478268e-06,2.3237460106639765e-06
case_00899,0.0998699686021853,0.30764958819767124,0.17802182009985504,0.4144586231002884,2.66014379225929e-06,-1.1255646139222094e-06,-2.9342045036613165e-06
case_00900,0.09952194664526869,0.5530291741071296,0.13394018775711308,0.2135086914904888,-8.094979602935959e-07,8.629947906612092e-08,2.3177744685083987e-06
case_00901,0.09746693447619947,0.0797390863925849,0.6899217956018981,0.13287218352931754,2.4755053075489385e-06,5.32556781390057e-07,-1.371094695000849e-06
case_00902,0.3676125722651788,0.49185147450253586,0.11887515264188105,0.021660800590404355,1.6831308165421307e-06,1.7392086442784577e-06,-2.7661658161894618e-06
case_00903,0.1793624169089255,0.6108287678335993,0.1750133747006179,0.0347954405568571,1.5326236350934868e-06,9.374393594901516e-07,2.086741622177246e-06
case_00904,0.1824191854537559,0.41812932751351295,0.35629117024068385,0.043160316792047265,6.403174786933919e-07,6.525499507773177e-07,2.18320053592925e-06
case_00905,0.3031912226142495,0.06761170126631044,0.06681317161431287,0.5623839045051272,7.607029023110677e-07,-5.29307835085352e-07,5.773864790540999e-07
case_00906,0.10885371073253983,0.11577444544523707,0.00024769204619658533,0.7751241517760266,8.280194112974887e-07,-1.5714939023916776e-07,4.466025437781502e-07
case_00907,0.3825186033311575,0.24001845990822127,0.3373572283925088,0.04010570836811245,7.723283221534928e-07,-5.128750236589136e-07,1.8787216357285162e-06
case_00908,0.3387213699213093,0.2390387203582424,0.054402880007005015,0.3678370297134432,3.223693883901675e-07,2.052996180368299e-06,1.7178573162616788e-06
case_00909,0.8039850131805496,0.012966296077020364,0.10927463155572467,0.07377405918670536,2.9184841108973334e-06,-1.619997284709601e-06,2.340632840656224e-06
case_00910,0.06935507566827653,0.6095828544697179,0.1609544692056632,0.16010760065634227,1.3937434045541766e-06,-2.9656744107482125e-06,3.164846855802206e-07
case_00911,0.5055899000686145,0.05935360402161462,0.2362562128286326,0.1988002830811382,1.6616783303551267e-06,9.07919383357436e-07,2.8058825563968522e-06
case_00912,0.08566269318850567,0.7281756874479839,0.13833566671730996,0.04782595264620048,2.234776890502045e-06,-1.7852268981670116e-06,2.9768809856000307e-06
case_00913,0.7973059304634194,0.0849094534722357,0.014033688318903474,0.10375092774544148,-1.706161423644905e-06,2.340690817858856e-06,-2.3007323400082046e-06
case_00914,0.09247083830072994,0.15877793784826802,0.2121778977333893,0.5365733261176127,-2.4971750454296354e-06,2.1542779782399367e-06,2.0972625573247328e-06
case_00915,0.4766905328991538,0.46509151060984005,0.03446169569692828,0.023756260794077895,-1.0263338040840799e-07,-2.539635768430765e-06,-1.0664535084658776e-09
case_00916,0.23698782881010494,0.17056834882193314,0.5406250443828198,0.05181877798514216,8.448417371563894e-08,-2.361669567515536e-06,-6.746019702010073e-07
case_00917,0.0268061977875336,0.6318593278183715,0.2873935131391625,0.05394096125493235,1.9750906796995066e-06,-2.8970446520002212e-08,6.784338592962898e-07
case_00918,0.48204328898781784,0.044231747194406784,0.3503798783189986,0.12334508549877664,-3.3729852430598586e-07,6.553359766161279e-07,-2.6642066564279577e-06
case_00919,0.06847900831441299,0.17164984897007346,0.5809981527427095,0.17887298997280401,4.251181532658765e-07,-1.3505499751065556e-06,3.876671260247919e-08
case_00920,0.4241502165463766,0.04093427106060462,0.4523645957440807,0.08255091664893786,1.6242563108075002e-07,1.3007863001962238e-06,2.2253434201600004e-06
case_00921,0.22171628692181694,0.1634880184328215,0.5187818226905636,0.09601387195479796,-2.770783297455654e-06,5.694961255132292e-07,-1.7192309031661872e-06
case_00922,0.026478547139037537,0.00748119083602575,0.6783072550914071,0.2877330069335296,6.912893795814841e-07,-1.0510553415086717e-06,-4.4166063138344923e-07
case_00923,0.6743241873687805,0.12067168170067658,0.19119623933239346,0.013807891598149281,1.9682597146455133e-06,-2.8477710717461067e-06,2.636885326289253e-06
case_00924,0.4416845769316753,0.14947804073960402,0.366991927231663,0.041845455097057546,-2.054996711545177e-06,1.500901687791106e-06,-4.286169731658161e-07
case_00925,0.217486803982418,0.26105674673156726,0.08789612243604512,0.43356032684996965,5.659904035595747e-07,-1.7114780050495038e-06,-8.497942060056102e-07
case_00926,0.4343089622352553,0.31925932169148,0.19843140022865355,0.04800031584461101,5.616632666784861e-07,2.0068424607757707e-06,-3.5678011125973045e-07
case_00927,0.06740847394877598,0.673903875318522,0.002106876592218321,0.25658077414048364,-2.0148902156618476e-06,-4.782584396744689e-07,1.1671659910533813e-07
case_00928,0.17038669296503187,0.13556889814509746,0.6420539062225754,0.05199050266729523,-2.259218557615584e-06,4.624646557905926e-07,7.919480647888133e-07
case_00929,0.2999688962516629,0.05936917295934617,0.42224210941358914,0.21841982137540192,2.880311657858909e-06,2.2376923824540117e-06,1.8041568055003868e-06
case_00930,0.08142550194401077,0.3482675264620804,0.5305355256666061,0.03977144592730256,-6.376849820817749e-07,2.1817380055197203e-06,-2.8738676541411457e-07
case_00931,0.14266298501181598,0.8081396306474687,0.01953124023253099,0.029666144108184307,-1.6354696276588244e-06,-7.708825485385604e-07,1.9048856105408418e-06
case_00932,0.03788874741143624,0.19285263718558196,0.034773992301773145,0.7344846231012087,-1.9720527332737506e-06,-1.7466666437109414e-06,2.0232396811248372e-07
case_00933,0.26806244593267803,0.3153027794937831,0.1282776817459897,0.2883570928275491,1.0056102814994103e-06,1.6508764663715685e-06,-9.691169377921339e-07
case_00934,0.22879510039926013,0.29347231538555435,0.295766399424757,0.1819661847904285,6.56671783963673e-07,-4.015187783872131e-07,9.477049687164853e-07
case_00935,0.4252285518744539,0.3080747477927506,0.25633188988134703,0.010364810451448303,8.613127379245048e-07,-1.8477480386459756e-06,1.3063335284609487e-06
case_00936,0.003701413916690908,0.12808248780370823,0.5841555889452746,0.28406050933432625,-2.4719638349312866e-06,2.4265520539029018e-06,3.4829385377692504e-07
case_00937,0.07021806653497424,0.29449198991029407,0.30812148728722716,0.32716845626750457,2.361207500990622e-06,-1.8113748345534758e-06,-2.6603101611916595e-06
case_00938,0.18113018589204202,0.5647851925005878,0.15240061100044075,0.10168401060692947,-6.644016191457104e-07,-2.8451569908526136e-06,-1.9807027490350507e-06
case_00939,0.06890162854692572,0.14134134127229397,0.18972412858791593,0.6000329015928645,-1.1197835614178524e-06,-2.8783201573954803e-06,-1.2882136746586309e-06
case_00940,0.05001984957112395,0.520036296572774,0.29693295832443467,0.13301089553166745,-2.2583131651356467e-07,7.338921387255857e-07,-1.3042463642910414e-06
case_00941,0.2703755370621468,0.14201714468242768,0.3610418061833623,0.22656551207206338,-6.596036055142306e-07,9.70050364305182e-07,1.0405248014812232e-06
case_00942,0.05249088000620756,0.03622625676401901,0.23122271360902028,0.6800601496207531,2.181462018834875e-06,-1.1337497696580966e-06,-2.8899080299582046e-06
case_00943,0.07666076219876465,0.2401515366137786,0.1954810746828808,0.48770662650457586,2.575565851187353e-06,-1.0799340645176196e-06,1.5340906622971193e-06
case_00944,0.2909259895972183,0.1413998899590936,0.18097455122091569,0.3866995692227724,-1.1792807013023627e-06,-9.630365096403435e-07,-1.407945151158401e-06
case_00945,0.19112965254195707,0.1482890256603775,0.004073474425536816,0.6565078473721286,2.183614844759729e-06,1.0809512805532724e-06,-1.1398689227033857e-06
case_00946,0.5031789704315037,0.03438642573968916,0.2680683415177356,0.1943662623110716,1.689138777198403e-06,-2.6511972538390287e-06,1.674589676635457e-07
case_00947,0.028860922534750925,0.9000449958505468,0.055197969142711065,0.015896112471991224,2.584846034068571e-06,2.5746981161479543e-06,-1.704446394366255e-06
case_00948,0.2693578476031786,0.40030627844020417,0.00983274335903078,0.32050313059758645,-1.525498126884673e-06,-1.6648737349353213e-06,2.3068278814531655e-06
case_00949,0.4004692668873449,0.057439774549613125,0.09979970491859248,0.44229125364444943,4.6175490072587447e-07,2.9980392314525532e-06,-2.4877873240406083e-06
case_00950,0.03925666661334039,0.3111322552587821,0.19074349025004605,0.45886758787783166,-1.3527324915573322e-06,-1.970863837276878e-06,-3.337058261936106e-07
case_00951,0.0627774274889636,0.7302492312674134,0.11782204315564067,0.08915129808798238,1.9445669429062453e-06,1.6292787438742645e-06,2.0965336167293396e-06
case_00952,0.02724866384348591,0.028592102178182765,0.6211718200550133,0.3229874139233181,-2.9680548565736147e-06,-1.6595247304222498e-06,6.950633665274146e-07
case_00953,0.10874227521570347,0.4029678986570809,0.12340844250064995,0.36488138362656575,3.889149773183766e-07,-2.514919190140476e-06,-1.2460229049441994e-06
case_00954,0.09787161473375966,0.3814858449545061,0.37795476853616145,0.1426877717755729,-9.647794123684923e-07,2.249599946103893e-06,-4.754387533412357e-07
case_00955,0.14803478579360482,0.1542882522505523,0.561387754945713,0.1362892070101298,-1.0638977575330788e-06,2.1525075551453514e-06,1.2401662820550875e-06
case_00956,0.14569794880106152,0.05497282781744773,0.3905397669642308,0.40878945641725994,8.694379431895022e-07,-5.78577645302392e-07,2.8395644601833963e-06
case_00957,0.4355756885722787,0.05924895850588043,0.1136486670476429,0.391526685874198,2.1089066958839632e-06,1.2143768552425608e-06,2.358832310276601e-06
case_00958,0.5428096081071444,0.15188127028883552,0.1922570505411103,0.11305207106290967,6.551723483599574e-07,3.423955961035028e-07,-9.454031497057396e-07
case_00959,0.403137651173179,0.018881784227347816,0.4058093587110723,0.17217120588840093,2.119037871880335e-06,2.117736682042493e-06,2.9891872757271454e-06
case_00960,0.38674870168644654,0.01693323148218002,0.32918315575973367,0.26713491107163967,-1.4124173287138203e-06,-1.1096641840880735e-06,-2.9789720188136507e-06
case_00961,0.031305748947799854,0.19023356466917285,0.6313802710076911,0.14708041537533617,1.170111285898869e-07,1.4203439999391103e-07,-2.8342214651495095e-06
case_00962,0.6304398012387052,0.03563605979907041,0.2717527690326463,0.062171369929577905,-2.967807655975439e-07,-8.776577277269708e-08,1.943043091027163e-06
case_00963,0.1935860530928092,0.5689280936598914,0.22118112132408493,0.016304731923214532,-2.9301306029814227e-06,-8.765650424588477e-07,-1.803223879001688e-06
case_00964,0.12345391546436872,0.2254881925576468,0.14549547298878895,0.5055624189891954,3.408728588444406e-07,2.3487303873382332e-06,-2.635384389622555e-06
case_00965,0.4966040280965398,0.2787952531940836,0.13774253408599385,0.08685818462338273,9.691459448770496e-07,-2.004732452024787e-06,-1.5771115605809868e-06
case_00966,0.050643367030965954,0.1983696457901995,0.2412153369318654,0.5097716502469691,5.514864265144203e-07,-2.102948162875823e-06,-4.433990761148389e-07
case_00967,0.5803239687171613,0.03929711707607433,0.2719153115338546,0.10846360267290969,1.417679392700529e-06,4.6145721193650805e-07,1.3833976226004288e-06
case_00968,0.06787578751435228,0.6988739649347548,0.017039566944094635,0.21621068060679807,4.280371707184626e-07,9.449653799096517e-07,7.46013159307233e-07
case_00969,0.054547155982885905,0.6263355019841422,0.2411742422341943,0.07794309979877767,-2.5994984708954587e-06,-1.832284474052609e-06,-1.5742726946374774e-06
case_00970,0.12843409146003343,0.2419322898779487,0.5838116322794221,0.04582198638259579,-2.3013268554917314e-06,-6.556953464722554e-07,1.9622688603506657e-08
case_00971,0.2591151167275219,0.3246424787341388,0.2959353697775653,0.1203070347607741,5.788474652637144e-07,2.6793830578724625e-06,2.5572846323914125e-06
case_00972,0.27124919347529186,0.14089450587309307,0.38102012138884767,0.20683617926276737,-1.350124848158159e-06,-1.520295463855956e-06,1.890046661902546e-06
case_00973,0.23841683784096845,0.1178781836007255,0.27706871112566234,0.36663626743264377,-2.522129225791405e-06,1.010164212704364e-06,-1.0608612910092396e-06
case_00974,0.03451801665725346,0.39008728559189976,0.16942863595917762,0.4059660617916692,-4.2238353930871945e-07,1.4408963621855453e-06,2.893587368134178e-06
case_00975,0.1486859353550473,0.12552554076155872,0.6495910298671056,0.07619749401628853,3.259355885019323e-07,-3.112278032090429e-07,1.2517224026107861e-06
case_00976,0.5148113530028261,0.18321507558301864,0.1998436307186061,0.10212994069554897,-1.0275240699023606e-06,2.6251559205574977e-06,-2.625303865999309e-06
case_00977,0.5312749100915695,0.2455495951262136,0.02500797613245522,0.1981675186497618,1.322602213354668e-06,1.419940411312743e-06,-2.789035720268168e-06
case_00978,0.0008293622748179933,0.4967471232582316,0.4372635428236696,0.06515997164328091,8.626236486074677e-07,-2.5245252083461274e-07,-1.98955230593982e-06
case_00979,0.2911391924826881,0.09479297371490955,0.248397761590418,0.36567007221198444,-1.003089833449968e-06,4.1601121065656374e-07,1.3671352083008812e-06
case_00980,0.555212645902728,0.09676966637432662,0.2894937736056406,0.058523914117304746,1.5292351734513636e-06,1.155680660550604e-06,-1.8975664449454326e-06
case_00981,0.6957492277605795,0.003915579972688636,0.1387537266560239,0.16158146561070805,8.921702551982124e-07,5.531410825753094e-07,6.892061525300092e-08
case_00982,0.27202821093216334,0.029954653290279624,0.6513374480870406,0.046679687690516496,8.246722723074121e-07,2.2721855029564554e-06,-2.44043927891501e-06
case_00983,0.4088372124672729,0.10564155880245386,0.1539289963810257,0.3315922323492476,3.205662047224083e-07,-8.586680263175931e-07,2.5253169469811704e-06
case_00984,0.3740177980857796,0.12097007783318832,0.12986255503806368,0.3751495690429684,-2.9316619914686833e-06,-1.2006855596651706e-06,-9.362363184985948e-07
case_00985,0.3303781583180985,0.5325861966073784,0.020505620970633937,0.11653002410388923,1.1790431008613344e-06,-1.7169666630284143e-06,2.448792339363785e-06
case_00986,0.049623999964027256,0.007860134804948543,0.5091792254105459,0.43333663982047843,-7.437492533450613e-07,-2.773302191612429e-06,2.6692538514632656e-06
case_00987,0.07840193307105918,0.11733755445597836,0.01057082724244504,0.7936896852305174,2.6556582609519334e-06,-2.741916213719668e-06,-2.9632281161179152e-06
case_00988,0.6013889867302622,0.023809218485681568,0.04306589444966428,0.3317359003343918,1.907908626463232e-06,2.220331158655697e-06,-2.1518887680760775e-07
case_00989,0.8040101024656631,0.16760673051478972,0.016002940671831323,0.012380226347715803,5.261668171878731e-07,1.0703588784354436e-06,-2.852063665758643e-06
case_00990,0.37809059964293606,0.22115318668759779,0.012882635605424386,0.38787357806404177,-1.4869081090843835e-06,9.631944926189163e-07,2.452156597817435e-06
case_00991,0.00578004457630155,0.7872622754314941,0.1860630954942903,0.02089458449791402,-1.7776956403340006e-06,6.878569136093162e-07,1.1044526840745517e-07
case_00992,0.1524469109375396,0.08707491604580686,0.6255311304304871,0.13494704258616652,-9.576909739347054e-07,2.0953148681646296e-06,-2.5503359238090193e-06
case_00993,0.07627278821250447,0.2928384884731101,0.0750509331167213,0.5558377901976641,-1.4059233851988884e-07,-1.1839844600623509e-07,-2.338339630340599e-06
case_00994,0.25043028103806986,0.42571310904300863,0.027678139236218962,0.29617847068270264,-1.2236069397663174e-06,2.222464971349802e-06,-6.989458530435659e-07
case_00995,0.4539402577520793,0.41635608631447274,0.06456306166813867,0.0651405942653094,8.95769723548965e-08,-8.43329842906565e-07,2.6414051572373367e-06
case_00996,0.33575261165823267,0.5263541969248625,0.01979416199591985,0.11809902942098496,-2.0077774469208843e-06,2.560245026034543e-06,1.1574549094084852e-06
case_00997,0.14799785352222106,0.7353883185264225,0.03135658656253086,0.08525724138882575,2.8662768769529997e-06,1.191941880487441e-06,2.2057131971347945e-06
case_00998,0.5150591130543324,0.019424662524735972,0.2502327513871738,0.2152834730337579,-2.3524526702100366e-06,-1.4569371838534364e-06,-8.012601219601219e-07
case_00999,0.2212607123539015,0.2727628820257089,0.4103216192144282,0.09565478640596126,2.5916648379262326e-06,3.845095301317508e-07,-2.7407178027000103e-06
case_01000,0.2079700884195597,0.4011700223487346,0.34990473410994205,0.04095515512176348,2.48146806841617e-06,1.981833689295334e-07,2.8459058232264845e-06
case_01001,0.11171714326869735,0.21579023646070508,0.30961898344356453,0.3628736368270329,1.5216289091698798e-07,-2.1726070696179964e-06,-2.896962056025783e-06
case_01002,0.6582532444064901,0.03373700066409209,0.020402915734474145,0.2876068391949438,1.349461631016506e-06,5.474574345036846e-07,2.6859099184865338e-06
case_01003,0.4365699681812541,0.07856428464395179,0.3749074807853839,0.10995826638941025,-3.8371021216447306e-07,-1.1112862576982523e-06,-7.879354569051318e-07
case_01004,0.4304282056189482,0.44787964872646546,0.06990619073936083,0.051785954915225675,7.802074652546292e-07,-2.6859073991423856e-06,-2.9394575698687108e-06
case_01005,0.1443733462583667,0.07496977488212168,0.30406617653141144,0.4765907023281002,-9.56544375473288e-07,2.691936946239389e-06,1.1349433903470497e-06
case_01006,0.3164537388669174,0.4922709163283587,0.14316568033579544,0.04810966446892846,-1.193045881287328e-06,8.489422143857266e-07,2.883241824188125e-06
case_01007,0.41663684147679597,0.13907212223993484,0.3461089430002311,0.09818209328303804,4.693787170170824e-07,2.261513591225082e-06,2.793754337025555e-06
case_01008,0.008809357036647343,0.5099145854438782,0.01766066518618118,0.4636153923332932,-1.1221954896117883e-08,1.0563360300795186e-06,-2.0343779327854896e-06
case_01009,0.5182190000949529,0.21621470200609583,0.1474910590217223,0.11807523887722904,4.772182148998866e-07,-8.580978471593225e-07,-1.91251316360307e-06
case_01010,0.5091772691014895,0.08653144592571833,0.15966925836255197,0.24462202661024013,-1.280036512277862e-06,7.61284339728687e-08,3.932334877179607e-07
case_01011,0.22840494964902425,0.24050815326926991,0.17288338443883147,0.3582035126428745,-7.982530090980286e-07,1.0544805620830628e-06,8.238289585699463e-07
case_01012,0.31582923519319517,0.03739127064760997,0.4526848426678824,0.19409465149131233,-2.4966122362265443e-06,2.761513951208625e-06,1.4365074819951935e-06
case_01013,0.4254406448442845,0.19941206818864407,0.3711379711632574,0.004009315803814081,-2.686341766366766e-06,-1.4779832452698213e-06,-1.913697837167115e-06
case_01014,0.19435435187691333,0.004667519753233483,0.25139534536272773,0.5495827830071255,-1.4792572219619026e-06,2.249862351744706e-06,2.754042520586607e-06
case_01015,0.14972698969903672,0.10152432061859598,0.6233187816237424,0.12542990805862483,-2.5545188440167255e-06,2.5444668317656166e-06,8.324355377354274e-07
case_01016,0.32786988346649176,0.017731864577389407,0.021996326086107663,0.6324019258700111,-2.377351748191556e-06,1.0224930879537396e-06,2.0822815132233293e-06
case_01017,0.24800528465145244,0.41540245390036457,0.08678463244458873,0.2498076290035943,1.8775704323636227e-06,2.5875997644080268e-06,2.4039429170503084e-07
case_01018,0.23550328430396208,0.24129930901671467,0.29957018600144514,0.223627220677878,-2.766757817899864e-06,-6.127284751357893e-07,-5.143389144607044e-07
case_01019,0.21528633889267862,0.12401389709876734,0.5621609413126717,0.09853882269588231,9.536567636084566e-07,2.718097056242657e-06,2.8630974395699755e-06
case_01020,0.310139249507077,0.06990525894478879,0.2582839771191307,0.3616715144290036,-1.364653507107597e-06,1.2166972629958492e-06,4.927282249190162e-07
case_01021,0.17879781649580329,0.04478031655043863,0.10169600884604292,0.6747258581077151,2.2292740842487587e-06,-2.7479653954871288e-06,2.2012414967950734e-06
case_01022,0.5142663654860964,0.01250485109071674,0.35982959526099856,0.11339918816218832,-9.004629253500272e-08,2.4412369909143163e-06,2.71975437819774e-06
case_01023,0.15058722820463624,0.6112989272423769,0.09330445644317491,0.144809388109812,-1.1665412440330456e-06,-9.31631458008445e-08,1.0521277620519555e-06
case_01024,0.03231363567610187,0.19965072742731257,0.7017812775623067,0.06625435933427892,1.0583361413660701e-07,-2.3803809133300284e-07,2.9363207111204976e-07
case_01025,0.3928831492525334,0.21881517819960825,0.312737059073715,0.07556461347414319,-7.082518857283873e-07,3.987996358778056e-07,-2.978934894536096e-06
case_01026,0.07228940700007433,0.22459010993292486,0.6924624838149368,0.010657999252063965,3.858063880189812e-07,-2.1036927193726325e-06,-2.759882155565964e-06
case_01027,0.4811774913176866,0.18720217555335636,0.1806348336957648,0.15098549943319248,-2.3128027900419106e-06,-1.850037085956084e-07,-1.794892703693302e-06
case_01028,0.047893988785503314,0.06271513183378243,0.6117146583334552,0.277676221047259,2.9819430168753064e-06,1.986763300306474e-06,-1.8839494088640286e-06
case_01029,0.5634591856955147,0.11799163076365068,0.034964440796658745,0.28358474274417594,-4.466647338196947e-07,-2.907105245174908e-06,-1.471447228800928e-06
case_01030,0.07557134078248996,0.16223856913098536,0.260470783235515,0.5017193068510096,-9.106161617557879e-07,-1.3624970380537723e-06,-1.170392173814035e-06
case_01031,0.2325911690281987,0.1670079426780348,0.16851230239729043,0.43188858589647594,1.2612590898975892e-06,-2.985272481336935e-06,-8.396070386956303e-07
case_01032,0.38331111832734466,0.0012160887644039134,0.346878852218666,0.26859394068958553,-8.166035610280051e-07,-5.057321451009101e-07,-4.7677385958674096e-07
case_01033,0.3608044538103666,0.33422021684220715,0.29952548808502333,0.005449841262402929,1.9996458301725456e-06,1.369893062962408e-06,-2.406801969263912e-06
case_01034,0.36217656905799983,0.10849265986789544,0.3036023826900288,0.225728388384076,-2.743756538374483e-07,1.7926309746877708e-06,-2.7458284082833077e-06
case_01035,0.17168964719293286,0.05913175776631149,0.04057531921525395,0.7286032758255018,1.3173504795926096e-06,2.671138566762039e-06,1.0436666944381409e-06
case_01036,0.5997109493949707,0.25109852351200945,0.026129792074227852,0.12306073501879206,-2.3552807013486806e-06,6.510276778247193e-07,2.2400894905846608e-07
case_01037,0.44332893156480085,0.5139341204382318,0.042726515458635095,1.043253833242311e-05,2.0767151133306707e-06,-1.4722388000826272e-06,-3.3513478667928205e-07
case_01038,0.6248504921199731,0.22127578807092194,0.14735994619119278,0.006513773617912143,1.414307920668659e-06,2.5448876948201935e-06,8.06639647010114e-07
case_01039,0.11638823894649239,0.285260569883048,0.4734352772796182,0.12491591389084153,-1.7296993292282059e-06,1.6518945232822567e-06,1.966076443221243e-06
case_01040,0.3464550287897618,0.04262633514484649,0.38170471817629664,0.22921391788909506,-2.1282839415252804e-06,4.46570898018867e-07,-4.338425453027724e-07
case_01041,0.5187292348257942,0.27328132803299743,0.15258926636301592,0.05540017077819247,-1.1022459076462537e-06,1.1738412943136162e-06,8.467167903118758e-07
case_01042,0.07499053179371787,0.02015242896174549,0.03859869431578458,0.8662583449287521,2.8564235161914257e-06,2.5458981300445754e-06,2.7214333430109524e-06
case_01043,0.0664693523281116,0.08592200547634063,0.23415330460566774,0.6134553375898801,-1.4590105525976483e-06,1.2743641708375304e-06,2.037746975169364e-06
case_01044,0.2641507488477354,0.5058959753215696,0.1196625063268138,0.11029076950388109,-2.6323674632020045e-07,-7.897529544915962e-07,-4.439951369855432e-07
case_01045,0.163257314108993,0.353633909301851,0.3631432683544968,0.11996550823465921,-2.8198786456959822e-06,1.27816921373458e-06,8.683010268884579e-07
case_01046,0.06664837164570246,0.46655748060133156,0.06402882441444369,0.4027653233385222,-6.166348226026047e-07,-2.758331023587673e-06,-1.9375744685043615e-06
case_01047,0.2020638627990938,0.20611950477797122,0.2393216341121611,0.35249499831077397,4.279200925986166e-07,-6.815066290165125e-07,3.631331093705393e-07
case_01048,0.21826675150529795,0.4126386382334995,0.3040360114603998,0.06505859880080286,2.7187476750477906e-06,-5.620618089265245e-07,2.8879697468306567e-06
case_01049,0.013653704484564327,0.17566273994748152,0.3070401347932612,0.503643420774693,1.0041626964038651e-07,-1.9989705934749917e-06,1.0989069121513346e-07
case_01050,0.34119888511067414,0.03929616114442172,0.024132241538248868,0.5953727122066553,1.9146439570661265e-06,-2.861487116689379e-06,2.5658297951408834e-06
case_01051,0.047136049444750666,0.26838525901524424,0.36312277723796454,0.3213559143020406,2.827658554134033e-07,-2.1997125801735433e-06,-5.55990476980436e-07
case_01052,0.07884004320165938,0.051459524393901855,0.09769293078739383,0.7720075016170449,-2.7552899193868917e-06,9.277289747823305e-07,2.993068963107787e-06
case_01053,0.2077813397746991,0.0703782122514949,0.2684404540182751,0.4533999939555309,-1.109950348861356e-06,1.8137328981821254e-06,4.75320211365347e-07
case_01054,0.019377557869803542,0.3145693127787263,0.5333794016526743,0.1326737276987959,4.5329704698661937e-07,2.929220956361845e-06,-2.7463860345843926e-06
case_01055,0.06991395473625948,0.18075004388000113,0.4337612615007574,0.315574739882982,2.7035637955867464e-06,-9.218189813490343e-07,5.205287801483283e-07
case_01056,0.2388490402779646,0.35764100952958894,0.12389042444987107,0.2796195257425753,2.1547821585074e-06,5.962753335666103e-07,-1.3525638259224203e-06
case_01057,0.2193907278746649,0.07362271177681823,0.4228382325747399,0.28414832777377697,-1.6298663149269141e-06,2.622869800890732e-06,-2.805112067784632e-06
case_01058,0.13591710111169286,0.7414820742847008,0.006474393394113832,0.11612643120949243,-1.679341019885019e-06,-1.9977493119710845e-06,1.92511982816798e-06
case_01059,0.018729603886829586,0.4652367994818938,0.3873073503726746,0.128726246258602,-1.7929621973165955e-06,1.305873518056456e-06,-1.3456221781154644e-06
case_01060,0.3087265492125341,0.13821126791724397,0.38704959169221975,0.16601259117800204,2.534993377815019e-06,1.5298723988949788e-06,1.779291324278991e-06
case_01061,0.14451206883325937,0.7420552123956637,0.07853751749531665,0.03489520127576028,2.1159969186103243e-06,-2.46614678478397e-06,-1.2706945022647983e-06
case_01062,0.17921729947093118,0.7108905664826283,0.09682497254118391,0.01306716150525681,1.6493005935176925e-06,2.1674963110983904e-06,-1.8340418767573544e-06
case_01063,0.17492086634308637,0.2975738292824574,0.0745517019966995,0.45295360237775667,-6.435893146546346e-07,1.8786302826650628e-06,2.843613444626565e-06
case_01064,0.7971807842946276,0.07858692477171292,0.05728356358792342,0.06694872734573622,2.628422579260083e-08,-2.7995819605353935e-06,-8.301280334698825e-07
case_01065,0.03711622809738929,0.6516876086373634,0.16257748203266936,0.14861868123257782,-2.1400953122908296e-07,-2.453493510719691e-06,6.082572686589626e-07
case_01066,0.38919534153944063,0.21066761902470507,0.37723981445663757,0.022897224979216764,-1.4796113546437642e-06,-2.705238636648886e-06,6.598889568868295e-07
case_01067,0.19450125994229853,0.32659636992874497,0.12109737244106279,0.35780499768789376,3.0168276892601895e-08,-9.915388092038268e-07,3.6284089304101095e-07
case_01068,0.06301929909444783,0.24906380628460154,0.35339448559474496,0.33452240902620584,-2.817020712883473e-06,5.5733944079557196e-08,2.4881744611272876e-06
case_01069,0.3292994124378482,0.26472610015281445,0.08700961765195193,0.3189648697573854,-2.209137759015245e-06,1.94086367727773e-07,1.0466464282012107e-06
case_01070,0.09874876864616171,0.7373835391759734,0.1302978730485166,0.03356981912934836,2.3195375770136786e-06,-1.3939994413833441e-06,-5.776019753704188e-07
case_01071,0.17384278269798542,0.19561281927455035,0.4444687302720621,0.18607566775540219,1.5100786021885396e-06,2.4695813193616447e-06,2.174282307145644e-06
case_01072,0.14574453898678405,0.5586311819094312,0.2672219746381047,0.028402304465679984,-4.6278954564547777e-07,-7.904232607685208e-07,-1.913622605304214e-06
case_01073,0.2046684615805506,0.585322410944896,0.12380162879148039,0.08620749868307293,1.0290217370326355e-07,-2.7266990642078853e-06,2.654205456625046e-07
case_01074,0.08643833585070419,0.09166023017336428,0.3164681402992227,0.5054332936767086,-7.800066842401354e-07,-1.1986373307516818e-06,2.7033022316625383e-06
case_01075,0.016223705209649122,0.5416693044872126,0.2715911979782867,0.17051579232485167,1.444679202964035e-06,1.866565352649331e-07,7.523857792824761e-07
case_01076,0.5052826740781214,0.023958200955301545,0.18570040326097575,0.2850587217056013,1.7051230753924777e-06,-5.506690644706078e-07,1.9018107028492575e-06
case_01077,0.2736374942584975,0.23733377831029623,0.05032666233488777,0.4387020650963184,1.5797111412189546e-06,-1.356944885404445e-06,9.213643532711572e-07
case_01078,0.02232910096610789,0.3498608253133921,0.5950210936439233,0.03278898007657689,1.3356703490066972e-06,-2.2120605014140955e-06,2.0362251812273426e-06
case_01079,0.4986547536588578,0.016014419191962587,0.20248256897103184,0.28284825817814774,-1.772973967843225e-06,1.914987000577379e-06,2.666927279071462e-06
case_01080,0.16126673977503303,0.509924321529479,0.20700367123774982,0.12180526745773819,-9.721801245571275e-07,2.9768714527451514e-06,-1.3624696348035791e-06
case_01081,0.18993788153853158,0.34420149148641016,0.002554595533988073,0.46330603144107024,-1.8092739009795034e-07,-1.0227471988567076e-06,-1.9820335124596867e-06
case_01082,0.040121752701508605,0.7501852350736197,0.14654070446454448,0.06315230776032721,-1.0152420514340665e-06,-7.102737349403764e-07,-9.60554980047607e-08
case_01083,0.26982089441302315,0.48078607740248813,0.2232701327530986,0.02612289543139003,1.5296412009499738e-06,7.082251480617424e-07,1.211174560945295e-06
case_01084,0.2305306868910005,0.5862918240011618,0.1217566564397478,0.06142083266809011,-1.0238788545002719e-06,1.3106488484132478e-06,-1.6368524809067034e-06
case_01085,0.1424687191652604,0.012084156308503664,0.4186830613897784,0.4267640631364576,-2.170607479287977e-06,-6.478227911784526e-07,-2.9753912974189976e-06
case_01086,0.23711758347250497,0.11647342595179137,0.43008358054571916,0.21632541002998462,-6.057572877101757e-07,2.4295771018908917e-06,-9.423893049797679e-07
case_01087,0.33662963873057344,0.19219957210022137,0.29543350144675967,0.1757372877224455,2.8794865966942818e-06,3.6002393537351024e-07,2.813156012806731e-06
case_01088,0.09880328600492073,0.5855648168542363,0.14394341339100117,0.1716884837498418,-1.6447115223985446e-06,-2.9765954156441427e-07,1.1698047636350806e-06
case_01089,0.10906976803681984,0.4302447821824199,0.37119666700587006,0.08948878277489017,6.729519536593743e-07,8.800365189594306e-07,-5.920473363526564e-07
case_01090,0.019365941207148955,0.29228751909250034,0.45474300737217477,0.23360353232817593,-4.02161700961762e-07,2.7168230894950393e-06,-1.844543415918958e-06
case_01091,0.12719476323241216,0.5431268947535011,0.041294946059259395,0.28838339595482737,-2.5738525941040404e-06,1.7673137665302326e-06,-8.634619574715181e-07
case_01092,0.1625677676867925,0.1858398597472118,0.2059924713899925,0.4455999011760032,-7.274036401164294e-08,-2.7599212167892538e-06,-1.9809634001925123e-06
case_01093,0.027109284281663905,0.26185435505940713,0.3701194053029158,0.34091695535601324,1.2129859718898751e-06,-1.0061405355602422e-06,-2.3621650721222916e-06
case_01094,0.1521505496417943,0.576161527651924,0.049515664909086377,0.22217225779719532,7.931985496691272e-08,-1.7673189029266364e-07,2.440454235435323e-06
case_01095,0.03508373016633777,0.04043240997566273,0.467239655923234,0.4572442039347654,2.2326363824794864e-06,-1.1128945667453684e-06,2.9859020302528415e-06
case_01096,0.34024784790695795,0.13198449437140342,0.5196948278508303,0.008072829870808528,-1.2663779000545042e-06,1.201125364982739e-06,-2.015313362425258e-06
case_01097,0.09108778278456355,0.03979655369818244,0.1809466532177002,0.6881690102995538,-2.4825049721762106e-06,1.9576148991754862e-06,-2.6728646467303217e-06
case_01098,0.17735789815041123,0.007977785085859244,0.4989841055736913,0.3156802111900383,2.619393669948037e-06,1.3880705711116292e-06,-1.021613357122726e-06
case_01099,0.4665629415634669,0.10651963487632918,0.24689972165920263,0.18001770190100141,-7.308219028306859e-07,2.9359997209696513e-06,-2.3004491543150813e-07
case_01100,0.08284893221540084,0.46028574312707454,0.17767244502273924,0.2791928796347854,4.5843330872180023e-07,-1.3647141126418254e-06,-1.7710725175448732e-06
case_01101,0.5155290028273063,0.13044188537541518,0.3366294329712227,0.017399678826055812,1.7520187567811755e-06,2.2499369701465286e-06,-1.1914505292086494e-06
case_01102,0.35027033336343516,0.5885785797986004,0.05809846045192283,0.003052626386041475,-1.0541180167465167e-06,1.599735991046917e-06,-1.794775585850054e-06
case_01103,0.3324969357423254,0.3075558002120236,0.1584543498592067,0.2014929141864444,1.2969872290656668e-06,-8.269274546511235e-07,1.6455634105947078e-06
case_01104,0.4610075771495461,0.020863247735986978,0.3507800143284958,0.1673491607859711,-2.187486901093032e-06,1.4047472619418122e-06,1.2754676594835648e-06
case_01105,0.018966861031100887,0.5748161501799789,0.1674416696734432,0.23877531911547706,-1.2522375167669684e-06,-2.3755442614905184e-06,8.097090945658907e-07
case_01106,0.3029174507822848,0.39934227681344525,0.21619205360563734,0.08154821879863274,-2.1317361831808804e-06,1.736000894043314e-06,-6.766928575247717e-07
case_01107,0.05306034336824904,0.42957146236139027,0.3044212159508781,0.2129469783194825,1.8673833504081471e-06,1.9398361552261565e-07,2.4542456478854156e-06
case_01108,0.1787370915398812,0.708990782905433,0.020941642855874062,0.0913304826988117,-1.6641045886392877e-06,-1.246258963744481e-06,2.81719524921012e-06
case_01109,0.06043864114709476,0.2140345060662049,0.6868910826489586,0.03863577013774179,1.3044213324312614e-06,9.346638107050807e-07,-1.958164124247528e-06
case_01110,0.4495117964647955,0.3848590829685512,0.05515094599151336,0.11047817457514003,2.6597903834739157e-06,8.49719992286454e-07,-1.6619241515287317e-06
case_01111,0.08558346362928296,0.6213691357789175,0.03239984028655633,0.26064756030524316,1.6663325441326224e-07,-1.7430826636824017e-06,1.5378616800221788e-07
case_01112,0.13005065315459866,0.4196618226158829,0.17417017742185062,0.2761173468076677,2.401751535641263e-07,-2.8176155111308433e-06,-2.4524965843065282e-06
case_01113,0.325434416768328,0.2968582574247464,0.366515937891861,0.01119138791506479,-2.337985914131279e-07,-3.982644785899569e-07,-3.8130960706132293e-07
case_01114,0.44253192587129714,0.05666185713062619,0.2019666070358483,0.29883960996222836,-1.0446591396381436e-06,4.170712160665272e-07,4.907475886662609e-07
case_01115,0.07304058341337319,0.10390041547014978,0.8024709521722466,0.02058804894423026,-1.4606981445049717e-07,2.2596316702235907e-06,1.3244142682399865e-07
case_01116,0.5785497136550455,0.25920719392001235,0.0733782083575404,0.08886488406740177,6.168451936005566e-07,2.5693007738855664e-06,-1.0145485015318438e-06
case_01117,0.24346263819858333,0.17287691632934876,0.19399984842063986,0.3896605970514282,2.915949433023956e-06,1.7283130894059824e-07,2.546748364632411e-07
case_01118,0.09572103567861145,0.17996908100789996,0.4533373863718563,0.2709724969416322,2.6265873559093453e-06,1.5228209026112697e-06,2.7528057255530867e-06
case_01119,0.19759504924185106,0.16147026774835554,0.32845175826598555,0.31248292474380784,2.1729177497587305e-06,-3.6418036603201824e-07,-1.7638955742517437e-06
case_01120,0.07143201094484297,0.25887558412935546,0.32706067851244275,0.3426317264133588,2.33478321422915e-06,1.476492939437358e-06,9.289881503640221e-07
case_01121,0.11474637948625123,0.6596284511597056,0.012416623616863713,0.21320854573717943,-1.9290490024774218e-07,-1.7711908503649985e-06,-2.739619835063689e-06
case_01122,0.3950776369430217,0.21639707505869896,0.07892640599179747,0.3095988820064817,9.446659630647886e-07,-7.736115911788115e-07,-2.6015015731113904e-06
case_01123,0.17832819797765256,0.3385640567941094,0.2826535948586417,0.2004541503695963,2.3704003376172846e-06,8.053679928816888e-07,3.109693453415103e-07
case_01124,0.403775377418407,0.08616314536203243,0.1826080845104772,0.3274533927090833,-6.422954100518815e-07,-2.8910522063575273e-06,-2.3703649180323035e-06
case_01125,0.46144444301514004,0.36376344222497203,0.17151984284449556,0.0032722719153923992,2.7705748700728125e-06,1.3347678620337238e-06,-2.865919269438856e-06
case_01126,0.28896540033327245,0.1417524707581425,0.5590672958912861,0.010214833017298818,-5.052836275849021e-07,2.0132130076090005e-06,-1.970922014111867e-06
case_01127,0.1933278234344878,0.6242109537657484,0.042149997677323865,0.14031122512244,6.064959923592939e-07,-6.051500334362915e-07,3.890950259974468e-07
case_01128,0.03992457711869097,0.4092000178802846,0.33301108609742325,0.217864318903601,1.2588282796342315e-06,-3.1234549693701393e-07,1.2200457271135945e-06
case_01129,0.22692365556748803,0.6987498160661326,0.06729778306322605,0.007028745303153146,2.70355207845563e-06,2.1076932732991862e-06,-1.7851286151517201e-06
case_01130,0.33185312290371366,0.1443891241679059,0.37131204253479044,0.15244571039359003,-1.5323023556864038e-06,1.6539278119562008e-06,1.0095566232490467e-06
case_01131,0.27458750558438305,0.09279937172744349,0.22900218149399262,0.40361094119418073,1.4767858694318533e-06,-1.27110306579975e-06,-1.905142013404624e-06
case_01132,0.5363253801317874,0.1259813948992002,0.19778638469380336,0.1399068402752089,1.248935168644933e-07,-1.056143360630766e-06,6.807445597875429e-07
case_01133,0.12084017908703266,0.15595495892714706,0.34524960635652097,0.37795525562929944,-1.3886571562761537e-06,1.0732693943435795e-06,-5.282419206252068e-07
case_01134,0.32926882561682186,0.5659223859092987,0.0503943721155506,0.05441441635832891,1.659641038778343e-06,3.7918855468896717e-07,9.227970560017002e-07
case_01135,0.12633289187073682,0.48913406933369996,0.16134788490897595,0.22318515388658727,3.133336810430794e-07,-2.0266225734210184e-06,2.9703165148754837e-06
case_01136,0.15763069981704672,0.5149888408239159,0.004303113193971657,0.3230773461650656,9.65842923898055e-07,-1.1404205446250016e-06,2.6269017913953717e-06
case_01137,0.2036328705222053,0.2952872957234209,0.4973317872131429,0.0037480465412309573,-1.0625935885325938e-06,2.3998996612719247e-06,-2.974309452983378e-06
case_01138,0.044116837057075656,0.5741309991662836,0.16207493582803573,0.21967722794860498,-1.1235628903436976e-07,1.1290466203335809e-06,2.312632586173835e-06
case_01139,0.1016483865969503,0.10620571573750874,0.2508553834732184,0.5412905141923227,7.041255059284026e-07,2.9158459061131166e-06,-2.601055228951401e-06
case_01140,0.3368419793381425,0.08955385398161313,0.5602541620497817,0.013350004630462655,-5.705351143809361e-07,1.6020751798846168e-06,2.7182795169590697e-06
case_01141,0.08518157366424571,0.7380597013692068,0.09594469119734582,0.08081403376920138,-1.8097647609137921e-06,2.651846592861541e-06,-1.3090459254018919e-06
case_01142,0.037868547888399176,0.49927109874673853,0.17661424464107905,0.2862461087237833,2.7698429538918245e-06,-1.7028685567771475e-06,-7.077910175323743e-07
case_01143,0.07819001820117975,0.40610070445011365,0.40843455366386205,0.10727472368484454,6.880524025570446e-08,1.6289092489015542e-06,-2.450170768945633e-06
case_01144,0.09519501463448139,0.0423651337210121,0.6756943204958923,0.1867455311486142,1.403522221726203e-06,-2.8786948791132155e-06,-2.3263634500265423e-06
case_01145,0.4497122296681658,0.05963279907159864,0.25117736726377204,0.23947760399646356,-5.337168386636511e-07,1.0245601302692035e-06,1.3604433913759176e-06
case_01146,0.22679819066152523,0.649786586089447,0.09641103257494578,0.027004190674082013,-8.692094158457019e-07,-1.8430633127855173e-07,2.66599341448975e-06
case_01147,0.31750517199042916,0.3724988516715234,0.24394899510193307,0.06604698123611419,-5.570142091972499e-07,-9.194395684795884e-07,6.644909697258572e-07
case_01148,0.26293098272754184,0.14015100892430588,0.2088486387691606,0.3880693695789917,-5.448201372861014e-07,2.174426113758535e-06,1.2951000931608667e-06
case_01149,0.5547228632318925,0.1072086389166167,0.21085710251621975,0.12721139533527104,2.6508069565172173e-07,2.1256061559451838e-06,1.5718184675829214e-06
case_01150,0.04800062768685546,0.33158274578219493,0.5201807422762326,0.10023588425471694,2.608192198881789e-07,-2.8661897706081385e-06,-1.4231143526823498e-06
case_01151,0.24249689250892853,0.3961344948385071,0.32618365638580354,0.03518495626676074,-1.7077104702769864e-08,6.57030734696586e-07,-2.7286222144787108e-06
case_01152,0.7668837362113303,0.11580583944750657,0.10151685488597989,0.01579356945518317,-2.1912852904953714e-06,-7.930066540742616e-07,-2.9887635364849886e-06
case_01153,0.4597883851027436,0.07970264722821914,0.19730367376805463,0.2632052939009826,-2.3547128996813075e-08,-5.060339909973052e-07,-8.961043022758883e-07
case_01154,0.27325763865517233,0.3440728279479663,0.05948883897282215,0.3231806944240393,-1.985376597476091e-06,1.9922444353126556e-06,-1.5512146308047035e-06
case_01155,0.41204396162403795,0.30623673616951974,0.03358082612200491,0.24813847608443734,-2.243185282225409e-06,-1.1409613708339304e-06,-2.6260936497048863e-06
case_01156,0.5637701942957474,0.2229934497284684,0.07830073689755693,0.13493561907822732,2.595874304047007e-06,2.6582928638257213e-06,-1.9228302450379995e-06
case_01157,0.4603661745046816,0.31699345063393664,0.05668937620642149,0.16595099865496035,6.297000788862253e-07,-1.9221970417671558e-06,-2.2530066103923134e-06
case_01158,0.23880156367546665,0.29105442338280385,0.021750483036790152,0.4483935299049394,9.56940348747506e-07,9.76334540209067e-07,2.4892702837042223e-06
case_01159,0.08765026099355498,0.23865374783506535,0.30635721734300164,0.3673387738283779,-5.892379779998172e-07,1.0326304020825883e-06,-2.1583967192449865e-06
case_01160,0.5410440129323238,0.06967937286857634,0.36306070976557747,0.02621590443352244,2.4538853514891855e-06,-1.4868290314324909e-06,2.2589078392607505e-07
case_01161,0.30532538890163485,0.33878357527914066,0.2831749446313306,0.072716091187894,8.275829374779931e-07,-1.0514963461967883e-06,5.586357306729874e-07
case_01162,0.5784588376055048,0.051838045899527015,0.015450564511154865,0.3542525519838134,1.6150192171415252e-06,2.008790955479643e-06,2.609367462518026e-07
case_01163,0.2013820432714975,0.5902062402320979,0.15090622231402873,0.05750549418237579,-7.886251858337169e-07,1.5708315297297144e-06,-2.4056613947040725e-06
case_01164,0.44260633053549725,0.19460708451256953,0.051269089831768325,0.3115174951201649,2.760071284914753e-06,-1.0254247181114425e-06,-1.0872098294966928e-06
case_01165,0.17779510966328577,0.23034332480986566,0.15350340602580964,0.43835815950103885,1.9227677409498906e-06,2.037392816096032e-07,-2.6923780052210802e-06
case_01166,0.3580321307805336,0.25005542013951076,0.02253754804017833,0.36937490103977727,2.123690778087262e-06,-2.6299182224814275e-06,-6.259805154221038e-07
case_01167,0.2282323360124982,0.24514138325205054,0.0925788705369033,0.4340474101985479,-1.9668343954454744e-06,-1.7475247056082246e-06,-1.8684064123704481e-06
case_01168,0.3143944071581989,0.029058999786635387,0.12744590968570654,0.5291006833694591,-1.374220752772683e-06,-8.50766468376055e-08,3.697951997062788e-07
case_01169,0.008890418300225555,0.5985447265987109,0.20904820910853228,0.1835166459925312,-1.2862404018985376e-06,-2.4841575883247306e-06,1.156850363094603e-06
case_01170,0.08293134209833226,0.07520154870593998,0.7487538157758311,0.09311329341989653,-1.374544660518773e-06,2.0599941293516245e-06,1.9271916122823877e-07
case_01171,0.6935292482040686,0.23185394719115773,0.06961549398835667,0.005001310616417101,2.132448972625728e-06,1.3080372606458873e-06,-3.9457982033162575e-07
case_01172,0.14528326388187351,0.6878491591351226,0.08516754724930978,0.08170002973369404,-2.8086912287484475e-06,2.6618020238909684e-06,-6.759994748598456e-07
case_01173,0.10933131621756519,0.190569712800636,0.15062143502915173,0.5494775359526471,-2.543400066115354e-06,1.160801435784163e-06,2.0501506085820224e-06
case_01174,0.12528237576859308,0.12608900550358298,0.026494069053735508,0.7221345496740884,-1.3565107762205777e-06,2.6424082335731135e-06,-1.6837916096083795e-06
case_01175,0.12205349558591572,0.0323307496301188,0.4617037089909727,0.3839120457929927,-1.8007621521033381e-06,3.2707533414579036e-07,1.405310037173213e-06
case_01176,0.18886261488426848,0.1931306061302817,0.5413203433892427,0.07668643559620703,-1.6088423167029098e-06,6.013116663718164e-07,1.5448939484407137e-06
case_01177,0.43803690059884604,0.26703985445407186,0.13858075682551735,0.1563424881215648,1.7876591355198e-06,2.8618263277575657e-06,-4.847999563755933e-07
case_01178,0.10601671335797909,0.49857895791015644,0.2570964327918636,0.13830789594000084,3.7875956335228147e-07,8.527748811855624e-07,-1.216196404646164e-06
case_01179,0.09572512632758592,0.5762936249335289,0.06034075542514219,0.2676404933137432,-2.965376032242192e-06,-2.8152805868355206e-06,-1.7675108372414864e-07
case_01180,0.33841547402542715,0.04501658102058302,0.18271363415328587,0.4338543108007041,-4.240634057748285e-07,1.34281665978314e-06,-2.440716444643809e-06
case_01181,0.05425994995542431,4.9680675396980644e-05,0.5393586568839157,0.40633171248526295,-5.526904388978465e-07,2.432812152824494e-06,-2.7244198066254603e-06
case_01182,0.7802228048110983,0.10570387098639863,0.07379511011661916,0.04027821408588386,-2.316328383332739e-06,1.7734814987659597e-06,-2.3303808032886494e-06
case_01183,0.2786860425216688,0.5719732877835728,0.12188089236053896,0.027459777334219334,1.0568507316087432e-06,5.029996357525356e-07,-1.877129811226643e-06
case_01184,0.27752389547833745,0.16575715223518467,0.18149723289546316,0.3752217193910147,1.2125831302769464e-06,1.0278210785610976e-06,2.506092202825818e-08
case_01185,0.1923427048099555,0.017774327501078362,0.005495363503324395,0.7843876041856417,1.3253593143125861e-06,2.9411507355100303e-06,2.094819816966733e-06
case_01186,0.46431233307335856,0.09698251727535288,0.3690585598046009,0.06964658984668758,1.3708256733515525e-06,-2.45602746894397e-06,-1.586146008001878e-06
case_01187,0.15920219217161385,0.5191340030357416,0.13363265701030297,0.18803114778234137,-2.999683038406219e-06,1.0034689717994373e-06,2.6109720644806687e-06
case_01188,0.1933091417686027,0.12210776128261272,0.3393990583247919,0.34518403862399283,2.723524823080333e-06,-1.299613832576437e-06,2.729447453610021e-06
case_01189,0.001502676912716797,0.2271013049393053,0.0931685808097537,0.6782274373382241,1.8852526023279781e-06,8.405423795170208e-07,2.753427629071231e-06
case_01190,0.0987443746526442,0.6483875532604725,0.21011568234840938,0.04275238973847397,2.4238901795357118e-06,6.457414553036327e-07,2.025376408057943e-06
case_01191,0.10079444174862996,0.631774826038003,0.25407409180310353,0.013356640410263645,-2.9061402281553952e-06,-2.0792590073510276e-06,-8.170497552136765e-07
case_01192,0.5639146163929394,0.19511560889990898,0.003224315057842218,0.23774545964930938,2.6031527747144366e-06,-1.7595201255585652e-06,-2.5638965339842618e-06
case_01193,0.06454861577359114,0.41218521635454125,0.0992695293912174,0.42399663848065006,1.8587311721286284e-06,7.297774682592812e-07,4.1291239059896934e-07
case_01194,0.0006569214742902751,0.40407880625975573,0.30310324456919613,0.29216102769675784,2.0233148577521913e-06,-2.2306203161773554e-06,3.520886636234023e-07
case_01195,0.04927880525784016,0.14456306345740888,0.5658378557118549,0.2403202755728961,-2.440275691668189e-06,-1.408914749218063e-06,2.099854602657573e-06
case_01196,0.09900084302649685,0.08667710563217289,0.38239242597339984,0.43192962536793056,1.4326681735115862e-06,2.0114732864280142e-06,2.9759463056766314e-06
case_01197,0.15946333242954466,0.09408484608999144,0.026519066159647935,0.7199327553208159,2.759500137852546e-06,-1.0374509639901683e-06,4.894383936088555e-08
case_01198,0.05375246196611064,0.30574668508650565,0.3062592839220232,0.3342415690253605,1.0712840485089643e-06,-7.163906238202235e-08,-9.287758137612943e-07
case_01199,0.0630526230933976,0.5370393946820773,0.045909984191070376,0.3539979980334547,4.233684277476387e-07,2.646842010875042e-06,-1.8845897306623981e-06
case_01200,0.04691968553065678,0.0259582203120213,0.852285342632062,0.07483675152525987,2.6737780664939815e-06,-1.6371054669783223e-06,-2.971201051095776e-06
case_01201,0.3020342529113652,0.1379943865876303,0.014218652253968919,0.5457527082470355,-3.423772695933842e-07,-6.622438958519376e-07,5.4682154933274813e-08
case_01202,0.06511629391771123,0.45078945167601125,0.04244769372394706,0.4416465606823304,5.957613978628724e-07,6.387466532612737e-07,3.331120002155747e-07
case_01203,0.0027024475903663237,0.14549933161182707,0.29775121494179874,0.5540470058560079,-1.4197023903380277e-07,1.532033577023833e-06,1.949630878904385e-06
case_01204,0.3676827843646004,0.26248645824910644,0.3357817734735635,0.03404898391272968,2.597077328161795e-06,2.4099203202762306e-06,2.7461807356803523e-08
case_01205,0.20281982984076158,0.2068879887122884,0.2871203562969005,0.30317182515004953,-2.5434916394069563e-06,2.492837925441091e-06,2.4988100919963394e-06
case_01206,0.3391019021188326,0.07511310238035579,0.506708755255422,0.0790762402453896,6.7182049520890076e-09,1.6598404462357379e-06,7.685008594286128e-07
case_01207,0.09268765048068171,0.17460693442912464,0.3971349506933558,0.3355704643968379,1.12171464831263e-06,-1.6300149804401374e-06,2.0420174293264987e-06
case_01208,0.49625298537317986,0.08102307899151162,0.3789388816366496,0.04378505399865876,1.7514392305334216e-06,-2.8511440197446053e-06,-2.1101895911535173e-06
case_01209,0.3462841266005831,0.3900044656782506,0.029692360427649896,0.2340190472935163,4.981118846648182e-07,-6.973564178662573e-07,2.1320167818138884e-06
case_01210,0.46744634890495085,0.46077413585612514,0.06516960122316329,0.006609914015760715,2.4535064647287237e-06,-2.1507068940730602e-06,1.0508631266630903e-06
case_01211,0.05193652557459812,0.13104378530196498,0.7769600592761711,0.04005962984726591,2.65194868130323e-06,1.2623258846297885e-06,-1.9786018053700167e-06
case_01212,0.239731360034341,0.019129409914272495,0.6612251565022074,0.07991407354917923,-2.614084660838499e-06,9.667835209543005e-07,-1.8614186511239348e-06
case_01213,0.4794535110322842,0.13472674731070042,0.31733583183936365,0.06848390981765176,-5.857767627517538e-07,-2.736170150271271e-06,2.559003714265328e-06
case_01214,0.02071294722849282,0.3650096155366169,0.32762336639344247,0.2866540708414478,-2.8592458696730735e-06,2.019562674785707e-06,-2.8067078372977627e-06
case_01215,0.3154639607962497,0.5305967997194767,0.022980910973102606,0.1309583285111711,-1.0235000557533425e-06,-1.5075404022529064e-06,-2.2479034022576356e-07
case_01216,0.1894704183840709,0.5081606956395487,0.2214540773248205,0.08091480865156007,2.21209307823613e-07,-4.0663754705374677e-07,-1.1191482603953907e-06
case_01217,0.2822774709853188,0.5238323434234042,0.14976045612688282,0.044129729464394266,2.464769583059693e-06,1.0076024127344548e-06,9.90464639990568e-07
case_01218,0.11673700728503877,0.14451700108009144,0.19003535624060292,0.548710635394267,2.079325934792417e-06,-4.234872788864802e-07,2.0377763254139515e-06
case_01219,0.21378492146760902,0.27716079453849546,0.10476905535824614,0.40428522863564936,-2.2350016399680857e-06,-3.522731832003396e-07,-8.377312706605825e-07
case_01220,0.08536114723865898,0.23673927673129805,0.603615628124057,0.07428394790598611,-2.441817751554626e-06,-2.606232027985558e-06,-4.385874760629767e-07
case_01221,0.030312106939484867,0.560360877655354,0.10938303347685399,0.29994398192830707,5.356040325400024e-07,-5.913387044399772e-07,2.8915067070084856e-06
case_01222,0.015710249710842557,0.716714945981191,0.23248070421867917,0.035094100089287344,1.9270783475269604e-07,1.5890873593199008e-06,1.703499058075217e-06
case_01223,0.5258545494190571,0.15393256178258102,0.27327064672353696,0.04694224207482499,-1.401734151419857e-06,2.4910580231195863e-06,2.3832247855907486e-06
case_01224,0.05263791058027328,0.11698644719196212,0.031098037870047297,0.7992776043577172,2.3967185073230115e-06,-5.190171776197693e-07,-3.6742667609022157e-07
case_01225,0.0051988587859824326,0.5668890270371436,0.11273920611911323,0.31517290805776066,2.5641984567693205e-06,-4.58485038725527e-07,-1.5955427760953087e-06
case_01226,0.4077324383335853,0.02761106515450818,0.5285854762004444,0.036071020311462046,-5.843313699590241e-07,1.2157626379419127e-06,-5.2881920768129e-07
case_01227,0.26479814143441077,0.15482442411222397,0.42236900347734374,0.1580084309760216,2.3418153426811214e-06,2.65663200663166e-06,1.2965515069890809e-06
case_01228,0.20970837408638837,0.05963596247322185,0.04985069773150574,0.6808049657088842,-6.963066344221643e-07,-1.3976343585638388e-06,-2.3434175709841243e-06
case_01229,0.14698392701283494,0.17217704503594974,0.527758189234372,0.15308083871684333,1.4209009909782009e-06,-3.591347607723788e-07,-1.377185366300947e-06
case_01230,0.40971126074871234,0.1806072189195746,0.12271479462305111,0.28696672570866205,-1.4434669471365513e-07,1.775839461313807e-06,-2.720184597230458e-06
case_01231,0.041330160773681075,0.24137861790752504,0.508158154689153,0.20913306662964096,-2.264501060956902e-06,6.581614162442311e-07,-4.059135699712107e-07
case_01232,0.2809784342620965,0.5189424953449965,0.1137043835222114,0.08637468687069556,2.5676052074221296e-06,-2.3364819362162718e-06,1.9646744158776795e-06
case_01233,0.6580342401851075,0.11885137446373377,0.13560489285813396,0.08750949249302468,-2.754204397347804e-07,7.663964133735945e-07,-2.8520178702119355e-06
case_01234,0.3783569898214757,0.1325059562351849,0.22614090049375318,0.2629961534495863,1.406922241934422e-06,-1.8795222924160386e-06,1.0519411608429963e-06
case_01235,0.12579900209398434,0.1709978685998465,0.5674605148198894,0.13574261448627986,-7.96957113412247e-07,6.129560447042504e-08,2.5949752470824377e-06
case_01236,0.23438897618428237,0.4199521182806547,0.14483718414289637,0.2008217213921665,-2.8867147285425923e-06,1.7461960596263077e-07,-1.5784328309329063e-06
case_01237,0.4032608189577288,0.4598148482550677,0.12394699655371914,0.012977336233484333,-2.3968178478489846e-06,2.257220173349909e-06,1.1618090443658892e-06
case_01238,0.1421855051032741,0.30987663605028387,0.16556688572344777,0.38237097312299423,-2.2683123060453683e-08,-2.2503435592537097e-07,2.8506114066012023e-06
case_01239,0.1453137362718788,0.33142964737367975,0.067891595112719,0.45536502124172246,1.1397861427581745e-06,-1.3233454665846347e-06,2.7736683609147793e-06
case_01240,0.28762076965271133,0.08320233650953203,0.12583525513035917,0.5033416387073975,-9.915880405243254e-07,-1.6142019107038106e-06,-1.5904248418251404e-06
case_01241,0.1181421058760205,0.04363692652643418,0.613084685054307,0.2251362825432382,1.1729307550659018e-06,2.245511260106017e-06,-2.398013680727588e-06
case_01242,0.47480652975683085,0.08397393876898221,0.09716356792082358,0.3440559635533632,1.1918135365917365e-06,-1.97393487349063e-06,-2.1103047726245046e-06
case_01243,0.26073445892690345,0.4302247639881115,0.10176038198372082,0.20728039510126423,1.2236154439669853e-06,-4.447886347011375e-07,1.212214010892853e-06
case_01244,0.326620127972354,0.5717445231098748,0.002339713371473933,0.09929563554629728,-4.4868875876949356e-08,-1.876961310438318e-06,1.3545532527196535e-06
case_01245,0.5423898500857282,0.03977462039467794,0.1560087154625667,0.2618268140570272,2.4893169007290242e-06,1.6398242406862523e-06,1.0454193697691945e-06
case_01246,0.25113038256423,0.05218178328272147,0.4088464481584366,0.28784138599461195,-6.482089211630628e-08,-1.5376416015228607e-07,-9.835296735465717e-07
case_01247,0.17900914343271557,0.20007090159523438,0.5048082855771101,0.11611166939494,-2.9840883902017077e-07,-8.931378566591277e-07,-1.9813383614512675e-06
case_01248,0.10967702448294638,0.27430592381535013,0.018601690240894354,0.597415361460809,-1.8037150859362382e-06,-8.334021562411991e-07,4.845665517135188e-07
case_01249,0.040676150419580906,0.12710693826431604,0.541186283699369,0.29103062761673404,-1.154069475861981e-06,2.1132852403378768e-06,-9.791732545280095e-08
case_01250,0.1435472400127836,0.1840363001465016,0.553187704218348,0.11922875562236683,-2.74599304489018e-06,3.2264372576662855e-07,1.373004882733821e-06
case_01251,0.3697624059248617,0.016743450847735132,0.27215568764352316,0.34133845558388004,8.012117616970216e-07,1.3072071067875815e-06,-3.518395278862714e-07
case_01252,0.0924511655453445,0.25925529173599443,0.08335311841773047,0.5649404243009305,-1.5087855364374429e-06,2.382231097504107e-06,-9.681618318811896e-07
case_01253,0.34341309675820586,0.45196518906098054,0.0980156828817435,0.10660603129907018,-1.1750684730872095e-06,2.4104500562438525e-06,-1.2391285358459136e-06
case_01254,0.013232420684818,0.1213588352213482,0.2561381259389136,0.6092706181549202,1.6248871299859274e-06,-1.0289456739728211e-06,-1.7311780797015208e-06
case_01255,0.1831877198977953,0.09524859720977122,0.509903145983395,0.21166053690903835,-1.0366729010312767e-06,2.714707578878312e-06,-1.4055217428800315e-06
case_01256,0.7068585022263938,0.1991551238666997,0.07957281227803988,0.014413561628866553,-1.546824647921147e-06,-2.8507447079123673e-06,-2.431017366935392e-06
case_01257,0.5087774783930149,0.050807599368654595,0.1416974219267596,0.2987175003115708,-1.9856535051977658e-06,-7.389866339030059e-07,-9.188579344266627e-07
case_01258,0.34509116589083483,0.3810843097921494,0.07550187136837586,0.19832265294863985,1.6491504130917352e-06,2.3747931450530494e-06,-2.780581125822251e-06
case_01259,0.11540945578101479,0.42072862213886214,0.1563184803641732,0.3075434417159497,-2.221762452059839e-06,-1.3521787210981025e-06,-1.8815169170020392e-06
case_01260,0.3941689220196737,0.24582310426321363,0.05851221550961823,0.30149575820749464,-2.7747743849787876e-07,-1.3615112980720898e-06,1.4806226677165746e-06
case_01261,0.2937695500069699,0.27751410525149445,0.20243859171928483,0.22627775302225078,4.1580696463166525e-08,-1.1842662895086677e-06,-1.047186067940264e-06
case_01262,0.1359179518579673,0.2445534277766754,0.07347673033531694,0.5460518900300403,1.1243394761142876e-06,6.738803090815333e-07,1.009422101864063e-06
case_01263,0.10586787462693299,0.0457397263849242,0.295234306938438,0.553158092049705,7.997008939979728e-07,-3.700033463138773e-07,1.3013050535836643e-06
case_01264,0.2686940852594108,0.1512089557071878,0.38120408615307055,0.198892872880331,1.864324037671049e-06,1.360409018120055e-06,4.871120563926812e-07
case_01265,0.42498912406947587,0.40268809101105696,0.1098078270736483,0.06251495784581897,-2.731491396442571e-06,2.369463855387995e-06,2.7521864481923905e-06
case_01266,0.5504294746776024,0.015409096276678849,0.26527181980465864,0.16888960924106014,-1.2213556513236168e-06,1.0451962496571637e-06,-2.8713608002613205e-06
case_01267,0.5389409689385186,0.0025698673716361103,0.1712690753250752,0.28722008836476987,-1.3191952873477216e-06,-1.773199678814547e-06,1.431915903528853e-06
case_01268,0.1307659403356726,0.017590865573791182,0.7078307745859579,0.14381241950457826,-2.1238985664473505e-06,2.596091414163013e-06,2.752719863642448e-06
case_01269,0.38973857669874096,0.11048286780296616,0.27036002989264596,0.2294185256056468,-1.2649304768613412e-06,-1.413042759915129e-06,2.173630376117636e-06
case_01270,0.03412652243757124,0.04919760475967295,0.7964752530193677,0.1202006197833881,-1.1414081151425795e-06,-2.1006342280310513e-06,-1.9926438491699202e-06
case_01271,0.08858448585637839,0.28717241718211933,0.5981211834920287,0.026121913469473748,1.3130677156486977e-07,-2.4601963268342345e-06,-1.0390781624896076e-06
case_01272,0.7975644577637115,0.11773072804029418,0.03444869069712154,0.05025612349887274,9.822268735575366e-07,3.803024439969934e-07,-1.9652889607412074e-06
case_01273,0.7061150410327311,0.04933336677109106,0.018157297237117294,0.22639429495906038,-7.133969183291158e-07,-2.317425225116089e-06,6.078501828882246e-07
case_01274,0.675425357859063,0.11065209381183591,0.19911101949241872,0.014811528836682226,1.316821387880287e-06,-2.1673446953242154e-06,1.2731278918769537e-06
case_01275,0.22013382816811947,0.31823296498006287,0.31241659975778396,0.14921660709403373,-9.8300796852252e-07,-1.1998171164270202e-06,-1.0975573838216507e-06
case_01276,0.35981878045594956,0.10700865689631694,0.43370747333633136,0.09946508931140215,-1.258297936111438e-06,-1.310081941893217e-06,2.3703944390577262e-07
case_01277,0.14048955269404628,0.32728097605368556,0.33882420759737847,0.19340526365488964,2.471283351421462e-07,6.25437061992854e-07,1.1455234204271699e-06
case_01278,0.2656092531147207,0.3490833974784532,0.09711830701349182,0.2881890423933342,-2.8577018381652564e-06,1.9004716768360893e-06,-4.7196110033371004e-07
case_01279,0.20170929108525557,0.21817721397559922,0.47027357188763036,0.1098399230515148,-2.5212652581959978e-06,1.5680979372173545e-06,2.124093182732756e-06
case_01280,0.10370805674804556,0.7004933287421835,0.015677906989458982,0.18012070752031198,-4.921827384808377e-07,-1.4250932717011395e-06,1.6292996117269027e-06
case_01281,0.5469870602261726,0.21133197257902858,0.17725466879982352,0.06442629839497527,2.657476268350539e-06,-1.5281370120841206e-06,-2.612006736896576e-06
case_01282,0.10855178995824019,0.4933007994854217,0.21148195196957006,0.18666545858676808,1.3290706790605414e-06,2.794749180641806e-06,7.26751794544974e-07
case_01283,0.0268286111509477,0.0041327253929876,0.8480118959939823,0.12102676746208245,-2.4712405829966535e-06,-2.9505825504482394e-06,-1.5880466942415025e-06
case_01284,0.1904608744191915,0.0171167385734024,0.23679227809226328,0.5556301089151429,2.077908076685242e-06,2.2783231983612946e-06,3.451095880036515e-07
case_01285,0.2583920025758897,0.04063426069544314,0.2627250667957703,0.4382486699328969,1.393804623649086e-06,-1.8016288852655701e-06,2.7413306557977977e-06
case_01286,0.08719612799997807,0.3542349347182282,0.17487896136031322,0.3836899759214806,6.656791542159191e-07,2.6837059385386075e-06,2.2743720273135005e-06
case_01287,0.5700574139965782,0.08213320166494052,0.21627954229888255,0.1315298420395989,1.921757763655064e-06,-9.46156291034882e-07,-5.7290158130921e-07
case_01288,0.4510277893456715,0.2690705769102189,0.2124719991453101,0.06742963459879958,-5.753409135422573e-07,-3.57889356640486e-07,-1.2509168499338796e-06
case_01289,0.08088918545651336,0.5617172112129599,0.2556192442441759,0.10177435908635069,-1.6709936948768836e-06,1.2427236836662859e-06,-1.593565533550446e-06
case_01290,0.47301880571650734,0.020312310357284754,0.19477495178636645,0.31189393213984157,7.214033465255599e-08,5.260143088395621e-07,1.950892185391205e-07
case_01291,0.03398634235377579,0.8865773094324266,0.04979101662727716,0.029645331586520586,2.9305053356084277e-07,-1.0923640217590632e-06,-2.314509280451662e-06
case_01292,0.07386768288025058,0.4757205338540767,0.17990915155262968,0.2705026317130432,2.2995823205947232e-07,3.229854952069413e-07,2.9565004876949136e-07
case_01293,0.009062565195697819,0.014954769253776801,0.25193872790926564,0.7240439376412597,3.904427488806315e-07,1.384241306177317e-06,-2.991998163055248e-06
case_01294,0.39555557232224436,0.016571703026817257,0.1412327861027343,0.4466399385482042,2.692229509435085e-06,-2.7459903245850475e-06,-1.056902215524931e-06
case_01295,0.09545871841261834,0.3440176143114981,0.027903746941970762,0.5326199203339129,2.4134737385773886e-06,-2.9328041684657754e-06,-1.6803941170165125e-06
case_01296,0.2396517685573093,0.48823774246040336,0.19435817985962842,0.0777523091226591,2.2543022193536365e-06,-2.5159836556265196e-07,2.8273127397646926e-06
case_01297,0.5901960560532209,0.06835125754291216,0.08560197313130027,0.25585071327256664,1.808500865451763e-06,-2.208980293178915e-06,1.3634539174198736e-06
case_01298,0.24448184454569075,0.44709127361429574,0.03865191751918904,0.2697749643208244,2.660568643591712e-06,9.860657487882866e-07,-9.020797172265739e-07
case_01299,0.6016965810611099,0.029566996264783495,0.21966768138680134,0.1490687412873052,-2.4090321499235808e-06,-1.715685262635395e-06,-2.442929480816277e-06
case_01300,0.053965003187869495,0.6050893747614474,0.15298750449301904,0.18795811755766406,-1.409260431325563e-06,-4.0289335922597413e-07,1.0080356814374422e-07
case_01301,0.5851857787999082,0.07378097194796907,0.2522061994144684,0.0888270498376543,-2.9664326072490653e-08,-1.8139743787543863e-06,-1.7193127120437462e-06
case_01302,0.3748457098866372,0.0366727456997076,0.5430415784973626,0.04543996591629283,2.0792069587404317e-06,2.909015144947467e-07,2.185772753901465e-07
case_01303,0.12172781760581024,0.43510848933037277,0.1542887515834156,0.2888749414804015,3.099426913639482e-08,-2.3036792436925865e-06,2.0121741250733548e-06
case_01304,0.2597617545747052,0.5991249275616867,0.11450348146210972,0.026609836401498468,1.488208436049532e-06,-2.8613588832751187e-06,6.947553126083122e-07
case_01305,0.2198695665943566,0.3965099048349113,0.1134247698479213,0.2701957587228108,-2.1662405685065027e-06,-2.693210171359817e-06,8.027305172700134e-07
case_01306,0.1417921148080554,0.01640683596960839,0.24300379428367636,0.5987972549386598,-1.4855171221406389e-06,2.7255506490918597e-06,2.46181734376869e-07
case_01307,0.06068664045619667,0.33587192478297057,0.4029930932820173,0.20044834147881552,1.390656570226034e-06,-2.146282688334385e-06,2.5635937957884546e-06
case_01308,0.49364759011036735,0.21618817663824735,0.28714741597983817,0.0030168172715471673,-2.0115959466736557e-06,1.2508695188210112e-06,2.5914161065236197e-06
case_01309,0.4266772127377146,0.3926007318120868,0.014198179143247613,0.16652387630695092,-8.918643920704396e-07,-2.5924427746630425e-06,7.63392064413132e-08
case_01310,0.5142739768591879,0.07265476541431969,0.09275435200740886,0.3203169057190837,-1.4108024531185715e-06,-2.351037886588907e-06,-1.1654430771389735e-06
case_01311,0.22038301960362594,0.15220560671672898,0.2788769665970279,0.34853440708261707,-9.008298346651292e-07,5.3257508456008235e-08,-2.424779647233368e-07
case_01312,0.11864192313965104,0.12527400830144897,0.0948146956106833,0.6612693729482166,1.2499442944678218e-06,-2.1077441907393816e-07,-1.880652526826306e-06
case_01313,0.3044311351712319,0.022143804745105498,0.5065002690117134,0.1669247910719492,-7.929169131431938e-07,2.709481856639218e-06,8.180658919085359e-07
case_01314,0.02029021308131846,0.22727445207086772,0.15377520350900234,0.5986601313388116,3.3157993564764106e-07,2.669012718124424e-06,5.540146933992667e-10
case_01315,0.08001245701697149,0.6142105457829948,0.28608224465926974,0.019694752540764002,-2.400408737673542e-06,1.6776518552547905e-06,-2.3801971331203208e-06
case_01316,0.6779123225952396,0.13647365454879182,0.06526987855216818,0.12034414430380051,1.8301061594077672e-06,6.126109807640986e-07,-1.814113313282308e-06
case_01317,0.7315454710290963,0.13637928344392872,0.08025578096668272,0.051819464560292454,-7.806682461112508e-07,-2.7023809564193386e-07,-1.2220826280283898e-07
case_01318,0.12793747349112364,0.547878409226965,0.23080579524316136,0.09337832203874985,8.912049542000548e-07,-8.629287940294737e-07,2.32553394431315e-06
case_01319,0.04759475222510637,0.10594544832269072,0.7364415695834328,0.11001822986877022,1.3523376099709955e-06,2.682525281853332e-06,3.9834432378658446e-07
case_01320,0.5901230115686288,0.08839194731089924,0.026280783373343473,0.2952042577471284,-1.7420344673297976e-06,6.174528685481135e-07,1.089210001250825e-06
case_01321,0.10242561597667107,0.20535814086107856,0.6836684567197298,0.008547786442520631,2.3080499097200994e-06,4.744351661159668e-07,-9.658287015365415e-07
case_01322,0.05321409267522672,0.6669639624457339,0.17322563855756132,0.10659630632147807,6.973455096417176e-07,-1.6085932693865109e-06,4.284683582654055e-07
case_01323,0.02367793358175083,0.013024193825397094,0.8781728993496053,0.0851249732432468,-4.276491494911112e-07,-2.7198130926893216e-06,-3.157210641715957e-07
case_01324,0.29350891662400747,0.43340368618688746,0.2602963515653731,0.012791045623731963,-1.9059888985306829e-06,2.671131478557266e-06,9.547794757389642e-07
case_01325,0.29349961886892406,0.0020271986381798324,0.27524913860335926,0.42922404388953683,2.653805627407241e-06,-1.1175884469320764e-06,-2.6965466035259377e-06
case_01326,0.22912381592593567,0.30983497384583136,0.261860690824249,0.19918051940398387,1.5304092247897509e-06,-3.4446586005324796e-07,-4.019870256624513e-08
case_01327,0.37711338283421686,0.3873966384683427,0.07065211883375985,0.16483785986368032,-1.7518526236005069e-06,-2.312160338485759e-06,-1.2240442491361982e-06
case_01328,0.363238967041546,0.4542808392196832,0.09875482741911082,0.08372536631965995,-9.737353516546528e-07,2.021545979455752e-06,-1.0428896323325446e-06
case_01329,0.07197527968395494,0.7030397825516849,0.03395073156212265,0.19103420620223752,1.8580455485284396e-06,-2.8342090028644163e-06,2.765504589348368e-06
case_01330,0.04204320289412086,0.04141964953455892,0.06573165631195586,0.8508054912593643,1.174065979292034e-06,2.003944572594579e-06,-1.9038311237317035e-06
case_01331,0.04813091863806765,0.7355975401929242,0.07337064883727984,0.14290089233172834,1.594705756294346e-06,-2.1582899232721992e-06,-1.1325284845284185e-06
case_01332,0.29344128223495125,0.36198292140494204,0.15176576028039304,0.19281003607971364,-3.527933867224058e-07,2.319384675786913e-06,5.935545438523079e-08
case_01333,0.013488315463402407,0.05356071526115571,0.5037486201308705,0.42920234914457134,1.2988575758530015e-06,1.3786358240169442e-06,2.178161688897742e-06
case_01334,0.11131313521955391,0.2309211402403655,0.6560724857133198,0.001693238826760805,-6.810376628165177e-07,-2.0119784249561694e-06,-4.999795007617774e-07
case_01335,0.33967235054776557,0.604846720255888,0.019545304584429442,0.03593562461191701,-1.7324224983708215e-06,3.9490795715680844e-07,1.4631916853290266e-06
case_01336,0.7492766541309328,0.17847147054229617,0.003308954955328938,0.06894292037144197,7.960622090481597e-07,-1.1240621138686834e-06,2.1382445892888145e-06
case_01337,0.07043906362686576,0.13912717234382876,0.15568376617503363,0.6347499978542718,2.856083553592765e-06,-1.9306014065304993e-06,-1.1399018650689063e-06
case_01338,0.14159697333406893,0.3227438741111859,0.3183380335877017,0.21732111896704367,-1.1363941716280224e-06,2.15509319646665e-06,-6.434988987677404e-07
case_01339,0.028134537964823656,0.5757324707224026,0.29140765630230053,0.10472533501047332,-2.3418244672476234e-07,-5.788634009566236e-07,-8.606626578698622e-07
case_01340,0.2930635152895295,0.08173174215325636,0.24879453137896096,0.37641021117825324,1.0440082264191217e-06,-6.087377138077049e-07,1.997134851707527e-06
case_01341,0.10698744822710608,0.6848403194101095,0.13966277362300306,0.06850945873978137,2.490376927349273e-07,-1.98067995116028e-06,-2.733918828278393e-06
case_01342,0.5738582842057092,0.07250918257955748,0.1883065599638303,0.16532597325090317,2.0605667742542956e-06,-7.016059434853281e-07,-1.1494734670279199e-06
case_01343,0.13056868954253362,0.3516014351606502,0.15290154399012343,0.3649283313066927,1.5704562388170957e-06,2.2297010779731007e-06,1.0764513455707789e-06
case_01344,0.2676026081983275,0.1303964050176806,0.5172238194379841,0.08477716734600778,-2.650216776825858e-06,-8.212277370621845e-07,3.926609973920559e-07
case_01345,0.2004433107175821,0.5539238221497472,0.23843181473273206,0.007201052399938598,2.990527403542644e-06,2.709621374998728e-06,-3.822638442378344e-07
case_01346,0.18140043104563217,0.1242211777349055,0.1023719349034387,0.5920064563160236,1.5144147223168031e-06,2.677853395250325e-06,2.3968936332830623e-07
case_01347,0.2210867418408132,0.519824607607131,0.03921246399532416,0.21987618655673155,2.183419897764679e-06,-2.130608044155924e-06,-1.8144924850300903e-06
case_01348,0.43723616741858634,0.18893126925812254,0.27335878553016224,0.10047377779312881,9.071862725720782e-07,-1.9361324788641306e-06,-4.1570027035193755e-07
case_01349,0.030043662821385275,0.1896365052188798,0.15537071164498886,0.6249491203147461,2.1377107682805737e-06,2.1760444219913353e-06,1.0217905058094567e-08
case_01350,0.03917012253535435,0.47658607552657106,0.4443984720458044,0.03984532989227035,-2.3257021504277436e-06,-6.43434486451685e-07,2.40713473172761e-06
case_01351,0.06411019751972999,0.3385570539651427,0.5095158908022598,0.08781685771286757,-9.135729866441064e-07,-2.973756106301944e-06,-1.4349890231761421e-06
case_01352,0.14790791131740566,0.28530401933172267,0.44472597658605223,0.12206209276481944,2.2585256616269563e-06,-1.356769081767774e-06,2.206971012989596e-06
case_01353,0.6926283460801198,0.027546934500826223,0.0262545025934916,0.25357021682556236,-1.7900687323986466e-06,5.857739591733597e-07,8.654484049558911e-07
case_01354,0.23229985431957634,0.20200443325252038,0.3597069218339639,0.2059887905939393,-2.5305474085198637e-06,1.7955957957598084e-06,-2.8779550135943943e-06
case_01355,0.044496718551647,0.07717076686964473,0.7679784167403894,0.11035409783831884,1.7287136396713135e-06,-2.1996682974404427e-06,1.347788021396362e-06
case_01356,0.10109613634599564,0.14767496498761765,0.7037035383662287,0.04752536030015804,2.0129169338597776e-06,-2.336751813499588e-06,-2.7866887347056694e-06
case_01357,0.33339646585369537,0.3670082434984252,0.2725521935741451,0.027043097073734434,-2.024086690860596e-06,2.53255592143399e-06,2.9842867608828783e-06
case_01358,0.32763132108926235,0.019210833424458874,0.2629540660595529,0.39020377942672585,2.126075896696293e-06,1.5068902069354956e-06,2.2358201261471874e-06
case_01359,0.05972677257096224,0.4644962179118496,0.00776962716050701,0.4680073823566812,1.1206067735830177e-06,5.386776046684709e-07,-1.215937514759726e-06
case_01360,0.15154877656457208,0.06028915627899687,0.035286497700851266,0.7528755694555798,1.2049609929950353e-07,1.6151207399755685e-06,-1.4555326188197674e-06
case_01361,0.044558126966021426,0.13112748717025327,0.25246008446702445,0.5718543013967009,1.98150115668831e-06,-4.268738321601693e-07,-7.113535073663465e-07
case_01362,0.5123196438898494,0.08740260220118667,0.22269840188970633,0.17757935201925762,-4.845045040862051e-07,1.5507344838547597e-06,-8.629982081133418e-07
case_01363,0.10760028446626459,0.23721186043646703,0.5453550176509858,0.10983283744628251,-1.8360362626596169e-06,-7.691820523527853e-07,-7.659730896877137e-07
case_01364,0.05859736394974418,0.06360349430799236,0.4809255357415895,0.396873606000674,-1.2908839403363182e-06,-1.5354325650443858e-06,-1.0903407232831174e-06
case_01365,0.6885792884964834,0.11829893291413283,0.030133677348605732,0.16298810124077784,3.0984109759888986e-08,1.3740805277578119e-06,7.268004410899886e-07
case_01366,0.0693712564671317,0.1576117931694388,0.33617245798429174,0.43684449237913764,1.8798475603905448e-07,-4.819662470563902e-07,-2.014418017676256e-06
case_01367,0.4844273140229141,0.11588597760209543,0.3021542161677784,0.09753249220721197,1.8334849586474019e-06,2.8882626259571695e-06,2.075887754676079e-06
case_01368,0.03475297883959131,0.6687455218817431,0.005461972360521681,0.291039526918144,1.7481163419140071e-06,-9.030889061513941e-07,1.8744149041878923e-06
case_01369,0.117594189058945,0.34792149427447194,0.42778272260904876,0.10670159405753431,4.881993432274492e-07,2.530364523186396e-06,-1.4110075286837732e-07
case_01370,0.42727939385229535,0.08907919593213946,0.15131745941051752,0.33232395080504773,1.6847129001928583e-06,2.597775291402477e-06,2.1163797916712853e-06
case_01371,0.17128318504215456,0.6342066310259686,0.037008793703369854,0.1575013902285069,-1.8493592502379741e-06,-1.5488823176115233e-06,-1.5171295798182403e-06
case_01372,0.18927152177250778,0.49616995705310946,0.034207522901203616,0.280350998273179,-2.699612837440234e-06,1.7893270895280804e-06,-2.8946072657761983e-06
case_01373,0.37998507022585426,0.14527251466346439,0.29101348701492225,0.18372892809575903,2.241802935808201e-06,-4.01552969132609e-07,7.152475501789381e-07
case_01374,0.1765140958675123,0.4481272729711854,0.17172096465650147,0.20363766650480086,-2.5466730374233827e-06,2.5051483633820883e-06,-2.525435582117078e-07
case_01375,0.4236730235923283,0.030424917617715624,0.15356100051478125,0.3923410582751748,-1.5198694215360162e-06,-2.992543641885672e-07,4.029872777752237e-07
case_01376,0.22329939362670873,0.120608986033066,0.421730594210936,0.23436102612928925,1.1719136977463078e-06,1.4658223040241964e-06,2.3960364541104183e-06
case_01377,0.08084784067698782,0.1688696447803757,0.038736469593693104,0.7115460449489434,-5.433123742361453e-07,-1.9819554501721287e-07,2.819553441395661e-06
case_01378,0.41617163198213664,0.2530121731617926,0.02310347486344068,0.30771271999263006,2.2578838194930527e-06,-1.6331954657228628e-06,8.067188385336182e-07
case_01379,0.38700507171966575,0.3424339322655681,0.028379683221276746,0.24218131279348942,-1.212121232026383e-06,-1.8038992263318823e-06,1.5843335391146307e-06
case_01380,0.41693991097345773,0.19973930136507762,0.2411128380984281,0.1422079495630364,-2.928771919983844e-06,-4.474128344619268e-07,-2.4971493990770143e-06
case_01381,0.39782156731965673,0.018499131492329308,0.538752582361101,0.044926718826913,-1.1960661566355353e-06,1.5329679420852898e-06,-2.0357064906509663e-06
case_01382,0.3088268951646151,0.18727779535575875,0.42644097734561653,0.07745433213400962,4.684502951089899e-07,6.304289110846007e-07,1.399228829717859e-06
case_01383,0.38576005519188106,0.5196378975646389,0.058480444052990715,0.03612160319048935,-7.443697475802401e-07,1.1317757394032598e-06,-4.118072616719885e-07
case_01384,0.043264649331693474,0.5768207067033218,0.20666454452206628,0.17325009944291844,2.0923653455253167e-07,-1.3060418956083453e-06,-3.242083775735658e-07
case_01385,0.02280781082909433,0.21192795094684416,0.4092716315556381,0.3559926066684233,2.2595887130101123e-06,-1.113879242543671e-07,-1.1483539101873804e-06
case_01386,0.7986046182423028,0.06354026706618308,0.0968013294379433,0.04105378525357074,2.474910325382211e-06,-2.733628410184038e-06,6.44138300866463e-07
case_01387,0.24186059306190472,0.11844312406430775,0.2446761081384062,0.39502017473538137,-1.4041556120753274e-06,1.9051944957487238e-06,-1.8890097275027844e-06
case_01388,0.4183005128876173,0.13764788438079123,0.26310256294166445,0.1809490397899271,-2.2715716038059578e-07,2.939352973439248e-06,7.614976758833736e-07
case_01389,0.04275104717017254,0.476942485176553,0.1152395055263189,0.36506696212695566,2.94864091448707e-07,-5.587256242519745e-07,-1.9572068571885617e-06
case_01390,0.058621024848250276,0.8523576101623942,0.043007727690739295,0.04601363729861618,2.6946747413294827e-06,-2.93421808121074e-06,-2.6170437917417186e-06
case_01391,0.5153299528751645,0.0048181133663786685,0.23035128068246777,0.24950065307598915,2.991703914986308e-06,-1.981244162694316e-06,-1.0178538678056339e-06
case_01392,0.19553546560099827,0.3960721806138445,0.4011005731450171,0.007291780640139915,-1.5875565069508403e-06,9.151612665025133e-07,-1.613157947940914e-06
case_01393,0.437387745522791,0.2635210258638741,0.26426205589465224,0.03482917271868274,1.361879228074893e-06,6.724759092231552e-07,2.333949831337994e-06
case_01394,0.12964901452657612,0.4992332500726673,0.2997403042033833,0.07137743119737332,-7.318136266008289e-07,1.7271883175132639e-06,-2.6702792767882407e-06
case_01395,0.01181479203329525,0.13037751325206376,0.5074362165435335,0.35037147817110736,-2.9513508186827208e-06,-1.476695934233591e-06,-1.940317844555263e-06
case_01396,0.33038550646419385,0.030449421744707474,0.2990723336341132,0.34009273815698554,-2.944484865384586e-06,1.5817914932828042e-06,2.9231763349829683e-07
case_01397,0.5518173258710423,0.21427342866953888,0.07809615395650975,0.155813091502909,-2.366039546264657e-07,1.1279041291420185e-06,-1.1359685491515841e-07
case_01398,0.014354907369263073,0.7553772841300029,0.09376552079917233,0.1365022877015617,-6.999052197399217e-08,-1.0631130137169402e-06,-2.724887889751791e-06
case_01399,0.11174626013720271,0.29208214688258727,0.27631914306028793,0.3198524499199222,-2.8645818205593443e-06,2.72928888341772e-07,-2.9564854319091333e-06
case_01400,0.16508290997821573,0.20058932726200165,0.07076632740525143,0.5635614353545312,1.1215645006458151e-06,-2.11635714901004e-06,2.928407651766899e-06
case_01401,0.00780393008792511,0.17496826266823393,0.3916088467196635,0.4256189605241774,-1.2359796684302813e-06,-2.8461297938650406e-07,9.530082021530291e-07
case_01402,0.2481571331304415,0.2559872787395028,0.03334328279389296,0.4625123053361629,3.593586092156965e-07,2.2871840373338457e-06,-8.075632145906592e-07
case_01403,0.3935834025525355,0.06413675074920935,0.12503011905059125,0.41724972764766394,-1.1944855610074873e-06,-4.728517210476552e-07,-1.7740651402055188e-07
case_01404,0.6186776968097516,0.08222173623859702,0.23600855623908934,0.06309201071256207,-1.997194110784157e-06,2.0374002388525323e-06,-1.4006992772742784e-06
case_01405,0.018941275602363368,0.426680035942099,0.3027816175258243,0.2515970709297134,-5.569575684067483e-07,5.415201915581667e-07,-9.307572978407417e-07
case_01406,0.017230088303345246,0.6396940489633699,0.19862275288941353,0.14445310984387136,-1.6063598112569955e-06,-1.8487397213858595e-06,8.942668036092835e-07
case_01407,0.24919393200216014,0.030191296425648627,0.4453868862835254,0.27522788528866576,2.088058615150083e-07,4.866374681873786e-07,2.296870793204224e-06
case_01408,0.3048725099321246,0.30785573192653176,0.300629186297749,0.08664257184359475,-1.8070288182811202e-06,3.589997494238054e-08,-1.8952198615128908e-06
case_01409,0.31777482499465426,0.6578789563567464,0.006329773273394898,0.018016445375204235,5.0435859867762524e-08,-6.081519888216959e-07,2.0421690323119123e-06
case_01410,0.25099518652344455,0.5052763695929536,0.11676308495709643,0.1269653589265053,-2.0557289107867946e-06,-2.282217362903578e-06,-2.270660222890386e-06
case_01411,0.3511436055653367,0.1240533597091137,0.010438635007046969,0.5143643997185026,1.0258482569147102e-06,-4.997480169166211e-07,-1.7100466584696529e-06
case_01412,0.22691592995662654,0.20075897633707537,0.3125975759605205,0.2597275177457777,1.523626106648544e-06,-2.5634257425622375e-06,-2.776948271702124e-06
case_01413,0.24549101373055618,0.4628261539220634,0.14355352271603958,0.14812930963134086,-2.3376345945003976e-06,-2.4073856916074928e-06,-2.1551288274420034e-06
case_01414,0.1531419126560097,0.2656671771316933,0.44676653032534125,0.13442437988695566,-1.93185527775965e-07,-5.045008024037037e-07,2.5038188727843037e-06
case_01415,0.07125331318123963,0.03910270447957737,0.5868813176079426,0.3027626647312403,-2.5747697960707586e-06,-1.1677111081892178e-06,-2.4336752028972846e-07
case_01416,0.17518955918682813,0.2766408221887371,0.22100712681009407,0.3271624918143406,5.890946732520144e-07,2.553265955173341e-06,-2.534004829329879e-06
case_01417,0.015746637818883986,0.37462282042703426,0.5178922716810115,0.09173827007307017,-1.4135742124221277e-06,-7.457651677183768e-07,2.7583610282337678e-06
case_01418,0.2222041067168162,0.08192073264175288,0.6884904222440299,0.007384738397400942,1.6574674103224696e-07,1.547148732432601e-06,2.2739538465519007e-06
case_01419,0.34845541657262336,0.07319744720098956,0.5005977934591689,0.07774934276721832,1.0476605630574707e-07,1.8148515819745654e-07,1.5280951252088476e-06
case_01420,0.07350090751507728,0.18676489857781872,0.674582373655586,0.06515182025151803,2.546126077162803e-06,1.2245140118540125e-06,2.600836751685347e-06
case_01421,0.03313455348130066,0.3026726229102685,0.14771067515967182,0.516482148448759,2.9449933541233746e-07,-1.439304101907605e-06,-1.6792234749854152e-06
case_01422,0.09712241495871253,0.6360242252492291,0.16240424468095577,0.10444911511110273,4.979908783098941e-07,2.6514298370299742e-06,2.018215758060518e-06
case_01423,0.3005579412655629,0.23533998805683062,0.367343893768941,0.09675817690866559,-5.900812454137181e-07,1.8053098148654361e-07,1.1399471781258375e-06
case_01424,0.10608828851219877,0.0928452006117496,0.7393473825291705,0.06171912834688103,2.694477619096901e-06,1.987944427711498e-06,2.2185554974061303e-06
case_01425,0.18293964718246686,0.22929356854649738,0.43547316385188445,0.1522936204191514,1.6631154566376578e-06,-8.097258391433191e-07,1.7814693944557786e-06
case_01426,0.47949556180595104,0.059986058241089484,0.43930126066315767,0.021217119289801783,-1.2875682581829507e-06,-2.3987319056968527e-06,-9.2102962093905e-07
case_01427,0.1509350674490361,0.3354110454830358,0.02610190010441143,0.4875519869635167,2.0652575146573926e-06,1.0422698863250925e-06,1.6463912221035334e-06
case_01428,0.12049591474302215,0.5821089253856987,0.2256793153355576,0.07171584453572147,-4.056218388894602e-07,-2.953442109975453e-06,-1.4252621820906581e-06
case_01429,0.2533070731922624,0.4395559667380475,0.11854081125447942,0.1885961488152106,1.9720028612015634e-06,-1.4824214060695045e-07,-1.0284470218316711e-06
case_01430,0.04605631203894193,0.22905424608930544,0.6613855217096463,0.06350392016210629,1.9373284097610126e-06,-1.8431885840012446e-06,-2.3525656966621432e-06
case_01431,0.09351155883081748,0.69061694457296,0.1470868291893558,0.06878466740686676,-1.8667788794228738e-06,7.642530266121728e-07,2.6104596958828123e-06
case_01432,0.0371310703231836,0.5234833399060085,0.350482566292416,0.08890302347839217,1.2068467883014615e-06,2.8765192388271133e-06,-1.2539798195983108e-06
case_01433,0.2591634797147043,0.18724818017991451,0.2746888567029075,0.2788994834024738,-1.2561421841608133e-06,-2.1358256207612413e-07,1.237347910287109e-07
case_01434,0.5086381689335382,0.1588200387218316,0.020424627682280278,0.31211716466234984,-1.2150439800439908e-06,1.9049895391539997e-06,-6.52002981202844e-07
case_01435,0.2301910116325817,0.08754091040103637,0.18552256786198434,0.49674551010439766,-1.2219115387165156e-06,4.670512170672634e-08,2.759568723501009e-06
case_01436,0.027972954529822316,0.1842656425384675,0.17562722026144828,0.6121341826702619,1.3534094853596892e-06,-2.4959813375855614e-08,-9.897049743691057e-07
case_01437,0.5822929090319261,0.15935703727137696,0.038338829709347926,0.2200112239873491,-1.6210437492447836e-06,2.5825409590726672e-06,1.6712749285361338e-06
case_01438,0.025026511678494043,0.33544671993236336,0.5328301217432783,0.10669664664586437,-2.994564988523459e-06,2.339795212480089e-06,2.1324969277870807e-06
case_01439,0.3974698427731952,0.2244291380710168,0.22980316317414873,0.1482978559816394,1.2914211208957987e-06,1.7148027911278466e-06,-3.8636101511420455e-07
case_01440,0.19928867795609415,0.38186521443940674,0.3921859887410538,0.02666011886344521,-1.9728915369892485e-06,-1.2224654800992954e-06,-7.309691132824126e-07
case_01441,0.5501914589953057,0.3541649388400571,0.0771956311257856,0.01844797103885148,-2.3731056281529922e-06,2.7005049434364334e-07,1.486474925595768e-06
case_01442,0.06209146734957077,0.4841967247979787,0.1996028781506305,0.25410892970182025,-1.5749032764356392e-06,-1.65661660016589e-06,2.477375881837405e-06
case_01443,0.14380813616527346,0.6147691400976201,0.013799347970580864,0.22762337576652564,-7.205968660637759e-07,-3.3649981172076144e-07,1.52959039843343e-06
case_01444,0.3135590525611,0.050250465221527464,0.5509469448821652,0.08524353733520727,-1.4456203516079554e-07,-9.472160544125635e-08,-1.6372418064488063e-06
case_01445,0.4069174584308638,0.20012468686435173,0.3491700968447493,0.043787757860035116,-2.732579755724215e-06,1.989840241015986e-06,2.3298464846262324e-06
case_01446,0.0038353899794515748,0.540343990264373,0.07064916984633361,0.3851714499098418,2.823439995764163e-06,2.3761701919499587e-06,-6.745099953790015e-07
case_01447,0.8179975919855931,0.026475488765218616,0.03434242167435431,0.12118449757483403,1.2963783205173484e-06,-5.122796256211329e-07,4.57376470667606e-07
case_01448,0.4142306680231844,0.30461084676459876,0.08602836215129676,0.19513012306092006,-1.0608356080539832e-06,-2.893773329560577e-06,1.9886137157562664e-06
case_01449,0.019581589026746404,0.5089062783417996,0.4475127116285098,0.02399942100294411,-1.087816456287616e-06,2.170643038736128e-06,-1.8696313955970468e-06
case_01450,0.14400927323217766,0.04270800730838547,0.1283134743625174,0.6849692450969196,-3.0874470378924387e-07,-1.954327928991836e-06,1.7070608140653186e-06
case_01451,0.09562943480692845,0.018620121416123833,0.08427645733822044,0.8014739864387274,7.574689365781977e-07,7.31291783342361e-07,5.769767874640651e-07
case_01452,0.1657015176511862,0.08976159741716543,0.03038610293423846,0.7141507819974099,-2.1217616004661936e-06,-2.8501745973952128e-06,2.3600498509656494e-06
case_01453,0.7884043405977158,0.15156112963448973,0.03330759627148543,0.02672693349630908,-1.8664211174102861e-06,-6.029611484366142e-07,-1.9681775889387426e-06
case_01454,0.029649375275378878,0.200955230853945,0.6106678735197091,0.15872752035096702,2.1566074970013055e-06,2.915761812692099e-06,-4.759065777544294e-07
case_01455,0.3709116922937572,0.1182938175511617,0.24705280129370844,0.26374168886137267,-1.4624704566655648e-06,-2.3958383933771815e-06,1.997058557201025e-06
case_01456,0.11067603412668246,0.25954726022489966,0.5873169201457004,0.04245978550271744,-7.188300121489349e-07,-4.57841088002146e-07,-2.884609779259439e-06
case_01457,0.06033565772340505,0.10290713719521742,0.750230747146109,0.08652645793526854,2.2276311057007022e-06,-1.157100298860287e-06,-2.326791799406143e-06
case_01458,0.35604880282186213,0.11897236058666406,0.3346884147519075,0.19029042183956626,9.78886976398935e-07,2.430528740329586e-06,2.9433912765404085e-06
case_01459,0.47041011335164834,0.11436815625883967,0.20035062089017572,0.2148711094993363,-9.4972872394987e-07,2.216040647444131e-06,-1.3176349284578969e-06
case_01460,0.6660265622227781,0.19214194279965313,0.12110440537394915,0.020727089603619714,1.1021972743477243e-06,-1.573807438162627e-06,2.85325916234372e-06
case_01461,0.5292287211730121,0.06905500650471175,0.06081940224239255,0.3408968700798835,-2.881900707711518e-06,-2.512873277697413e-06,-1.9048106939479566e-06
case_01462,0.08607370674504682,0.1574043097696828,0.03957863720296658,0.7169433462823038,1.4138559600681917e-06,7.628303643667049e-07,-8.334333419559864e-07
case_01463,0.32552391065836933,0.34017056551192737,0.08910217878507395,0.24520334504462937,-7.790375690256294e-08,-9.817877286977413e-07,1.517216667021424e-06
case_01464,0.1455156691852249,0.008108885409188438,0.018899105009043644,0.8274763403965429,1.8790928837067677e-06,1.032506343636378e-06,9.466704434290707e-07
case_01465,0.3207848489399679,0.38526371358720746,0.003954357493548802,0.28999707997927593,2.7278259120388097e-06,-2.807281463593113e-06,4.867343995743335e-07
case_01466,0.36873434796436916,0.17026985705943437,0.38373215597174376,0.07726363900445266,2.55473129696741e-06,-2.1996045889350636e-06,1.7939505483004526e-07
case_01467,0.546029778462815,0.28899012621803766,0.07704698774945522,0.08793310756969203,2.4555902607320445e-06,1.1182333966358602e-06,2.0606426619884416e-06
case_01468,0.274968229658768,0.4925804510430182,0.14936917266507416,0.08308214663313977,7.301973560332303e-08,-1.7257760681850135e-06,-1.5903086229996437e-06
case_01469,0.45982346746916125,0.2521795854241749,0.13546594223651648,0.1525310048701472,-8.391473151663716e-07,2.1455260545744094e-06,-3.451744380388893e-07
case_01470,0.032203081665532526,0.13892300824542728,0.06262566744252289,0.7662482426465175,-2.0978805161596326e-07,-2.6484546737391874e-06,-2.0672862470612564e-06
case_01471,0.141010400549328,0.14338759606246618,0.1798233923916992,0.5357786109965066,1.1393760198801646e-06,-1.7071081032865523e-06,5.756495743842261e-07
case_01472,0.3697194132153831,0.13745727941770508,0.29062031674691197,0.20220299061999983,2.30398666122712e-06,2.991361490910412e-06,-1.496733454372079e-06
case_01473,0.37725052021503247,0.11884235280094874,0.3469287666249478,0.15697836035907115,-1.7580821819992827e-06,-4.015433844792442e-07,-9.969476139396852e-07
case_01474,0.36900152861889335,0.06120645071749766,0.45571054044797005,0.11408148021563881,2.509158950770218e-06,1.2177939812678611e-06,-1.7249570025883136e-07
case_01475,0.4175376562005978,0.3274200020919639,0.05794068034839555,0.1971016613590427,1.8910813918193345e-06,-1.904021706857918e-06,-2.839376485781233e-06
case_01476,0.032865232932736375,0.3070173791708586,0.18639391218480905,0.47372347571159595,2.873136091069408e-06,6.592124099132264e-07,-2.448372384474974e-06
case_01477,0.06992396719035872,0.05047928424597006,0.14639099998714616,0.7332057485765249,2.281510639690123e-06,1.3566364102165114e-06,1.115575324249318e-06
case_01478,0.47694478245660815,0.20891973220972637,0.28028046438602416,0.03385502094764124,-1.3203760218485602e-06,-1.1131401848009368e-06,-4.2618011569495646e-07
case_01479,0.6430930713341864,0.16923288082720356,0.051800779680421606,0.13587326815818837,-2.3642645319357136e-06,1.973382671855267e-06,2.1887413319993727e-06
case_01480,0.02452006913130774,0.7140390596507256,0.04062514919852782,0.2208157220194388,-2.3265535680504684e-06,6.205054708336998e-07,1.1680320218651964e-06
case_01481,0.0676238763594779,0.30356685973651026,0.36010954516238947,0.26869971874162235,-1.2526600885303434e-06,-6.652619423098188e-07,-2.9513943501160654e-06
case_01482,0.2599488880125057,0.6081329418303808,0.02233207660423026,0.10958609355288333,6.851023439072355e-07,3.4585436005895135e-07,7.002739846028092e-07
case_01483,0.04376134327883136,0.678345660141536,0.07563845934800535,0.2022545372316275,1.825921956583035e-06,4.6056508461554547e-07,-2.4376508036417015e-06
case_01484,0.5782888642461985,0.11941422785950881,0.13682765541230912,0.16546925248198363,2.3955018418893884e-06,-2.006788243836804e-06,1.6855990787429655e-06
case_01485,0.18063300034976293,0.09107545612647461,0.006770051919688015,0.7215214916040745,7.425203062153965e-07,-5.836057807982032e-07,2.949046129671012e-06
case_01486,0.8008033182376663,0.09930426162808387,0.0982012015077623,0.0016912186264873472,-2.966212123511678e-06,-9.394164718830412e-07,1.871927654490689e-07
case_01487,0.354303348779148,0.5423801381591011,0.04926256289507678,0.054053950166674074,-1.882099340888799e-06,-5.945836645252437e-07,1.0966770011647826e-06
case_01488,0.44108240695887824,0.2706519554844019,0.012968736861255551,0.2752969006954644,-2.4016427768797925e-06,1.5666635309115474e-06,-1.5761150346314907e-06
case_01489,0.09322043093112967,0.11605714891433826,0.3704908509790322,0.4202315691754998,-8.200531465859398e-07,-1.0476955519996418e-07,-3.7441353747723874e-07
case_01490,0.09381929637156641,0.5394035521914237,0.09569690544640436,0.2710802459906056,8.105961802475518e-09,2.6418969194355863e-06,2.1365719934183025e-06
case_01491,0.12215613764440775,0.42076290350352386,0.44018622371681493,0.01689473513525358,-2.739616928528635e-06,-1.2379415198493828e-06,-1.995462313522493e-06
case_01492,0.4379859561207374,0.2774192273956728,0.24895939626185296,0.035635420221736845,-9.091321452260679e-07,-5.057785302904261e-07,-1.4067863663174274e-06
case_01493,0.23643906515363497,0.2744108988831065,0.049343845512733464,0.439806190450525,-1.9249219522480646e-06,1.7217408628742483e-06,-3.2739794828381893e-07
case_01494,0.027760956912646222,0.08815370428652457,0.4186358382539553,0.4654495005468739,8.824209975532439e-07,2.7614755992450177e-07,1.2734933510640838e-06
case_01495,0.23944770195872497,0.003955453659824072,0.7460551227570174,0.01054172162443372,-2.143657840539598e-07,2.821688785466865e-07,-7.44696271225957e-07
case_01496,0.04175656894115551,0.003817208663152754,0.22629321667019248,0.7281330057254992,-2.80941183965472e-08,-2.679959021968899e-06,2.5663936786980236e-06
case_01497,0.3028534579224017,0.4777548354688185,0.0036929954945377082,0.21569871111424208,-4.338492717992337e-07,-6.084020236892652e-07,-2.4332576923876848e-06
case_01498,0.24277077843397074,0.27263814844420764,0.029569622586269353,0.4550214505355523,2.736118262919402e-06,-1.3755976054696051e-06,-7.75174814730915e-07
case_01499,0.2352134899727291,0.48709804155239494,0.22329294083431558,0.054395527640560375,-1.7115892492706206e-06,2.9960107369866923e-06,1.2537247405705317e-06
case_01500,0.24628232228517138,0.044598365234975165,0.4852820619243481,0.22383725055550532,9.998555906324596e-08,-1.1498695762061383e-06,-1.6440794060310454e-06
case_01501,0.040181918107790926,0.770394537542868,0.17164038869095016,0.017783155658391003,1.4161042101920153e-06,2.306979208763181e-06,9.384788053780381e-07
case_01502,0.21389206229797758,0.06335124403076185,0.3532745094220414,0.36948218424921914,3.4106647880737545e-07,1.057402410242865e-06,-2.014698250635924e-06
case_01503,0.5880948334820714,0.10615593788578649,0.09244603264640422,0.2133031959857379,2.5741253143008066e-06,-9.545015448474573e-07,-2.664118290829882e-06
case_01504,0.07817820824712784,0.43553325351791616,0.4347228623511203,0.05156567588383575,-7.321898661522951e-07,2.6120627024474193e-07,-2.273905699508107e-06
case_01505,0.12017148307044428,0.42611984797113067,0.4305042184377953,0.02320445052062985,-2.1794516536093207e-07,2.0432152796951627e-06,2.579908698804808e-06
case_01506,0.03636233678053217,0.11652164152306095,0.7943516852903941,0.05276433640601274,-2.4688661087116293e-06,2.3002097881854714e-06,3.105052976373079e-07
case_01507,0.45533430116174217,0.03815090539135733,0.3490696789543163,0.1574451144925841,6.539946663115708e-07,-2.037636749963129e-06,1.7780746528778945e-06
case_01508,0.5001787514378053,0.08558856822456036,0.32780710902985033,0.08642557130778389,-1.2707281893113639e-06,-9.625611527509824e-07,-1.0040729945696927e-06
case_01509,0.22864708171453835,0.3782678508911957,0.02479087220222242,0.3682941951920435,-2.0381457629065868e-06,-9.8866091871857e-07,5.5595188731268e-07
case_01510,0.5088207215797902,0.07682767068413461,0.31523975917634167,0.09911184855973358,2.671877574270483e-07,-2.747731223544332e-06,-3.028719777005034e-08
case_01511,0.3498342062638232,0.4129072030113445,0.03246042592099807,0.20479816480383425,1.9386158027946362e-07,5.89426559111379e-07,2.6744277564137642e-06
case_01512,0.20657431054390563,0.33723852379812647,0.08831755128270315,0.36786961437526466,-2.544770152655715e-06,2.128920317953128e-06,1.4854478163246618e-06
case_01513,0.20016649016861732,0.1307629025982477,0.4918612678052262,0.1772093394279088,1.189292720966837e-06,-7.105536730468934e-07,1.3832557889794743e-06
case_01514,0.1284194593578612,0.13555634644602352,0.3773115409587128,0.3587126532374025,7.426331439051173e-07,1.4402156699050625e-06,-2.721880383394323e-06
case_01515,0.21092809545378297,0.1654960545008985,0.27641485426642504,0.3471609957788934,-1.8658963035210168e-06,7.662024816044397e-07,2.980180140221464e-07
case_01516,0.09307999115027378,0.5400701904511678,0.22785994520821354,0.13898987319034473,-1.8339082707573712e-07,-7.461075870419951e-07,-1.9805127658911112e-07
case_01517,0.030275588427636096,0.07314237817929685,0.799033246876548,0.09754878651651912,1.32193749887136e-06,-2.1536412030462176e-06,2.5670535996371673e-06
case_01518,0.15348638052067587,0.5123783054671333,0.3044330453072174,0.029702268704973545,1.76614443247659e-07,1.2559431166558036e-06,-1.4559480708628066e-06
case_01519,0.16134410304280838,0.32471530737130216,0.33166826714555037,0.182272322440339,-6.270655428985788e-07,2.127391013647443e-06,-1.380999280253434e-06
case_01520,0.1252857451080349,0.7114938020079815,0.10010442797368528,0.06311602491029841,-1.0659692515143383e-06,1.1151269544089516e-06,-5.319225067109978e-07
case_01521,0.10955111609634366,0.2403193908344235,0.5595635677719578,0.09056592529727506,6.623631998643215e-07,-2.8927290957910915e-06,-1.539781719561744e-06
case_01522,0.3749215572284175,0.006487174043197735,0.1647503576851852,0.4538409110431995,2.634652189861443e-06,-1.7026026336540525e-06,-2.224896493147503e-06
case_01523,0.14628851694931927,0.2933959143412838,0.08113368333327314,0.4791818853761237,1.0304690428649001e-06,-2.5831200906988087e-06,2.144489079904805e-06
case_01524,0.012594343416825953,0.44898393633985384,0.051810638853151555,0.4866110813901685,-2.551524578182107e-06,4.2231659745736066e-07,3.496591464234949e-07
case_01525,0.09734607309233038,0.28723479374991534,0.08611333878731771,0.5293057943704366,-2.3589015910719723e-07,1.5388660730424743e-06,2.168176313739401e-06
case_01526,0.1234486272469358,0.1792844323726327,0.6193245284963463,0.07794241188408517,2.3449447890637654e-06,-2.3365248775880432e-06,1.9868085924221756e-06
case_01527,0.029804629427298023,0.3932716984548087,0.5124285969412151,0.06449507517667807,-2.433225445193479e-06,2.030026923560312e-06,-1.3077458712619734e-06
case_01528,0.5260432985669576,0.16124893586151234,0.0644030752788398,0.2483046902926901,2.9332542728252605e-06,3.3305387037289905e-07,2.864246659456436e-07
case_01529,0.1532221279539268,0.6440830298158073,0.04386880091882212,0.15882604131144384,2.694416361872528e-06,1.1398140728503498e-06,-2.5006937835595775e-06
case_01530,0.00693554302029383,0.015660893318193692,0.0005096680376481315,0.9768938956238643,-2.530353115620745e-06,2.828411091651877e-06,2.491511304184551e-06
case_01531,0.3826784192393223,0.36480420740522507,0.16828584884941789,0.08423152450603495,2.6004799226973298e-06,-2.497914070513816e-06,-5.744237096090814e-07
case_01532,0.06884002551016363,0.14061949964764686,0.19793078452664603,0.5926096903155434,-8.212044584432267e-07,2.407344137866736e-06,-6.379428966658717e-07
case_01533,0.789537556054511,0.08207892893701493,0.018515822724374426,0.10986769228409969,2.0682550024551754e-06,-2.243383824075544e-06,-1.1834677762922808e-06
case_01534,0.09006881347584601,0.46117565380795794,0.172895196359296,0.27586033635690005,-4.89699973720371e-07,-6.422471601799063e-07,-2.3601753173577698e-07
case_01535,0.19156226810456217,0.13691517454842855,0.03499577863055491,0.6365267787164542,-3.5486932378490475e-07,2.1086321779866864e-06,-1.4894436807273118e-06
case_01536,0.4932792030077675,0.059397875184358344,0.23169084634677625,0.21563207546109783,8.054585458652556e-07,2.437525420427209e-06,-7.508863632191728e-07
case_01537,0.17685699956276765,0.5267885909786069,0.15628527580527452,0.14006913365335108,1.6468645156559004e-06,3.823004127087217e-08,1.7996822915092914e-06
case_01538,0.1446039020060083,0.1819637675182473,0.5809856906845688,0.09244663979117555,-2.7972650943105084e-06,5.646278296525509e-07,2.005533021511031e-06
case_01539,0.29568934754605086,0.27935698725900343,0.03179570818847482,0.393157957006471,5.589359731628055e-07,1.2488840075913426e-06,-1.1749051342289032e-06
case_01540,0.13152885228815406,0.28028418939160415,0.22394128791721202,0.3642456704030299,-1.8796020354157742e-06,1.996552010716285e-06,-1.8591341668327242e-07
case_01541,0.05068732855407491,0.11576584735593448,0.09023579689352057,0.74331102719647,-9.243028928207822e-07,-2.270932982774003e-06,2.2429186576803135e-06
case_01542,0.046105018673427825,0.1228610007115994,0.043478368966705976,0.7875556116482668,-9.121880030687013e-07,1.8604158493753654e-06,-2.683960009021817e-06
case_01543,0.016818984841693876,0.5432891933563095,0.21524061417148854,0.22465120763050797,-1.8563795867307844e-07,-1.1234309693029948e-07,2.334869771974712e-06
case_01544,0.5102453739508701,0.11590225894611092,0.13629086318325592,0.2375615039197632,-9.951815287429598e-07,-2.962594493509861e-07,-1.68489392608601e-06
case_01545,0.18870662448776604,0.04944718246472025,0.02592644785765067,0.7359197451898629,-2.3558332892959935e-06,-4.5660148801801035e-07,1.071235465286255e-06
case_01546,0.006262398325722993,0.4572803512137698,0.43708418019396766,0.09937307026653946,-2.1262275688472914e-06,5.526951147625546e-08,4.953101783076013e-07
case_01547,0.057652951738347905,0.0622568249469319,0.47287062134818514,0.40721960196653517,-2.799372086633414e-06,2.6703033203676215e-06,3.1764448913551263e-07
case_01548,0.27041003968464994,0.4910335743618917,0.2085471270976784,0.030009258855779954,-1.78505488027474e-07,2.8922263675290945e-07,2.156161348516928e-06
case_01549,0.11454628500616629,0.7581157854769626,0.09642571301863599,0.030912216498235147,2.7266861691179313e-06,2.719065229578835e-06,-2.3905671381320326e-06
case_01550,0.22894556192073584,0.09705394217938326,0.4760369955008588,0.19796350039902214,-2.3059486581113005e-06,-1.9182592163061564e-06,-9.178318480461839e-07
case_01551,0.025211902894749935,0.7857855028076024,0.07958457774782117,0.10941801654982639,2.6775869580184923e-06,1.3448158729957993e-06,2.295164780685935e-07
case_01552,0.37155330998863895,0.03796605435959015,0.4954540439960563,0.09502659165571464,1.400169088392561e-06,1.8734372316524837e-06,1.8677331236762388e-06
case_01553,0.12647201759593255,0.10658754861052963,0.3657848565383369,0.40115557725520073,8.249928176049791e-07,1.0747729880091718e-06,-1.701341499529971e-06
case_01554,0.1327378195732818,0.363901314858918,0.37250602237742647,0.13085484319037355,8.716665319413775e-07,6.415336813592421e-07,1.8175790482456578e-06
case_01555,0.457882537508828,0.3511477000916933,0.06037287029103345,0.13059689210844522,1.9603658903776925e-06,3.8887668651709384e-07,-6.021691050363856e-07
case_01556,0.02035279061472322,0.18006919108188613,0.02354902017375552,0.7760289981296351,-2.3584808137210716e-06,2.1655828954721755e-06,-1.8665168613978276e-06
case_01557,0.28632575880322536,0.09335532097754945,0.16306687166174877,0.45725204855747664,2.8525941393250502e-08,1.9298795829870007e-06,1.553918642660896e-06
case_01558,0.2427003965048976,0.05762487101716981,0.14302130072575478,0.5566534317521779,1.1825468295645513e-06,-2.2662676729164027e-06,-2.4546065911527133e-06
case_01559,0.1628606449145781,0.1657715290519607,0.31771848712837153,0.3536493389050897,5.209226704413819e-07,2.0915259421852686e-06,8.86042444526574e-08
case_01560,0.530364626342526,0.020947240948311963,0.16512050368609507,0.283567629023067,1.996674426139768e-06,-5.155882833573451e-07,-2.6167452968286695e-06
case_01561,0.3427413496565996,0.22614253684531974,0.044215983233450634,0.38690013026463016,-2.566369745931891e-06,-1.4778190200251353e-06,-8.614928690532746e-07
case_01562,0.5846919974010117,0.04135906399040899,0.2861860719772479,0.08776286663133122,1.1442062369949954e-06,2.2186114080835557e-06,6.064607940383561e-07
case_01563,0.236669573955365,0.010489198616254856,0.2939689414760467,0.4588722859523334,2.0416638230830635e-07,-4.0785120219755027e-07,3.3669324892327836e-07
case_01564,0.2352725537158258,0.2651274605532279,0.44052870876197553,0.059071276968970785,-7.250348161203396e-07,1.8501881410608997e-06,-5.720674925720007e-07
case_01565,0.021813258774882754,0.3240903669816697,0.02894066938786629,0.6251557048555813,-9.58350106595815e-07,-1.4195783282649331e-06,-4.25712036167306e-07
case_01566,0.2787491484766741,0.10478534843869029,0.6010169059499343,0.015448597134701468,7.249957966451573e-07,-2.9764240714666933e-06,-1.6393826798954007e-06
case_01567,0.08123174828623797,0.22874283079029256,0.0969193447790611,0.5931060761444082,2.3459722478655888e-06,-2.724484258233363e-08,-2.647044694553825e-07
case_01568,0.02410084097713906,0.28305283979478696,0.3173200961439995,0.3755262230840744,-2.2944443393308515e-08,-2.3986304601426947e-06,2.7195291343250057e-06
case_01569,0.10465187355670133,0.16071677271727325,0.6577754556058993,0.07685589812012614,1.9483389844615207e-06,1.5262557331494576e-06,2.1027175067027426e-06
case_01570,0.33293477748520445,0.15700993901014412,0.27267214121442435,0.23738314229022706,-5.870617089361949e-07,-1.3435491835835379e-06,-2.1286027855419373e-06
case_01571,0.0635025570596993,0.22968350121559203,0.5523182259519347,0.15449571577277402,-2.3856332232409406e-06,-3.381261203791278e-07,-2.8213152760744744e-06
case_01572,0.7312290788087344,0.12948417125727738,0.03314533975684701,0.1061414101771413,-2.6309655812481687e-06,-2.4777986094506746e-06,2.601145876299784e-06
case_01573,0.40020445775091235,0.05087808001721367,0.2675224904815596,0.28139497175031414,-2.6919937720579346e-06,-1.2800445093164841e-06,1.604984992844859e-07
case_01574,0.19768096407991015,0.03986400658169784,0.5912856585555515,0.17116937078284059,-7.190991482539802e-07,1.6889414595514318e-06,2.270269388958464e-07
case_01575,0.3568228134806949,0.13655469629085248,0.1551341456473398,0.35148834458111294,-9.765734949849476e-07,-2.0904725285860833e-06,1.684307974239134e-06
case_01576,0.24128857444270901,0.2931480808061145,0.23630876493686667,0.22925457981430986,1.3076221417354174e-06,8.829573667617439e-07,-1.1118661567720408e-06
case_01577,0.207758977282829,0.4604862574896457,0.12498737312314136,0.2067673921043838,1.4569290095091948e-06,2.5045551168270073e-06,-1.0855458698398707e-07
case_01578,0.2491224080730604,0.07040458441343689,0.07289974982485527,0.6075732576886475,-2.694876186997561e-06,1.0790205585463214e-06,2.8119774788804257e-06
case_01579,0.399330763430569,0.2673733088745344,0.32405949755062285,0.009236430144273828,-1.6732604226659103e-06,1.8661301357533608e-06,1.032892121594443e-06
case_01580,0.33085477548125397,0.24483973290748248,0.2712223379608799,0.1530831536503836,-1.3544288990466019e-06,-2.3461702241765052e-06,-2.0775298080252845e-06
case_01581,0.02215453846246323,0.056009304427860764,0.784862713876636,0.13697344323303995,2.8567190485685664e-07,-1.4956090439876732e-06,-2.2006395120938804e-06
case_01582,0.3168499741387283,0.02729283554386331,0.019299124500110922,0.6365580658172975,-2.1329086565582985e-06,2.3672331134435464e-06,-1.7744114500019676e-06
case_01583,0.24699426997473148,0.22726953144600828,0.0890759814846863,0.43666021709457387,-2.1963526835999977e-06,1.290633681708535e-06,1.6002700465243055e-06
case_01584,0.13648842989937646,0.1560741531198918,0.45754123778802036,0.2498961791927113,2.662733335247748e-06,8.373229582638669e-07,-1.2277379769563038e-06
case_01585,0.06911633806151203,0.2519327194508387,0.2558942000791884,0.42305674240846086,1.8252174437866858e-06,9.826004167302004e-07,-2.8716669199495213e-06
case_01586,0.11153133987278728,0.015652277934918708,0.0659443853247878,0.8068719968675063,-1.9160705874529783e-06,-5.147966741721397e-07,2.6650461810339715e-06
case_01587,0.3147520406925982,0.42926853640876533,0.0025628483907165042,0.2534165745079201,-5.605931525670542e-07,-2.732660210294081e-06,-1.981719501630536e-06
case_01588,0.005566980742176457,0.12256959448212108,0.3689992110059052,0.5028642137697972,-8.662680044546069e-07,1.706649252424374e-06,-2.9426508831115886e-06
case_01589,0.14373165720348974,0.11326335610386513,0.5360814525799855,0.20692353411265954,1.746024444392444e-06,1.072279417292123e-06,-1.5772103857000621e-06
case_01590,0.041854041760846464,0.3909928618476043,0.17138017534560301,0.39577292104594614,6.12774988687323e-08,-1.6317321532365162e-07,-1.589827277291198e-06
case_01591,0.2892818648094678,0.4153063865958708,0.2100059640654962,0.08540578452916511,-2.232901578039198e-06,2.3985576922095446e-06,-4.679684949256616e-07
case_01592,0.17614467737697764,0.4457963637134098,0.27421319941357175,0.10384575949604095,1.433952378937463e-06,-9.830420100894067e-07,2.5223389890002213e-06
case_01593,0.5030786924984302,0.4464356822796913,0.04310574195111044,0.007379883270767853,-6.186721306504862e-07,-1.2340695346125846e-06,2.275109506674587e-06
case_01594,0.15446263253648568,0.20082902605763475,0.3927248152762447,0.25198352612963487,-1.4224545142071177e-06,2.236777950476657e-06,-2.586326701054324e-07
case_01595,0.462460224963056,0.3805672979777572,0.014230168225999856,0.14274230883318695,-7.47008267875679e-07,1.7819259285539128e-06,-5.34600570049161e-07
case_01596,0.16292233200528536,0.2621210942699386,0.21567420705816712,0.35928236666660907,-1.3460618358621926e-08,8.987886389006843e-08,3.3005451884910733e-07
case_01597,0.18368818708406368,0.4658527096464653,0.05164580705853212,0.298813296210939,-9.413069014979433e-07,-2.2155915632529003e-06,-1.5392759281694055e-06
case_01598,0.18330382105437412,0.15624662151074897,0.617419555809724,0.04303000162515283,-1.548565364449453e-06,-1.7095711712096854e-06,-2.686890048201823e-06
case_01599,0.19075427685868382,0.110595483767269,0.16070081928631694,0.5379494200877303,-6.089878271761181e-07,9.373679424528396e-07,2.63534481702724e-06
case_01600,0.2062971596625822,0.3831473838884271,0.04072378737689543,0.36983166907209525,-2.8849625355006105e-06,-6.897525729575301e-07,-1.8798060907369636e-06
case_01601,0.020316853624985774,0.7235632708414567,0.13158136031988032,0.12453851521367726,1.6349870765778837e-06,2.0188391499958275e-06,-1.8095956245257017e-06
case_01602,0.1782563265382198,0.7017218971801445,0.012161759362310287,0.10786001691932531,-1.9743306385944853e-06,2.699730055993225e-06,-1.6523802687631424e-07
case_01603,0.6028359555359585,0.156542257358754,0.06894405269121327,0.17167773441407416,-2.7365723182161767e-06,1.83382155164951e-06,-5.0319930958015705e-08
case_01604,0.09557731001931505,0.48472637356374537,0.2816518540979095,0.1380444623190301,9.221921574304753e-07,-7.347274620266572e-07,-2.8893947417955483e-06
case_01605,0.8181266095935975,0.11498169834961373,0.011020940633081304,0.05587075142370747,1.6436167729420337e-06,1.7321185753885442e-06,-2.1122715673561756e-06
case_01606,0.11127695001347061,0.033154833176492204,0.5727129260463031,0.2828552907637341,1.8829747895570592e-06,-8.913499591758994e-07,-7.310710886355498e-07
case_01607,0.05872622551880278,0.16799313065198024,0.24029796222759356,0.5329826816016233,-3.89449040364004e-08,-1.9973994734061966e-06,1.1023841610632347e-06
case_01608,0.4124466089945502,0.13993185584035223,0.28800186500684405,0.15961967015825337,-1.7677908918600882e-06,-2.7996407708048555e-06,-1.629489259008385e-06
case_01609,0.44320282961110624,0.06713924197470851,0.07427663112257307,0.41538129729161233,1.4233660634989609e-06,-6.856997234338799e-07,-4.6191332254942413e-07
case_01610,0.18972068386752847,0.012880993023638718,0.7773898071937869,0.02000851591504594,1.198278462926023e-06,2.4213558221836912e-06,3.44070388298801e-07
case_01611,0.15571026644011116,0.1333708199250199,0.5969511185601266,0.11396779507474238,-1.5223755953809606e-06,-1.566080473465941e-06,2.3315549677397525e-06
case_01612,0.007760684871738305,0.09474578696219615,0.21723563295868117,0.6802578952073844,2.4204465351767576e-06,-1.7609210104212961e-06,-1.0435769860372603e-06
case_01613,0.15929766718665198,0.10929948475190861,0.6713165379903443,0.060086310071095016,-2.3737712515030262e-06,2.818924711446242e-06,-2.198650404819099e-06
case_01614,0.4914278199985421,0.26761155812439646,0.021572696510895106,0.21938792536616625,2.896129437547954e-06,-2.8499753228964475e-06,-6.436664461435076e-08
case_01615,0.06487351118885261,0.24389001577358815,0.6255539288087837,0.06568254422877566,2.161486865864788e-06,1.7146929023625256e-06,1.4803296101043728e-06
case_01616,0.6489494515746361,0.022151008219760477,0.30044324851896076,0.028456291686642432,1.1273918728744511e-06,-1.0717802655547777e-06,-2.3408414576835992e-06
case_01617,0.38937175387734796,0.20824015724349215,0.15365158332519405,0.24873650555396587,2.632499329678997e-06,-2.775072258782044e-06,-4.5189904981823775e-07
case_01618,0.12485045048042877,0.4157020154771494,0.14985687457105656,0.30959065947136505,1.3338670099422464e-06,2.5068152412575022e-06,-2.8932891524250995e-06
case_01619,0.41855589679740657,0.07158054562659044,0.43186044850697514,0.07800310906902796,-1.8572580178197244e-06,-2.1621460187424984e-06,-2.798644910116493e-06
case_01620,0.35329756086886754,0.2592502614768491,0.38347809714649994,0.003974080507783308,-3.4706317132312946e-07,3.1067570235417243e-07,-1.0227982070000658e-07
case_01621,0.04945118601117165,0.15424348814317718,0.6858923444651078,0.11041298138054331,-2.5709818540101878e-06,-1.3556747554227133e-06,-1.2108162110944234e-06
case_01622,0.1788832215593512,0.40622478608476303,0.29986451142195386,0.11502748093393189,-6.620554662713076e-07,-2.6088431868918538e-06,2.070643794032473e-06
case_01623,0.12312604422157228,0.05714273609871513,0.7871489268463387,0.03258229283337364,1.4496181184232517e-06,-2.7004650860197257e-06,6.129258367587257e-07
case_01624,0.2059008813457275,0.0115929645733909,0.11104013099110231,0.6714660230897793,-6.813398944150955e-07,-2.3066598069819674e-06,-2.7640222954205783e-07
case_01625,0.23363199396946083,0.08680109670851464,0.6691453719953354,0.010421537326689278,-1.0182349471911953e-06,-2.57179791666372e-06,-5.523877736742221e-07
case_01626,0.015595051142876291,0.2902097901970726,0.25988954805695647,0.4343056106030947,5.721343350618712e-07,1.5633486931195378e-06,-1.6527118862620555e-08
case_01627,0.4138435167149261,0.24675959261977784,0.011539693586784978,0.3278571970785111,2.23322717399337e-06,-8.660278629942518e-08,-2.757367012724032e-06
case_01628,0.41989229319416504,0.3608142761776508,0.15968291592054812,0.059610514707636064,-2.7145008447233256e-06,-9.426474519061219e-07,2.3567601385239594e-06
case_01629,0.2561918446929792,0.17828522393540927,0.5422931131782684,0.023229818193342914,-6.871773918015877e-07,-4.897865392079571e-07,2.98981893440375e-06
case_01630,0.1124929557190892,0.10468593707761815,0.69181066275018,0.09101044445311238,-2.050555549108424e-06,2.5736804134357396e-06,-1.911077250847808e-06
case_01631,0.008172598695725064,0.7752175896190471,0.0029771492365207727,0.21363266244870713,1.1721255043912178e-06,2.464510876428883e-06,-2.2777022113522817e-06
case_01632,0.08381256690695912,0.3396549663011922,0.1490846279689397,0.4274478388229091,-2.365652637413191e-06,1.2940588807354617e-06,-2.1385352193084287e-06
case_01633,0.8740085817150066,0.003064988162886442,0.026293426557927584,0.09663300356417936,9.888465514814677e-07,2.308094264530127e-06,9.66162349406203e-07
case_01634,0.22824596510691336,0.452059212064006,0.127072746226228,0.1926220766028526,-1.282914775212556e-06,-1.0821118344742513e-06,9.68645030704648e-07
case_01635,0.03744887279692073,0.29306832911737674,0.6134014212194446,0.05608137686625794,-1.8064991175766518e-06,-7.13344043950303e-07,2.087544973670466e-06
case_01636,0.2981036295946778,0.0393126822492261,0.3575486937174557,0.3050349944386405,2.6181153469499127e-06,6.822730911253682e-07,1.5109583305575195e-06
case_01637,0.08280322750553565,0.3097339102175774,0.2158382550964486,0.39162460718043834,-2.888852539524265e-06,7.417556837835852e-07,-3.018619597839614e-07
case_01638,0.2468475415416251,0.0023903981522464725,0.4010159840632456,0.3497460762428827,-3.7333636866258653e-07,-1.0980097192595441e-07,6.771321693919132e-07
case_01639,0.09083628527312625,0.010830570235894526,0.28002560878188576,0.6183075357090934,-2.8702380452292375e-06,-5.960529093722806e-07,1.1297080222080474e-06
case_01640,0.15885590633120814,0.22608186646855508,0.1174844001350114,0.4975778270652253,-9.844171137402602e-08,2.917081869652171e-06,7.641882171135119e-08
case_01641,0.06411489672123936,0.1678257679501356,0.4550730528990386,0.3129862824295865,6.284266766509486e-09,1.9267417567063467e-06,-1.4609409329018018e-07
case_01642,0.26188961179225495,0.2922559380956474,0.44270114671124017,0.003153303400857313,-1.070025171631518e-06,-3.901188126717288e-07,8.705846738559196e-07
case_01643,0.02322450744429971,0.605245859743669,0.02303010774796712,0.34849952506406423,-2.207029334849858e-06,1.363754863437411e-06,3.448472938539223e-07
case_01644,0.6092918706622944,0.07613058797724738,0.11162586888262148,0.2029516724778367,-7.416747735931483e-07,-1.382629840485243e-06,8.636538320154619e-07
case_01645,0.3326855355901192,0.4435094387873048,0.20968424968073887,0.014120775941836913,1.033577639595396e-06,-2.3989840425760207e-06,6.771286437801831e-07
case_01646,0.4765939208416413,0.22756653069255794,0.27412454030828776,0.021715008157512934,1.694374851866755e-06,-8.854138466835561e-07,1.315179363081928e-06
case_01647,0.07740575653792811,0.5706308303139707,0.22088617691254805,0.1310772362355532,1.8450361432885406e-07,-5.821631992596348e-07,8.56821052697256e-07
case_01648,0.1178464885278209,0.46864534671042707,0.3361936217991849,0.07731454296256698,5.390063666385335e-07,-2.900777252635975e-06,1.1845491862360382e-07
case_01649,0.032706142759871756,0.07597067421468379,0.6633481237220579,0.22797505930338666,-1.7963017732520838e-06,1.8887520098153763e-06,1.0907808677063195e-06
case_01650,0.20218149084672635,0.24059435109620697,0.1208522708494949,0.43637188720757175,-1.2760180006341033e-06,-8.44839585664911e-07,-3.031082088874316e-07
case_01651,0.41786949041627053,0.07002363991838624,0.0779448367963232,0.4341620328690199,-2.0286263396858497e-06,4.825089946808822e-07,-1.5499726441643937e-06
case_01652,0.4173758351565378,0.05579672119674381,0.3082390442727878,0.21858839937393057,-1.504227899972332e-06,-2.556220876374264e-06,-2.9914906791965072e-06
case_01653,0.16432429676575136,0.021360701806655155,0.06198315823947755,0.752331843188116,-1.6506793186468095e-06,-1.9500190274964965e-06,3.597848828750591e-07
case_01654,0.08323196113238963,0.17341199381102798,0.2602932704993984,0.48306277455718416,1.1669271834742553e-07,2.3381623519653603e-06,5.43931359651846e-07
case_01655,0.057671316677434394,0.2502699062045922,0.31853090389876976,0.3735278732192036,3.761325347443765e-07,6.521251672968046e-07,2.8322937886542862e-06
case_01656,0.3610794739825121,0.03987179430845424,0.34915104275719183,0.24989768895184164,2.669684524929027e-06,2.7017043010229132e-06,-8.311299954343467e-07
case_01657,0.3012701357142321,0.44631534138423556,0.19712200700593469,0.05529251589559744,-1.8265761173908618e-06,2.9925002063479017e-06,-6.352005430301296e-07
case_01658,0.3349295230402153,0.2273030944812895,0.3117039646047942,0.12606341787370104,8.500542609689754e-07,-7.688393080014336e-07,-1.7892025119468586e-06
case_01659,0.6016006255069083,0.2243476847631493,0.022625057394462696,0.1514266323354798,1.9035556139251375e-06,-1.2071816155003523e-06,-2.5767942285760687e-06
case_01660,0.2382650214341458,0.2666947505947981,0.11514618923016132,0.37989403874089483,3.614487826983149e-07,2.15013633095458e-06,1.6368269571704438e-06
case_01661,0.05774637471413006,0.09799472890702923,0.4242441201147382,0.4200147762641025,-1.4699780849935457e-06,2.9916685622247252e-06,-1.5019136139640498e-06
case_01662,0.22208593160736412,0.37585679219223084,0.01783742562624439,0.38421985057416064,-1.4246986198799987e-06,7.778474053947439e-07,6.534291661802275e-07
case_01663,0.2765530132151607,0.14051640679596786,0.1957374827137286,0.3871930972751429,-2.7644816815740007e-06,1.7708443350691345e-06,1.1266382132728894e-06
case_01664,0.24681987212809067,0.3297762802269044,0.12372099656191704,0.2996828510830879,-1.1673346407091098e-06,1.6904751528916468e-06,-1.725798762501137e-07
case_01665,0.2629088457090861,0.18051567221966172,0.13179489194416943,0.4247805901270827,1.467622074020281e-06,-8.679617506827182e-07,2.2581126781631496e-06
case_01666,0.4131300014464865,0.26079084281444115,0.07442269405697437,0.25165646168209793,-2.7148934567573377e-06,4.456222815425232e-07,-3.3723095412162734e-07
case_01667,0.06934485164489276,0.05873450415132902,0.17838875111417962,0.6935318930895985,-1.684228304971016e-06,1.998341647585282e-06,-1.2905482617494092e-06
case_01668,0.11559987740702977,0.026707631288139633,0.05772495311981703,0.7999675381850135,1.237394991190692e-06,1.1286832575663326e-06,2.3760931377697344e-06
case_01669,0.35163736098441617,0.10220087154697868,0.2836629329436397,0.2624988345249655,1.69590937693726e-06,-2.8730171161077706e-06,2.1693857054997385e-06
case_01670,0.28802817835433425,0.0717756964454887,0.5401343709987945,0.10006175420138252,-2.680895396284297e-07,-9.79765986614799e-07,-2.015760317541522e-06
case_01671,0.563951676321061,0.0077390090123122994,0.22197294333771192,0.20633637132891472,1.1884460308718932e-06,-2.1331458204323677e-06,-2.8442338898764744e-06
case_01672,0.29406325552976426,0.028320275294961207,0.5855046131171228,0.09211185605815175,-6.722869880706478e-07,-1.6021667275317656e-06,-2.4600866619022758e-06
case_01673,0.22918007070493354,0.32963647233330384,0.16734096420889025,0.2738424927528725,-2.0405205298552352e-06,2.4329368649479543e-06,-1.2807156086770978e-06
case_01674,0.3073838974719782,0.12454341489418913,0.46909773645881464,0.09897495117501792,-6.111030388625609e-07,-2.778640266535391e-06,2.833558810450264e-06
case_01675,0.2774704990840263,0.44827184961037564,0.15608735571243884,0.1181702955931589,4.798069212188573e-07,-1.6811957282284576e-06,3.5109691896495005e-07
case_01676,0.10668683550599324,0.29553383165012603,0.4611382648917197,0.136641067952161,2.6883196911173417e-06,-1.1425838865706112e-06,-7.60429607824387e-07
case_01677,0.28602696298471403,0.6168425937668887,0.027396953047686457,0.0697334902007109,-2.587494287467936e-06,7.013044317983688e-07,2.3322965676764782e-06
case_01678,0.2263822050887323,0.31842033162836536,0.35681325812252956,0.09838420516037268,4.436456306976358e-08,2.0461014051519303e-07,-2.811820111290023e-07
case_01679,0.07334599974263918,0.4513235812903987,0.2055879807586502,0.269742438208312,-1.0264813307356537e-06,-1.6903831028796834e-06,-1.1085682295938733e-06
case_01680,0.38192839551809044,0.020271524510238063,0.45375245812249176,0.14404762184917982,4.987016566016713e-08,-2.0145535966610736e-06,2.6473171724739447e-06
case_01681,0.6019521787679949,0.06237242410187581,0.2732674574351443,0.062407939694985,-2.8561473157408102e-06,-1.5792117924232872e-06,2.0971059971560678e-06
case_01682,0.5643670703078879,0.28518098521837,0.10661344444134971,0.0438385000323924,-1.121847871790512e-06,1.5177760209933392e-08,2.0620102525166455e-06
case_01683,0.6551760761991924,0.10215024265946158,0.04243749272753856,0.20023618841380764,1.91920888516203e-06,-1.3729332857327794e-06,7.37084583012784e-08
case_01684,0.4844078219622911,0.0006458446717923469,0.04577079018133214,0.46917554318458454,3.2365040312782505e-07,2.6856150096463335e-06,1.7366303928927301e-06
case_01685,0.059917884389190885,0.038378085403911806,0.26964032187106385,0.6320637083358334,-2.965050431032955e-07,-2.1680867142691476e-07,-1.923879844412689e-06
case_01686,0.09161905226183953,0.7368649058556996,0.16064103244891276,0.010875009433547985,-1.2868495697079625e-06,-2.6472239007321775e-06,4.3933774533746194e-07
case_01687,0.7462561711888993,0.07919782017917945,0.051205519776236226,0.12334048885568495,-1.2117448632518646e-06,1.3755984350198006e-06,2.903075537085274e-06
case_01688,0.34498366026304733,0.08597349461679166,0.0013589925660152258,0.5676838525541457,-7.013913984564933e-07,-1.0269282707460625e-06,-1.25424941689223e-06
case_01689,0.17880173688780537,0.08375873099960628,0.7041025682739388,0.033336963838649744,2.013424259787362e-06,9.209335923494856e-07,1.7661139754860515e-06
case_01690,0.32327597173439343,0.17095608722666508,0.17601199531550876,0.3297559457234328,2.8032792408496105e-06,-1.322433776860608e-06,-5.712955675159638e-08
case_01691,0.19945430684019114,0.2992423280257319,0.4678119671011618,0.03349139803291513,-3.6806771189775306e-07,4.2446245039991927e-07,-2.7611659006674763e-06
case_01692,0.45448173185048685,0.0848503845264459,0.025533500717145666,0.4351343829059215,-6.398829675134292e-07,1.6329150288447883e-06,1.5781163868940044e-06
case_01693,0.48336770615607283,0.08606938960880905,0.2686411100837546,0.16192179415136349,2.079304654919177e-06,2.568052450647324e-06,-1.9885851336473234e-06
case_01694,0.20438763824351663,0.09249481533331609,0.6944968124736143,0.008620733949553053,-4.385680761821783e-07,-1.4332371334015377e-06,7.888414027965011e-07
case_01695,0.20159886157111076,0.3023037660699419,0.32154137812802364,0.17455599423092372,3.121090337739073e-07,-9.908582940061129e-07,-2.486014835718163e-06
case_01696,0.16725707355724634,0.26594489186815257,0.35746035777821794,0.209337676796383,-1.6143500124075335e-06,-2.1440147828436217e-07,2.6812043849757892e-06
case_01697,0.39517901922751003,0.16624587160337057,0.3633863323677621,0.07518877680135737,1.4610152146744512e-06,2.5630490264159334e-06,-1.2496566769178346e-06
case_01698,0.2739135453480119,0.2053882711539468,0.33947871717959655,0.18121946631844482,1.9192990962469123e-07,2.4083211408639426e-06,-1.6412118499356306e-06
case_01699,0.7265984084337578,0.08362464123468243,0.02299935127400889,0.16677759905755066,1.8542073014420496e-06,-2.460730319396172e-06,-2.225181575601994e-06
case_01700,0.056106993846566186,0.11179043591823892,0.23635912361025713,0.5957434466249377,1.6843963801720183e-06,-2.208421045477135e-06,2.676013160034287e-06
case_01701,0.13929656180883956,0.39443374637766354,0.3299556297830019,0.13631406203049487,-1.7099713903798285e-06,-2.694493601617035e-08,1.2714224546478309e-06
case_01702,0.1744693296715526,0.16349526722793606,0.6390560236399954,0.022979379460515925,1.2938133033465744e-06,-2.360284363167459e-06,1.4499653323085323e-06
case_01703,0.005401569957961152,0.6644533713313368,0.2714287975395204,0.05871626117118158,1.8003264477082282e-06,-9.265147599078154e-07,-3.5726317185323182e-09
case_01704,0.04357870665564684,0.43732684714402553,0.3183916898755748,0.2007027563247529,-9.233565553056294e-07,-2.109687730695134e-06,-1.516332883770995e-07
case_01705,0.0777459006575126,0.08677337266786161,0.43687775355411734,0.39860297312050846,-1.964345322586353e-06,8.162421307913152e-07,-2.3398725420511404e-06
case_01706,0.10233250618917879,0.7035203600963968,0.09274508238894298,0.10140205132548155,-2.984207066522471e-06,2.6969725904349705e-06,3.5904657350395044e-07
case_01707,0.2549707254510193,0.11743088174857014,0.6065133440902268,0.02108504871018366,-2.9457808144111116e-07,2.980402621766289e-06,-1.5185010293472574e-06
case_01708,0.1248483946233884,0.4369305969653647,0.40855752758767633,0.029663480823570523,-8.854036107669504e-07,-7.48553205018511e-07,2.8628719968024348e-06
case_01709,0.09064757430094036,0.1915861031708664,0.03446244432495454,0.6833038782032387,3.294590029524535e-07,5.940758226876736e-07,1.7794856400908842e-06
case_01710,0.8599188424846907,0.06379536439010439,0.045105189375627686,0.03118060374957721,-1.8717534444672855e-06,2.137605921144488e-06,-5.220476388426746e-07
case_01711,0.640290909760818,0.057371435819985425,0.14351657384146432,0.15882108057773225,2.1579932859988513e-06,-2.2952275632216963e-06,-2.091952447850802e-06
case_01712,0.23274928120325433,0.018959375976081504,0.06549938458930352,0.6827919582313606,-1.4534687062313422e-06,1.1373864663117896e-06,1.711990146832704e-06
case_01713,0.5525664304749434,0.3513618249500275,0.004528815984430012,0.09154292859059919,-1.6414223694741002e-06,-5.469380296495904e-07,-2.2676773975121042e-06
case_01714,0.20953518339033567,0.06820534042339119,0.5093188641048207,0.21294061208145226,-1.1571566109386434e-07,-1.7631230383190155e-06,-1.8639974790175771e-06
case_01715,0.013052776253763346,0.4192666181643455,0.55353020184872,0.014150403733171092,-6.893857534354486e-09,-5.834782875153481e-07,-1.7308768935346355e-06
case_01716,0.41794976638838,0.19878215100357344,0.2743752133181451,0.10889286928990159,-1.709488627289443e-06,-2.544238278210499e-06,3.4134382963856636e-07
case_01717,0.1790893729278371,0.6578131060404375,0.14513408882409423,0.017963432207631268,-1.3688356396445054e-06,1.1724428915358346e-06,1.7223399239421976e-06
case_01718,0.2486589421403519,0.10686956543043956,0.4978954729762512,0.1465760194529573,-1.9817685650685305e-06,-1.4835439875092816e-06,-1.1141107276518468e-06
case_01719,0.09740861984565839,0.0964328868323436,0.6658040520447565,0.1403544412772416,1.3107610699390007e-06,-1.131566129730732e-06,-2.4919811143482634e-06
case_01720,0.5393378957949448,0.0852931947339717,0.14360901007514573,0.23175989939593775,1.6205341875244917e-06,-2.2735122105512236e-06,-2.1276921885348505e-07
case_01721,0.4605443295869194,0.4310247196488136,0.037215885863167986,0.07121506490109902,-2.2602901524430415e-07,2.1879546833393503e-06,1.4886614469596129e-06
case_01722,0.0425529931117768,0.18758663667855693,0.16232666116510075,0.6075337090445655,1.284522136110105e-06,-3.9334324303568334e-08,-1.6700169414756702e-06
case_01723,0.4369927628031909,0.07950096257038683,0.11120757116191318,0.37229870346450905,1.4156123516246733e-06,4.328812667184018e-07,-1.6804527117637547e-06
case_01724,0.6368490892979934,0.001419356031437963,0.14947171970600076,0.21225983496456774,-2.1703468339331484e-06,4.165960985691278e-07,2.683362164080265e-06
case_01725,0.16804031400989,0.14332442391253003,0.02479874802431616,0.6638365140532638,2.7970681490072204e-06,-5.370413127519497e-07,2.7249223627150673e-06
case_01726,0.13594124759392898,0.024003568250970726,0.11725086344199603,0.7228043207131042,1.9261916825785857e-06,-1.8448205073711633e-06,2.942794392369459e-06
case_01727,0.27579147611985266,0.09542165565727032,0.07779833397375985,0.5509885342491172,-1.773099232825059e-06,1.4707964909903993e-06,1.8459576094486806e-06
case_01728,0.2235903150897499,0.24224840240909803,0.3447238047716792,0.18943747772947295,-1.8830097855235786e-06,-2.237662407853954e-06,-1.8708949849923266e-06
case_01729,0.10889157649062546,0.5518067313695479,0.21810037818630057,0.12120131395352612,-2.2460331265225036e-06,-2.3767572583271373e-06,-1.7281108752044318e-06
case_01730,0.7086252986189036,0.012921674828515448,0.061404350237597785,0.21704867631498334,-2.16972862474849e-06,1.2608702255790207e-06,-9.586485508656484e-07
case_01731,0.3734727048519677,0.015768420104149784,0.20155452943833063,0.40920434560555197,1.4889707941721774e-06,-1.7469778772880972e-06,-1.091204811999055e-06
case_01732,0.44374900828671443,0.3766567831058304,0.14321183910975827,0.0363823694976968,-1.820744582902585e-07,-1.159363491883006e-06,2.739166494468055e-06
case_01733,0.12988608136461302,0.032136923492713236,0.6876621061767807,0.15031488896589304,1.6976050364392032e-06,-1.4863519798955877e-07,1.7344438972901615e-06
case_01734,0.13180268074143284,0.5020598487702989,0.23797036815514808,0.12816710233312023,1.477529366101233e-06,-3.0389209962272295e-07,1.3440527529693234e-06
case_01735,0.3441668082674911,0.41571469709708714,0.230211811925582,0.009906682709839914,6.276762810313298e-07,1.251474750389995e-06,-1.884220655651209e-06
case_01736,0.31141157041679585,0.5371031107211652,0.05470585410140198,0.09677946476063677,1.1181996394720775e-06,7.405907606601657e-07,2.4571533561739778e-06
case_01737,0.509719654385766,0.00483871980898585,0.3326112899443665,0.15283033586088146,-2.8898656537251494e-06,8.663769736911942e-07,1.967222277037043e-06
case_01738,0.2147534316447088,0.0025835740582231246,0.6208634846320641,0.16179950966500403,-1.1293341191698684e-06,1.2843259839327438e-06,-2.0181489520324578e-06
case_01739,0.12460846614170361,0.18110695134808627,0.19419595804770856,0.5000886244625014,8.269330755564611e-07,-1.244323635459208e-06,2.2270219917658354e-06
case_01740,0.14117231472011427,0.09506609397592922,0.5723602077271881,0.1914013835767683,-2.943930279082535e-06,-1.0660001291971583e-06,-1.3665147817771723e-06
case_01741,0.12700299658066314,0.048502386455234366,0.663173598974744,0.16132101798935838,-2.8021383379044396e-06,-3.720135126266751e-07,-2.514781525007364e-06
case_01742,0.3778302766944553,0.2226073361904201,0.07758367391418446,0.32197871320094007,2.1113278948222998e-06,-1.1552269617988436e-06,9.4093383908526e-07
case_01743,0.031944626157876806,0.27213868269273006,0.4036371724140089,0.29227951873538444,1.1041491701524308e-06,2.9096272138251808e-06,9.228279563059839e-07
case_01744,0.296637558593531,0.37800952830014195,0.31684980537061297,0.00850310773571389,-1.4077816012779362e-06,1.8843115585285779e-06,-2.4304079426062916e-06
case_01745,0.039119761850457964,0.13941523108820547,0.49493164954700175,0.3265333575143349,1.127777040712254e-06,-2.0120718704638225e-06,-1.0868891463805058e-06
case_01746,0.54254522145867,0.106031576789924,0.16469657341819782,0.1867266283332082,1.7547400148355794e-06,-2.966435064708783e-06,2.9568867735332316e-06
case_01747,0.050157977450802776,0.009245122018093735,0.8599316429124876,0.08066525761861583,-1.1592343013393924e-06,-2.7433003905163928e-06,1.070560002052421e-06
case_01748,0.07096123236485392,0.02251697560680703,0.6823187322275913,0.22420305980074792,-2.783775735004875e-06,-1.5356192937424485e-06,1.3804509996199752e-06
case_01749,0.22347691790494906,0.4929152778880518,0.08617553268676749,0.19743227152023157,2.5966747481264073e-06,-2.3142522849788606e-06,-1.7224962863741661e-06
case_01750,0.01136690845706004,0.059386245380735586,0.511098034646551,0.41814881151565336,-9.289209702262173e-07,2.000286893554328e-07,-2.527307573976514e-06
case_01751,0.25892886346236027,0.28359566278276277,0.4573309285624672,0.0001445451924096231,-2.3611094202917618e-06,2.147971336364152e-06,-1.3385898615543741e-06
case_01752,0.11327101729843914,0.09579723448834529,0.1182973727491016,0.6726343754641141,-4.885877164111555e-08,1.4205013254793646e-06,-1.5066096888408482e-06
case_01753,0.10095023340069764,0.06542307512293531,0.21593536911336098,0.617691322363006,1.6108067739848026e-06,-1.7063456215068576e-06,-1.5927353955116814e-06
case_01754,0.1269579268220166,0.0375944316696035,0.20255458151351965,0.6328930599948601,-1.6701161122946452e-06,-6.04204463845285e-07,-1.8434740686777627e-06
case_01755,0.10990630271227332,0.23314541192575922,0.4408007972341767,0.21614748812779078,-1.38305969919982e-06,4.73652571876659e-08,4.4853414393242605e-07
case_01756,0.1595690668188262,0.11718381275059407,0.007048068527830124,0.7161990519027496,-1.5437100792085011e-06,1.8612350970200135e-06,-1.0313791449490696e-06
case_01757,0.2323055252919361,0.0793187662981293,0.5277256021748095,0.16065010623512518,2.950038316990069e-06,2.034729618636989e-06,1.9220700902851828e-06
case_01758,0.2116697882374106,0.2122442629042614,0.14172171481030268,0.4343642340480254,-1.8155775976167448e-06,2.4583098714466555e-06,-1.896315492915696e-06
case_01759,0.11136489871030532,0.21537660072091355,0.2791083878417745,0.3941501127270066,4.531213017967438e-07,5.547150301725089e-08,-2.1223757478873293e-07
case_01760,0.47347491471091235,0.1551757632283862,0.32091094243474083,0.050438379625960574,2.551587849941786e-06,1.1656484786151774e-06,-2.91805298144352e-06
case_01761,0.5983306008347109,0.10711693360215138,0.28999465227241583,0.0045578132907217106,-2.1186205867333246e-06,-2.329197772596377e-06,-1.099060652688477e-07
case_01762,0.06120218191494318,0.17792857307592608,0.5612048727139544,0.19966437229517642,2.825125187206201e-06,3.9173375972389273e-07,-2.664970674741154e-06
case_01763,0.6449342781414763,0.16048173344977318,0.1636295891898046,0.030954399218945997,2.6848634063737473e-06,-1.5078491431731893e-06,2.866341071235862e-06
case_01764,0.2450514647382171,0.04283156224380777,0.34711687622691073,0.3650000967910643,2.3074319223495753e-06,-4.0969868984033364e-07,1.7435527719024768e-06
case_01765,0.45978411695650756,0.11765485950203272,0.18108294103584868,0.24147808250561115,-1.7126608720199865e-06,8.043030498403164e-07,-5.9331140181267905e-08
case_01766,0.07879058312037004,0.5154481207736227,0.019581299194456902,0.3861799969115505,8.043303360659e-07,-1.4580843728773134e-06,-2.4804758509238983e-06
case_01767,0.12095544338071788,0.1452492442869789,0.3265634906551847,0.40723182167711847,1.5653488377674407e-06,-2.6868896532194337e-06,5.546726447424856e-07
case_01768,0.49908162878413265,0.039551389386177874,0.358245183113213,0.10312179871647645,2.916167569178578e-06,-2.938596861547455e-06,1.5525825042112655e-06
case_01769,0.21215846461192595,0.2522425756161255,0.20228022608126855,0.33331873369068005,-1.9174570675117774e-06,-2.867042786732871e-06,-1.8556964819715283e-06
case_01770,0.13247525006520075,0.46934184551096936,0.1836984708966899,0.21448443352713997,1.5961553971157783e-06,-2.949901574917382e-06,4.092500447249451e-07
case_01771,0.33820493300011795,0.0060001055871562875,0.34367284679669186,0.31212211461603395,-9.671929804373225e-07,-2.337869660652747e-06,1.8852653902972082e-06
case_01772,0.11875533451202439,0.028724657442340516,0.03053060732616278,0.8219894007194724,-1.946241206591986e-06,-1.5630677125792207e-06,1.6094866658778978e-06
case_01773,0.4421389010352363,0.051420280542239925,0.16688289493626074,0.3395579234862629,-4.717383527168705e-07,-1.672670914906205e-06,1.8179521072029171e-06
case_01774,0.4174121579034584,0.01032217722491483,0.062432499476024216,0.5098331653956025,1.763015472891698e-06,2.920779565079381e-06,2.2759405492183186e-06
case_01775,0.002102603013465309,0.051354513513734226,0.7295261056506811,0.21701677782211937,-2.1090117777568725e-07,-1.1639633687463407e-06,2.626092612956821e-06
case_01776,0.4448165447089205,0.10167187759125548,0.04192993742025722,0.41158164027956684,2.251386012182909e-07,-2.2354752998436053e-06,-5.668730687787843e-07
case_01777,0.33070060319320166,0.08337692111821217,0.19757115770345632,0.38835131798512995,2.9709564612007277e-06,2.7337526500654773e-07,4.1261461513726365e-07
case_01778,0.13613404692460643,0.05512153932271836,0.18901399028704055,0.6197304234656347,-6.053442026554438e-07,2.14774473238505e-06,1.743957156273665e-06
case_01779,0.43770003443206423,0.018268436783643198,0.3164314644961332,0.22760006428815924,6.924045282554391e-07,1.068362260726051e-06,1.1828388836746986e-06
case_01780,0.44156562525171966,0.024239538697097517,0.14167196357539366,0.39252287247578915,-8.085347903077687e-07,-1.2235074651872981e-06,2.9731213695862733e-06
case_01781,0.33303472442728266,0.41514404016320144,0.046114863465587366,0.20570637194392866,-6.432861220277705e-07,3.696969587487299e-07,-2.9179340933721354e-06
case_01782,0.0924179748457179,0.6837852101170089,0.0782609172532271,0.14553589778404613,1.1738445206724487e-06,1.2891358452024548e-06,-8.692007081052558e-07
case_01783,0.33742004902797484,0.053664625416697254,0.2020939051577716,0.40682142039755637,2.627321856569301e-06,1.3686269542064542e-06,-1.3138324423787853e-06
case_01784,0.4753999600805612,0.2320493448474539,0.26072106512405485,0.03182962994793005,2.541537029539285e-07,9.992307317861333e-07,-1.4261048990067924e-06
case_01785,0.6003746674131735,0.0292963660422679,0.30696053919501515,0.06336842734954352,1.6103995736926789e-06,2.2248625486537076e-06,-1.6648213050066854e-06
case_01786,0.48138089347963353,0.22592993080627863,0.2488004436770668,0.04388873203702106,-2.464760647098217e-06,2.220632750064626e-06,1.2547430448913742e-06
case_01787,0.1871976162731158,0.3076490409446719,0.4700432545098035,0.03511008827240891,-1.7330517754084383e-06,4.736193564420198e-07,-2.491443160348069e-06
case_01788,0.4353051103254851,0.2932202033378235,0.04183239535245789,0.2296422909842335,1.2789845517194523e-08,-4.2086178533272623e-07,1.4496530036600298e-06
case_01789,0.28124283771539016,0.2385274741044347,0.14534507499600788,0.33488461318416723,-2.8799296582273512e-06,8.49421773390599e-07,1.1605550520976404e-06
case_01790,0.32463624739155367,0.1312548319197872,0.24606950838089273,0.2980394123077665,-1.4828701274246472e-06,1.9092720082227787e-06,-1.4951752049946216e-06
case_01791,0.3206680571763355,0.01378091671097143,0.5072618196761493,0.15828920643654384,1.044077389497968e-07,-2.9660873709528917e-06,-1.4829973010090324e-06
case_01792,0.08900505610730504,0.08093016443850977,0.1929202141710265,0.6371445652831587,-2.9102328104621957e-06,2.9519820540891064e-06,7.731635120670133e-07
case_01793,0.18222115272204545,0.5309762094299579,0.03903440078227829,0.24776823706571832,-1.4127222826437499e-06,-1.9026373660248047e-06,1.5730266329020673e-06
case_01794,0.6658241462285546,0.20456134657637892,0.03286027795830173,0.09675422923676484,8.418491685521687e-08,-1.7850608604014292e-07,2.2589136785241935e-06
case_01795,0.070345947615085,0.13929654695854124,0.4003994103366306,0.3899580950897431,4.388954878874741e-07,2.2321784090572005e-06,2.1128373831268543e-06
case_01796,0.061810666565049674,0.6097282307594686,0.2143626963731483,0.1140984063023334,2.5545101583318333e-06,-1.6497576057348037e-06,2.7892979649831193e-06
case_01797,0.2238988816818125,0.2984297304255123,0.26363574486963887,0.21403564302303632,8.720737395036469e-07,-1.392286565977008e-07,4.883093720190669e-07
case_01798,0.20969837251786008,0.057888596417707626,0.4996584733421514,0.23275455772228076,-5.115851848200375e-07,-2.204506918912925e-06,2.4519333680421578e-06
case_01799,0.019428968782906536,0.20093616361797417,0.37263797352699785,0.4069968940721216,2.582107062798407e-06,-6.295420476708444e-07,1.851079639562465e-06
case_01800,0.31621610671670275,0.10000161115855798,0.501740735489437,0.08204154663530235,1.7092979003267653e-06,-1.937187271241985e-06,2.3680057458840813e-06
case_01801,0.7278697858118333,0.054317782449229385,0.07803212900687784,0.13978030273205955,-1.7999464733235145e-06,-8.18233507373058e-07,-2.9302403922878e-06
case_01802,0.16876348187215315,0.5529716777248735,0.21285715316601422,0.06540768723695908,-2.2149458319070813e-06,-7.59214699243668e-07,2.795417951194866e-06
case_01803,0.14610947168201113,0.3343981629504788,0.07497219763534943,0.44452016773216063,1.0548698144563981e-06,2.959024737589996e-06,-1.5881902292112995e-07
case_01804,0.11430281168742618,0.1718693074534105,0.380384371388599,0.3334435094705644,3.592989934619029e-07,2.968878175822634e-06,1.7890979374490579e-06
case_01805,0.788845873685933,0.07581682092230754,0.038106268569352085,0.09723103682240743,1.7380416827565346e-06,-2.3112823280363255e-06,-2.236775283973315e-06
case_01806,0.28503511265245945,0.45227512291627603,0.24795464057894787,0.014735123852316727,1.4328303004721187e-06,1.3558126759700833e-06,-6.243534251161556e-07
case_01807,0.7202658934412874,0.13461925411656867,0.002287262996067099,0.14282758944607682,7.512692031450905e-07,-2.689527121985393e-06,-1.3712360218740546e-06
case_01808,0.024996003345577236,0.4160309662204518,0.2190547280143591,0.33991830241961185,2.9182930297733535e-06,-2.818847907976868e-06,-1.250047376994378e-06
case_01809,0.2049359193816021,0.4382459055146074,0.23398932243452983,0.12282885266926083,2.0153838066245218e-07,-2.367996634530214e-06,-2.2604662802947097e-06
case_01810,0.345200195905966,0.4759694157819665,0.025726407466662323,0.1531039808454053,-2.321365460989681e-06,2.792913942047604e-06,1.8345829952580423e-06
case_01811,0.09638788507946379,0.0138783515759205,0.31792456196143254,0.571809201383183,1.96964138889593e-06,2.645181287368184e-06,-2.944546112513531e-06
case_01812,0.02854756728207446,0.26867719536000656,0.3082522909004433,0.3945229464574757,-1.488879825925746e-06,-1.8364330783159173e-06,-1.124967258088785e-06
case_01813,0.08024706070083087,0.6098895171492157,0.10064636743704601,0.20921705471290744,1.6638128888635097e-06,-2.0299659866777307e-06,-1.95353674070151e-06
case_01814,0.02645817617050249,0.022907814819131813,0.6505342479410742,0.30009976106929137,2.7426425760003084e-06,-1.556789480904318e-06,5.342336436500428e-07
case_01815,0.18320498113008615,0.13069144423309303,0.6858550848510336,0.0002484897857871238,1.180773083786048e-06,9.328196445085301e-08,-1.4744855843127369e-06
case_01816,0.6766819437243307,0.03408154983294686,0.08774081449698756,0.201495691945735,5.761809656988068e-07,4.1822779221245925e-07,-1.446009272831402e-06
case_01817,0.1378908773284368,0.09115558917269732,0.08039000661003581,0.6905635268888299,-2.376829459497566e-07,-1.670439417363316e-06,-6.99711360280877e-08
case_01818,0.2779340265693607,0.006423023578534365,0.15234923029445283,0.5632937195576523,-8.135408040275804e-07,1.539736728539671e-06,9.16134236045554e-07
case_01819,0.12767457840159543,0.03534964261821617,0.5054950900149523,0.33148068896523614,-8.819714941689826e-07,-1.1426809835840955e-06,-2.272171772609018e-06
case_01820,0.41703527561362735,0.02718623088462512,0.0747493013144307,0.4810291921873166,8.182362342575438e-07,2.532787953176462e-06,-1.946931285207023e-06
case_01821,0.11337490339738321,0.3412956724797272,0.38308756955023393,0.16224185457265577,1.5076387016264752e-06,9.403362387403835e-07,-1.5169515324328944e-06
case_01822,0.48007752131492737,0.2992632812409824,0.20750992460675974,0.013149272837330443,1.0711024169064863e-06,-3.818928341783298e-07,2.842489284707763e-06
case_01823,0.023398009999661188,0.14156497839436502,0.0365381946646479,0.7984988169413257,-1.8095393928386238e-06,1.7394720102170725e-06,-6.170850003424781e-07
case_01824,0.07459686424566905,0.28888682222848255,0.19568262470250053,0.44083368882334784,-3.6076919139052936e-08,1.9074877562799884e-06,5.93940543786159e-07
case_01825,0.043051761346708045,0.17533999848851967,0.10008482430435499,0.6815234158604174,1.749840433098378e-06,-1.2571103663463381e-06,-1.5507431237041326e-06
case_01826,0.00893975241868732,0.5286836327598784,0.38616518005031303,0.0762114347711214,-1.457755308656625e-07,-9.617127369834938e-07,-5.724284905507235e-08
case_01827,0.2711147461637355,0.005520758450629206,0.5931751676323308,0.1301893277533046,2.1973967841296321e-07,2.61573092237162e-06,-2.5552849536842517e-06
case_01828,0.06664244414323117,0.08304766156028986,0.012671660397085937,0.8376382338993932,1.6268162890249328e-06,-2.0115537698203686e-06,-2.7915471244660385e-06
case_01829,0.008596278281865604,0.22816527833056102,0.12539399710879365,0.6378444462787797,9.675918375905495e-07,-2.747097498222395e-06,-1.8759883907123868e-07
case_01830,0.09690272005067752,0.2606399071818276,0.22597660415936455,0.4164807686081303,-5.439304747056443e-07,-2.756680643427048e-07,-6.080442748895276e-07
case_01831,0.03771845298563582,0.11535613723119255,0.12933714828052903,0.7175882615026427,2.372476267165314e-06,1.8072594014617736e-06,-2.178718081849034e-06
case_01832,0.0638821909083065,0.2596392958445341,0.07385307239899828,0.602625440848161,-2.0245975880191288e-06,1.6300086378644746e-06,1.1256085735244027e-06
case_01833,0.6656443403025152,0.17066243841929055,0.10142619359625053,0.06226702768194369,2.9730986915419486e-06,2.5171837734769953e-06,2.9574209453955863e-06
case_01834,0.023332677265172796,0.1428662850696804,0.48527034633003535,0.34853069133511133,-2.286884529142577e-06,1.992039862142413e-07,-6.261190728197254e-07
case_01835,0.5498481300885933,0.09624069362999865,0.2257497153025464,0.12816146097886164,-2.910300173374567e-06,-2.3996119706008003e-06,7.473518155043667e-07
case_01836,0.3160820965057423,0.13708499153413786,0.26693284712775006,0.27990006483236973,2.3401134068925885e-06,5.321338460160963e-07,2.7778556541869143e-06
case_01837,0.27294492639901924,0.6285520745697118,0.08890673507512362,0.00959626395614538,-1.5302789498042635e-06,1.6703736861192696e-06,1.989209834681252e-06
case_01838,0.2222506967750227,0.25482513446797306,0.05977952908445046,0.46314463967255376,1.3781977646803256e-06,-2.4400312783810417e-06,-2.1868666018388536e-07
case_01839,0.44573106720516914,0.30968638846345975,0.023326041221132573,0.22125650311023864,1.8660922495924156e-06,-1.9640555934144614e-06,1.4249369067595162e-06
case_01840,0.27113008696380353,0.1345248112846959,0.17300201529178977,0.4213430864597108,2.153918346192701e-06,-2.926256033065975e-06,-2.231189758496856e-06
case_01841,0.24533610595525618,0.17518900129589784,0.2549166994569314,0.3245581932919145,2.9495654139850005e-06,5.619154766808623e-07,7.262313278279524e-08
case_01842,0.045111920300674804,0.4975852503931784,0.2413837685845298,0.21591906072161698,-1.2357617397600057e-06,2.3204063516754263e-06,-1.325638336920381e-06
case_01843,0.08434858518812005,0.7459153319269137,0.10376525384844419,0.06597082903652193,1.2614600515635545e-06,1.0239798960125968e-06,-2.0330178726230337e-06
case_01844,0.3334815290391917,0.22941242789162508,0.3955135951756412,0.04159244789354204,-2.3076008503150307e-06,2.892240525545892e-06,-4.42314562472791e-07
case_01845,0.0950820248377868,0.032396364973298834,0.7336370523916997,0.13888455779721473,-5.591442518589037e-07,-2.621798085001431e-06,-2.2139126733983137e-06
case_01846,0.21614226923290666,0.07316495573623884,0.018498705827326607,0.692194069203528,2.087830159875542e-06,2.418006510908978e-06,1.1939106490469134e-06
case_01847,0.17179663056363118,0.2808544532567427,0.5346094808528795,0.012739435326746557,-7.940517236453498e-07,1.8844097243200838e-06,-2.62559735679987e-07
case_01848,0.5892218814397568,0.2726562881088452,0.11557972604328519,0.022542104408112783,5.465722832136843e-07,-1.1145508770029704e-06,1.8686779538798304e-07
case_01849,0.04573433007337177,0.5813416620605162,0.29876398497932577,0.0741600228867861,2.2640662347804343e-08,2.8411593110235106e-06,-2.121744367991058e-06
case_01850,0.02600677015877958,0.4496638201003501,0.32563717682133236,0.19869223291953797,8.757091866722706e-07,-1.2723735109715099e-06,-2.161370033439033e-06
case_01851,0.08474685334749493,0.04582604161711017,0.20767060773528362,0.6617564973001113,2.8373663363261695e-06,2.335828342969311e-06,5.004926115607444e-07
case_01852,0.08603127971217304,0.4047404619310765,0.24573992596945154,0.2634883323872989,-2.6655868409915872e-06,2.2844914624451366e-06,2.910058486976678e-06
case_01853,0.08413947267568393,0.5003540895972686,0.190554494720958,0.22495194300608962,4.437691050097781e-07,1.545945699617835e-06,-2.4224965005736464e-06
case_01854,0.19069674587328192,0.10526833165506051,0.04712428564430141,0.6569106368273563,2.1781726755017085e-06,3.808228428771114e-07,-1.2856114286053124e-06
case_01855,0.0901834710228248,0.483609545530181,0.20431930045666008,0.22188768299033423,-1.1170372950943484e-07,-2.2799835022986717e-06,2.2167546992273256e-06
case_01856,0.4038274957009005,0.2922917866137955,0.06762022114233283,0.2362604965429712,-2.528836884350563e-06,1.9183040697898965e-07,-2.5663679264685782e-06
case_01857,0.34715514187202934,0.34910302350671973,0.10740525996170769,0.19633657465954313,3.632361145006254e-07,-8.592224660703928e-07,2.255314328201708e-06
case_01858,0.07831725755517899,0.08604293427093768,0.00849408898552367,0.8271457191883597,-1.0075566550570772e-06,1.7533021989321101e-06,1.4571590024850699e-07
case_01859,0.2467275766208371,0.26919825154752614,0.34196353549183667,0.1421106363398,-2.0703492879723846e-06,1.5487752389810696e-06,-5.503993564414448e-07
case_01860,0.4478282805820201,0.034309924265830974,0.06329300252115898,0.4545687926309898,2.0942070797008378e-06,2.4636750442356313e-06,-1.1419166138912648e-06
case_01861,0.15054217421030125,0.44648224966161104,0.2956946047973938,0.10728097133069399,1.2959707794672987e-07,-2.9110190254097527e-06,-1.2172970512329486e-06
case_01862,0.41765314202769177,0.04906450877848978,0.3051473825428937,0.22813496665092464,2.5996584742744003e-06,1.8546193009382763e-06,-1.1651845053031274e-06
case_01863,0.030854951211846688,0.09166904198827294,0.20291420623453313,0.6745618005653472,1.8360990276184146e-06,2.630772318748013e-06,2.308818485761175e-06
case_01864,0.4663269546410843,0.258453492420855,0.12713882634540835,0.1480807265926523,1.1578307626420041e-06,1.7358026946489011e-06,1.3427713810487132e-06
case_01865,0.16235963816933582,0.11382792133682795,0.6095841782871748,0.11422826220666137,-2.9698469798081285e-06,-2.2188332407778e-06,1.0183380469869037e-06
case_01866,0.12254650174021453,0.12680200965991067,0.4748795637299337,0.27577192486994123,-4.3305926017050027e-07,-2.512325370954674e-06,1.792494893712005e-06
case_01867,0.3070750136285292,0.1311289648434301,0.549182549579298,0.012613471948742688,-1.8150823100878062e-06,-2.8749285611537953e-06,-1.45731202197513e-06
case_01868,0.5166612866602492,0.18152515650386228,0.1282363693761147,0.17357718745977374,2.464787466293207e-06,7.724713549684262e-07,7.082568724905345e-07
case_01869,0.2929486008741292,0.0034188570791221667,0.5461158920003387,0.15751665004641005,-1.9524960919418386e-06,7.780359111593239e-07,-2.3960256625229426e-07
case_01870,0.2290825160167382,0.08114851928594466,0.3157173136863879,0.37405165101092924,-1.283639690044287e-06,2.9214822853092737e-06,1.6946498112011604e-06
case_01871,0.09478875674889081,0.20817355240259372,0.1001710983060094,0.596866592542506,1.0102060640699506e-07,-6.117409553754258e-07,-1.1444633371602871e-06
case_01872,0.28719834787749676,0.5174185075673619,0.03637075068703067,0.15901239386811067,-1.4198182860115245e-06,-1.0085622906150198e-06,8.590717012193744e-07
case_01873,0.12412410132073595,0.25467449388528496,0.5965497891518464,0.024651615642132692,-1.740811936325273e-06,7.465495631063546e-07,2.293274470903881e-06
case_01874,0.02270184006603013,0.5722651521460046,0.07211513700450176,0.3329178707834635,5.945959506165147e-07,1.953652035045564e-06,-5.870971428304276e-07
case_01875,0.2751923017721287,0.6289601275294412,0.04697819172761419,0.048869378970815815,-2.466422863469857e-06,2.620643697138011e-06,-2.6002674757952316e-06
case_01876,0.174194571955975,0.626290461271877,0.11476457568944233,0.08475039108270555,-2.650993447674452e-06,1.818744997074232e-06,9.630493405075648e-08
case_01877,0.08630379708457075,0.24653888310426805,0.16772909987301424,0.49942821993814696,-7.665282288835715e-07,-4.3995611630517165e-07,-9.241650731578444e-07
case_01878,0.008150143087510994,0.04275534573636994,0.3357023920791321,0.613392119096987,1.323986727047174e-06,8.094854118723848e-07,1.0333522832830496e-06
case_01879,0.1517053558172594,0.1235090816160266,0.6985686410331325,0.02621692153358147,3.2884054964368803e-07,2.137795960296702e-06,2.706197548491637e-06
case_01880,0.14005855800412043,0.21411277820925426,0.24963644499832185,0.3961922187883034,-4.627411891993268e-07,-5.6341870129563266e-08,-8.6350092018918e-08
case_01881,0.14320600704918005,0.3099331135404336,0.2876700892354563,0.25919079017493,3.9450938534749426e-07,-1.6998801377676438e-06,-2.0285861906679672e-07
case_01882,0.6647963151406748,0.19519055549139097,0.05747783175343137,0.08253529761450284,-8.072910920803586e-07,-1.9816593615127623e-06,9.275088011487619e-07
case_01883,0.06372311928719031,0.17375316538739277,0.4598103434726337,0.3027133718527831,2.616878012592677e-06,-2.9990535325316595e-06,-2.379014978438594e-06
case_01884,0.5174310369745614,0.14374344350751841,0.17244893506948974,0.1663765844484305,-2.670570654535354e-06,1.3094279698877056e-06,-1.4789628664499123e-06
case_01885,0.03737611799760393,0.011082949089458663,0.15681874323910835,0.794722189673829,1.0403488741790112e-06,-2.333416746924057e-06,2.5138759530023913e-06
case_01886,0.08975678941595273,0.023511456385983284,0.7435593131783201,0.14317244101974377,2.3476959889665034e-06,-1.5369654018243575e-06,1.0196556801825973e-06
case_01887,0.2754392151755499,0.18942679573287338,0.45330261333972255,0.08183137575185416,1.8233082524115206e-06,-1.2127420108632398e-06,-2.9193357360995024e-06
case_01888,0.32839514053213875,0.18929969786786505,0.30151618565484284,0.18078897594515334,-1.8957537910713197e-06,3.6227916082060987e-07,-1.772247164645881e-06
case_01889,0.0626970360453075,0.21267590189892058,0.22555721371288828,0.49906984834288376,-1.22444190611827e-06,-6.122563362253845e-07,1.0970235961733947e-06
case_01890,0.3485731935364062,0.28568074656007647,0.03154128682322127,0.3342047730802961,1.3022876322426286e-06,1.0480439521389712e-06,1.5863952153754455e-06
case_01891,0.12568378971086594,0.4067590842588555,0.45727860307427626,0.01027852295600225,-2.494376644915407e-06,-2.6661680440277836e-06,2.0391574360442516e-06
case_01892,0.5735755718127553,0.012826345938021025,0.1527268837858475,0.2608711984633762,1.871170198995504e-06,-2.2563648344133633e-06,-1.2469391797077308e-06
case_01893,0.09292126543283818,0.7951741226190285,0.004863716554884389,0.10704089539324892,1.313441667628742e-06,-4.7309788003996186e-09,2.586171577665376e-06
case_01894,0.1491351728494885,0.21495776697980035,0.426207724345285,0.2096993358254261,1.3776398954120558e-06,-9.78211272919021e-07,3.176813614673542e-07
case_01895,0.6385055593494182,0.2873890420537301,0.0007366150765371287,0.07336878352031455,-2.398551778394452e-06,-1.2251198234918417e-06,1.179234134327357e-06
case_01896,0.20441148458957253,0.3005201886338575,0.14442583307803003,0.35064249369854006,1.3065632688973853e-06,-2.597831525774864e-06,5.804331766794475e-07
case_01897,0.25792761493420074,0.026941317764055662,0.07453157395851831,0.6405994933432253,1.0789087513198202e-06,2.3743150484880085e-06,-2.2635596719522774e-06
case_01898,0.15559701207169013,0.2714344324114516,0.015076836502411694,0.5578917190144466,1.985534944931103e-06,1.1509115167503045e-06,2.778687956309279e-06
case_01899,0.03593979175081051,0.001812472752106428,0.9117735028046962,0.05047423269238688,-2.7504242624611833e-06,-2.2702910590821037e-06,-2.2627465206350843e-06
case_01900,0.24455561868042267,0.043117562488732435,0.19251773312942264,0.5198090857014223,-2.8613359891932468e-06,-2.6097242535771564e-06,-1.4707082615328985e-06
case_01901,0.14380043220788272,0.4133840802952464,0.07755333778640491,0.3652621497104658,-7.619574007286357e-07,2.8492352005874584e-06,1.8817672813378812e-06
case_01902,0.3361542461393474,0.19444904030663313,0.3079067575824469,0.16148995597157248,-2.1072702969050826e-06,1.0870353026370292e-06,7.115817690066085e-07
case_01903,0.6267980698315528,0.136633031786379,0.07596505520890555,0.16060384317316256,3.5030686542133163e-07,-4.95263573437551e-07,2.0288949922581416e-06
case_01904,0.06577834665225862,0.2322050352009763,0.603921619028289,0.0980949991184761,2.504093409040493e-06,1.210386244534709e-06,9.441713024426947e-08
case_01905,0.4752978604582387,0.2009536082167566,0.04119955494040378,0.2825489763846008,-6.511216179959057e-07,1.5379907188809549e-06,-7.380405878001907e-07
case_01906,0.15808385256505286,0.2307577203034332,0.48375040909841244,0.12740801803310142,2.0697022636356247e-06,1.6797732143326764e-06,2.53107299728671e-06
case_01907,0.4368172712922962,0.262149866955943,0.1265690130234823,0.17446384872827853,-2.9985547528928013e-06,-1.327361660816541e-07,-2.782486094911231e-06
case_01908,0.06972098019668115,0.7275246494234454,0.19481819012412638,0.007936180255747152,-1.988912139244895e-06,-4.207034512509119e-07,2.136781322118275e-06
case_01909,0.2719822283767903,0.671512169310492,0.039879130322315826,0.016626471990401737,-2.8174587620754866e-06,-2.933831494386598e-06,-1.6150932888733102e-06
case_01910,0.31736042837692346,0.21471253462876158,0.30616239825378877,0.16176463874052607,-1.0311169169095882e-06,2.5593426908510283e-06,2.0924179665238067e-06
case_01911,0.07844328058866985,0.5092350451453218,0.31498479674344776,0.09733687752256064,2.449137574179017e-06,6.198472703336583e-07,-2.1648203194986865e-06
case_01912,0.2540680238649107,0.5912066525947971,0.049466883059141646,0.10525844048115057,-2.4182872584060735e-06,-1.7810763768601914e-06,4.813137821432428e-07
case_01913,0.016737517003241137,0.36812314968306703,0.30716736716685095,0.3079719661468408,6.384586604628022e-07,2.5176205165286203e-06,2.328647514068832e-06
case_01914,0.31164046980256555,0.27376524334073965,0.16032066227266661,0.25427362458402836,-2.9102436528333466e-07,2.489591410621778e-06,-1.5876211860665694e-07
case_01915,0.012189873801970291,0.3027296222981889,0.46885293764542113,0.21622756625441966,2.630809274194875e-06,2.9351049861965753e-06,1.4794000428203579e-06
case_01916,0.14860552698116,0.10914635807040116,0.34579798879651025,0.3964501261519285,-2.264885144777437e-06,2.2443393788338728e-06,1.8280297071333505e-06
case_01917,0.4302322474047662,0.08804662721196274,0.308579791125344,0.17314133425792708,-1.7278328969866264e-06,2.9867063269203885e-06,1.4189652523006747e-06
case_01918,0.47796558014369706,0.1672686968622191,0.16251289713115577,0.1922528258629279,-2.8227481883310404e-06,-1.5318828712603645e-06,2.55197842124759e-06
case_01919,0.2847716847833569,0.6881983298159958,0.01572703929384527,0.011302946106802221,-3.9638850221175753e-07,2.0534975111954044e-06,-3.1899461688042827e-07
case_01920,0.5394648328747057,0.14681121003299058,0.18561721287498367,0.12810674421732005,-1.3330026026120744e-06,1.938169852774587e-06,-1.9612473650090655e-06
case_01921,0.029722547015853137,0.4417076349821724,0.4156691504036788,0.11290066759829576,2.219435603341925e-06,-1.6143578446755976e-06,-2.7131336177851214e-06
case_01922,0.08329734848895093,0.41444541587147726,0.017111230574385794,0.4851460050651861,6.296448791865303e-07,-2.409374705994055e-06,-1.5212407821749693e-06
case_01923,0.05841105963473529,0.17702380923333597,0.5413252045990734,0.22323992653285524,6.845444278542102e-07,2.8765230820655976e-06,-2.1408149767185474e-06
case_01924,0.2183368062668316,0.477203326968636,0.17198824655572473,0.13247162020880765,1.9146418128781478e-07,-1.223852690876338e-06,3.476924486068828e-07
case_01925,0.665976495661039,0.16209210541820723,0.12072374781393448,0.051207651106819095,-2.448897976624794e-06,2.2253507428068363e-06,-1.890327976729608e-06
case_01926,0.021677910396899532,0.013567141298656323,0.34739582810618896,0.6173591201982553,-3.2988789764786844e-07,-2.9752370719523766e-06,-2.766397756263773e-06
case_01927,0.2487215538461583,0.5928875525007747,0.010969779866361088,0.14742111378670597,2.997031138251099e-06,-2.8738511566823867e-06,-2.784061026787993e-06
case_01928,0.06730095363373387,0.1474637020572113,0.018686121655094094,0.7665492226539606,2.0113757450760893e-06,-2.0477214782178968e-07,1.9894169901891695e-06
case_01929,0.03325197093127244,0.33627909300707337,0.07303899479808643,0.5574299412635677,2.360754325002696e-06,-1.5677118963896186e-06,5.48699588658149e-07
case_01930,0.16604876056778226,0.5492475629054805,0.0011027897996863775,0.2836008867270508,1.9393581554789967e-06,1.1390477006157856e-06,-8.514881886397311e-07
case_01931,0.7437017787980675,0.04796333811530653,0.03220920580237623,0.17612567728424966,-2.381749839414104e-06,3.933859534077262e-07,2.3653682564414815e-06
case_01932,0.6171048415242776,0.17779789619647424,0.17049587244004466,0.03460138983920335,-1.6353104756112023e-06,-2.5350852152970514e-06,-2.5788203315537185e-06
case_01933,0.00028631096049017645,0.6022827582321114,0.03322274735994878,0.3642081834474496,-2.9812700918615424e-06,-2.0242302221056976e-06,2.8819324363669557e-06
case_01934,0.6356457933211909,0.06045356015659252,0.28272589801627857,0.021174748505938132,-1.1789392507313313e-06,-6.717043796495144e-07,6.977507415267662e-07
case_01935,0.33122648228843915,0.06406284413459118,0.4764613665457119,0.12824930703125778,-2.3483555859210445e-06,-1.886375616267401e-06,-1.8992144761869092e-06
case_01936,0.20219685923376715,0.2971690601071526,0.06102263415778113,0.43961144650129913,-1.6323992819050192e-07,1.7533340834635717e-06,1.0744145938618113e-06
case_01937,0.12948714081749851,0.3900593627120165,0.061900054438817693,0.4185534420316673,1.0627649314434118e-06,-5.035785866803197e-07,1.5802875587013762e-06
case_01938,0.05825200554587219,0.23524974830198525,0.12058077399061944,0.5859174721615231,2.2470317702284622e-06,-2.4394087989450044e-06,-4.2394329977535313e-07
case_01939,0.06225082610703479,0.4373262157618046,0.45561738804755075,0.044805570083609685,1.4953029905453892e-06,-9.394258636725079e-08,2.169795637473284e-06
case_01940,0.34110259824225375,0.03291072281800658,0.1781008972782943,0.44788578166144527,2.631513574671031e-06,-2.454970913631515e-06,-2.0956055562211782e-06
case_01941,0.37608221251892554,0.3421848558936032,0.11593385702639482,0.16579907456107656,-2.676610257637267e-06,-2.226376167481097e-06,-1.3269744985343499e-06
case_01942,0.03279478074230395,0.3832162732312016,0.21159612181839443,0.3723928242081,-2.9269209875007514e-06,-1.5623410078307683e-06,-2.4390458304960613e-06
case_01943,0.25759076016468935,0.3529125786255586,0.36603019393326375,0.023466467276488295,9.68028683017276e-07,2.1571662314849385e-06,-1.734732956355887e-06
case_01944,0.08260481029265021,0.3220382857616524,0.45073283076675574,0.14462407317894163,-1.2638855386665227e-06,2.5476751939978314e-06,-1.56762712853313e-06
case_01945,0.21977631969373268,0.011319685562014821,0.7641694244998197,0.004734570244432887,-1.4789939033653613e-06,1.957546375992415e-06,2.505799145530261e-06
case_01946,0.4410397586554646,0.10231556749200028,0.06372947241865068,0.3929152014338844,-1.0146774738372346e-06,-9.955366954929167e-07,-2.5313418674930627e-06
case_01947,0.01273300243572426,0.4490741291176072,0.4105242447448936,0.12766862370177506,-1.381223652645815e-06,-1.36532135334701e-06,-4.3550927887374317e-07
case_01948,0.19210433927832904,0.36225154485427985,0.44539818818301685,0.0002459276843744028,6.861843780952372e-08,2.9493414474143516e-07,1.9439212336147778e-07
case_01949,0.7861084628523105,0.05115567765514567,0.07570689689670365,0.08702896259584002,-3.5910931665520497e-07,1.3311189631986742e-06,2.3921583228129652e-06
case_01950,0.007961524343950067,0.02711555087018654,0.8867296420709037,0.07819328271495976,7.45713082599381e-08,2.960236728961049e-06,2.986177311967281e-06
case_01951,0.035667126075812586,0.03294524647698102,0.370052055565523,0.5613355718816835,1.0362816690026174e-06,-2.2105757287264427e-06,1.520328689519015e-06
case_01952,0.47237099645878644,0.033609220591488284,0.4014915024815842,0.09252828046814111,-6.772169461731101e-07,-2.7042480058571735e-06,2.824745943414177e-06
case_01953,0.06571815084135098,0.34007323611569384,0.15731605210127367,0.4368925609416814,-1.4921538771470593e-06,1.1661353339716263e-06,1.7226067952152425e-06
case_01954,0.04629333561403628,0.44692325372848274,0.3743139811060957,0.13246942955138513,-2.0027967791475273e-06,1.9933547010234333e-06,2.7792158458285e-06
case_01955,0.1592079086268541,0.17458799218252358,0.193102237138865,0.4731018620517574,-9.031552828042471e-07,2.0780926791985393e-06,1.2436243556667307e-06
case_01956,0.102927352339631,0.33286147298019503,0.49407779449283346,0.0701333801873405,1.4508388514770322e-06,1.0707812944629637e-06,-2.5214194472935736e-06
case_01957,0.489707395229374,0.059464768896609954,0.13319664170435797,0.31763119416965807,1.540229460668817e-06,2.7240948247151226e-06,-5.884788780439409e-07
case_01958,0.07441031915019133,0.6740943281382594,0.0555241576062133,0.19597119510533592,1.0014323201052614e-06,6.602858126752149e-08,8.795837028148224e-07
case_01959,0.2012559372843454,0.2545784836922336,0.10445093426181469,0.43971464476160604,-1.5958309481587525e-06,2.482888790017275e-06,-8.956889432744941e-07
case_01960,0.39747282811503976,0.27392149672119465,0.03293456540041789,0.2956711097633477,5.285174751281862e-07,2.8068728219491383e-06,-1.3596964913173284e-06
case_01961,0.3345314600177758,0.18553531880620786,0.34734990633230634,0.13258331484370994,4.2413796946108776e-07,2.0829447420186465e-06,4.643956027985459e-07
case_01962,0.07423850313506637,0.008086260933998392,0.21272046824826743,0.7049547676826678,-9.440281134164696e-08,-1.1414486204482763e-06,2.6010112602146093e-06
case_01963,0.49683641158576836,0.11153419364906471,0.21773727711012492,0.17389211765504203,2.998739183031852e-07,-1.8227060929782284e-06,-2.7901087589030786e-06
case_01964,0.4566979732938254,0.2273624084095589,0.12668878969122976,0.18925082860538586,-4.9256204257991466e-08,2.8872038989091057e-07,1.6153872212486261e-06
case_01965,0.0446852928586455,0.1733410811400605,0.0072563662595371,0.7747172597417569,3.9273819644464923e-07,-2.819114977188691e-07,1.3363636682677627e-06
case_01966,0.08201812312112804,0.7800351966864427,0.04643185553141812,0.09151482466101106,1.2930357277267727e-06,2.2665500531563974e-06,2.783720552329723e-06
case_01967,0.19161003161357473,0.0036717124488597538,0.7906509774520702,0.014067278485495398,-2.3422308335793618e-06,-2.3998099735970777e-06,2.584267333995261e-06
case_01968,0.4271212028404585,0.3376300103394429,0.11629475923148291,0.11895402758861576,1.497754512894142e-06,-1.4535596321308884e-06,1.5733953722651575e-06
case_01969,0.4020959082879257,0.18555607081970185,0.39498495011810214,0.01736307077427042,-2.184683099234435e-06,1.5107936671122514e-06,1.2245258809559196e-07
case_01970,0.01521470332791289,0.16732799147031235,0.2184237781946549,0.5990335270071199,-2.600232009537752e-06,-2.430080130136127e-06,-1.774394680598881e-06
case_01971,0.042900229598582786,0.6711839057228184,0.09149605167859937,0.19441981299999955,2.8564781173288053e-06,-1.075413515869799e-06,2.714143099534463e-07
case_01972,0.2168888384641486,0.29118668665234193,0.09292621321814079,0.39899826166536867,2.741950613222649e-06,-6.770676356761011e-07,1.5921119635179232e-06
case_01973,0.33958348646684605,0.12229099776195253,0.14160081752246523,0.39652469824873615,-2.637380730356616e-06,7.355627793761398e-07,2.374015275827359e-06
case_01974,0.2808974027453223,0.15468414899736863,0.06836664361121676,0.4960518046460924,-3.404793511502269e-07,-2.0512041256838126e-06,1.7382720552632942e-06
case_01975,0.28219208092827297,0.08196972717900873,0.10281914348533179,0.5330190484073867,-1.8825303702013516e-06,2.163626942098257e-06,-1.8283983888536762e-06
case_01976,0.0068256608092415565,0.7316900835442235,0.021114572462170973,0.24036968318436416,-8.793061719349158e-08,-3.147465872023543e-07,5.981178853683562e-07
case_01977,0.13083324384783718,0.17657004461602271,0.5538367868950442,0.13875992464109577,1.9810634579975247e-06,2.502130271283339e-06,-1.0069592428118578e-06
case_01978,0.6979662781688885,0.04576171608431085,0.002127342637214444,0.25414466310958633,2.7036706484573413e-06,-1.9278051819641035e-07,-2.944765995656142e-06
case_01979,0.5942313888886014,0.06730935906164257,0.06288248283753735,0.27557676921221874,8.055159207092244e-07,-1.3497584463556e-06,-1.7986743852680037e-06
case_01980,0.40637795776812524,0.48479213295254225,0.07653727884522894,0.03229263043410372,-8.765659967290977e-07,-2.149027027873951e-06,-2.3206761003993047e-06
case_01981,0.40096789439953967,0.042940628247422036,0.2729494536815062,0.28314202367153196,6.199533938675902e-07,-2.9775294317322913e-06,2.056314741236811e-06
case_01982,0.30486554863623516,0.03807468003605924,0.35513467712496843,0.3019250942027373,-1.127992163349298e-06,1.929449099090138e-07,-1.4489624871131282e-06
case_01983,0.5177784224623364,0.2344974400632676,0.1736135781817528,0.07411055929264335,2.458941844992362e-06,-2.3570598184384594e-06,-1.291812186674667e-06
case_01984,0.2656676375758998,0.3279991317682087,0.16593826373854634,0.24039496691734513,2.222402778635022e-06,-6.496334182129305e-07,2.759619430793306e-06
case_01985,0.11378666721613112,0.2580132404090636,0.5831100889907839,0.04509000338402138,3.4939050167796575e-07,5.3563056742252e-07,-7.25479661706887e-07
case_01986,0.16460370176653535,0.05203369927956841,0.33608133104377047,0.44728126791012585,-1.051206507717837e-06,-1.3458846185837984e-06,-2.9424861591336327e-06
case_01987,0.44199165113280486,0.05377967156937196,0.4934785555652475,0.010750121732575536,-1.23966194650213e-06,-1.9486542458033087e-06,-1.2969231099231809e-06
case_01988,0.23215395256688587,0.014783244636643714,0.5634363071991813,0.18962649559728914,-2.7994920317696434e-06,1.6483297356560498e-06,-2.2842025163891256e-06
case_01989,0.358130203544807,0.5764238297084738,0.05271019180229014,0.01273577494442901,1.894925106151771e-06,2.680747033689723e-06,-2.3831486295848765e-06
case_01990,0.6476818106846112,0.11604949210127216,0.04236784080326128,0.19390085641085555,-2.977007217659521e-07,-2.397357492828204e-06,-2.535076259185503e-06
case_01991,0.7024990336485452,0.024231666734500765,0.24758226995342356,0.025687029663530675,-1.0492024295984134e-06,-2.066458053689953e-06,5.595568210522637e-07
case_01992,0.06930818094313707,0.28657781105407304,0.5153005597836343,0.12881344821915583,-1.7333787001347676e-07,2.760075943516312e-06,-1.8639136582208482e-06
case_01993,0.051366608835297506,0.6884213901013759,0.21157397660904004,0.04863802445428662,1.9124279427279118e-06,-2.7732946691265224e-06,-8.325432357539371e-07
case_01994,0.3910343446535431,0.21744411739370098,0.2019478198648778,0.18957371808787815,-2.252314753754873e-06,2.865794019302833e-06,2.1721062967801003e-06
case_01995,0.11927698259229477,0.12644155967371665,0.6219133343572671,0.1323681233767215,2.145935929450964e-06,-2.9721331014900674e-06,-4.5397116122234627e-07
case_01996,0.13629502586848702,0.3595361874130496,0.36165773336061147,0.14251105335785194,2.385053010650124e-06,2.242011933907988e-06,2.494148100309826e-06
case_01997,0.333006459239076,0.3866039116693176,0.22542535134893246,0.05496427774267382,2.680247490203329e-06,-1.156048914073503e-06,-1.23716796263626e-08
case_01998,0.280506605665829,0.3312108485817952,0.10880355272211112,0.27947899303026463,-6.150720454642333e-07,2.631533149063779e-06,-6.069803109614656e-07
case_01999,0.07031398938524251,0.1817028479642612,0.714981187371197,0.03300197527929916,-1.6971575757739687e-06,-1.0983282681864872e-06,1.5023335625442098e-06
