case_id,alpha1,alpha2,alpha3,alpha4,delta_x,delta_y,delta_z,sigma_d,sigma_max,E_eff,rho_rel,mesh_volume
case_00000,0.0821968291602929,0.5272517827092505,0.2306407001278181,0.1599106880026384,1.321607543684374e-06,-7.58155089199809e-07,9.25837929204336e-07,21.0354232788086,28.96406555175781,11485.02591249224,0.3882674595721637,388.26745957216366
case_00001,0.0703752720549146,0.0703634151670259,0.0248263689681154,0.8344349438099441,1.123698026478766e-06,-1.0025274226115803e-06,-2.5198045814043803e-06,21.74036407470703,27.038482666015625,4188.569176958435,0.1454753072272173,145.47530722721731
case_00002,0.1619616782297565,0.2169722538155604,0.0036652771640306,0.6174007907906524,-2.425474808019854e-06,-1.9430765249828395e-06,-1.546021131277566e-06,32.4421501159668,42.74542999267578,11684.147314365317,0.1916258145907321,191.6258145907321
case_00003,0.7356382667929998,0.0982897711226507,0.0826381001225216,0.0834338619618279,2.5354344294348004e-06,6.436000206089275e-07,1.6420760788755049e-06,32.29830551147461,52.64538192749024,8367.945531190204,0.1501321396481819,150.13213964818198
case_00004,0.1798979578305035,0.368931003808536,0.2804629012155211,0.1707081371454392,4.108332129409174e-07,-1.4025503694822681e-07,1.7211512207291812e-07,6.837036609649658,11.952177047729492,16298.8817947805,0.4511509231521238,451.1509231521238
case_00005,0.4985102216039646,0.0791375244884834,0.1820037146178717,0.2403485392896804,-8.176468731858946e-07,2.1942059539440216e-06,2.567814370722269e-06,38.31414794921875,66.91768646240234,10653.061162322483,0.275809824374948,275.80982437494805
case_00006,0.196961978637406,0.4974505900050203,0.0720446658615673,0.2335427654960063,1.5392315009718398e-06,-2.8073425171076504e-06,-4.274915499518743e-07,45.0827522277832,92.92913818359376,7327.458104587588,0.3545622151594498,354.56221515944986
case_00007,0.4341302370059204,0.0230070158712145,0.4524280890038173,0.0904346581190477,-1.4558072495901957e-06,8.632075653307578e-07,2.218874194883538e-06,29.30459785461425,43.48863220214844,7376.31928389439,0.2611821782860991,261.1821782860991
case_00008,0.0083413506003442,0.3687648363297955,0.417989389901647,0.2049044231682131,1.161059022277922e-06,1.577693271069367e-06,-3.0626737513057506e-07,21.29299736022949,27.13017845153809,10386.209307189063,0.3157011919949537,315.7011919949537
case_00009,0.1652129427062343,0.0467401873997933,0.5242381228890093,0.2638087470049631,-2.761732754566517e-06,1.5569194151298426e-06,2.875489672211912e-06,32.82849884033203,42.86542510986328,6171.030767316531,0.2474469565287938,247.44695652879383
case_00010,0.0400577360467738,0.2103794426585467,0.0107702281727089,0.7387925931219703,2.036448225655632e-06,2.3164438025731506e-06,2.759006288393261e-06,37.02574920654297,51.78946304321289,10319.572110189263,0.1620013832577139,162.0013832577139
case_00011,0.1201015695131624,0.4356574996208367,0.1498158812794001,0.2944250495866007,-3.1097491787208906e-07,1.3742024569769643e-06,-1.0251797666635182e-06,17.312044143676758,23.298734664916992,7056.359979638467,0.3898251456781309,389.8251456781309
case_00012,0.1322969619995852,0.0341748957137256,0.5840165243893681,0.249511617897321,8.201574861476501e-07,2.5668603698861782e-06,2.3155420225008195e-06,35.07054901123047,52.39557266235352,13502.800205181911,0.2168651972764832,216.8651972764832
case_00013,0.3293239366229049,0.2644073427975417,0.1069596885938333,0.2993090319857201,-1.672573081159898e-06,-1.0040604010746512e-06,2.085668245293895e-06,33.0390510559082,40.74678039550781,8049.980018622095,0.3727879538941138,372.78795389411385
case_00014,0.1234411667338081,0.2906121400146729,0.0616596140979398,0.524287079153579,1.062442275950688e-06,1.925650050925837e-08,-1.735917616034623e-06,16.50939178466797,22.347728729248047,4119.470075833383,0.2252945507353373,225.29455073533737
case_00015,0.1632556892585692,0.105013436908421,0.585361468964391,0.1463694048686185,1.6334416553596598e-06,-2.915522020302656e-06,7.457424046996183e-07,26.33677673339844,40.641822814941406,4225.923862835844,0.2155630690472761,215.56306904727617
case_00016,0.1143325913037838,0.2712366856548703,0.0526584575424163,0.5617722654989293,-1.607208786936075e-07,-2.958254476180253e-06,-2.563906106461111e-06,35.58324432373047,50.52583312988281,9832.776012343493,0.2116931926277637,211.6931926277637
case_00017,0.0126746872135902,0.7090459266224788,0.2420365771839559,0.036242808979975,7.063615443707658e-07,-1.5592402772908808e-06,2.020264323500769e-06,24.735401153564453,36.141212463378906,4661.202362812272,0.2789495354322883,278.9495354322883
case_00018,0.001309642288692,0.3996735181851601,0.2902175712682061,0.3087992682579417,-2.620444570656087e-07,-2.3951568171654885e-06,-1.952724698979021e-06,39.571075439453125,68.21294403076172,31110.57257527899,0.4589474666304288,458.9474666304288
case_00019,0.696123006778684,0.036301317993638,0.2094637060266437,0.0581119692010342,2.364548215547073e-06,-1.4387317923854783e-06,-2.575111791685413e-06,27.092172622680664,40.76470184326172,2217.7530594314526,0.1583383870241502,158.3383870241502
case_00020,0.5793547642649329,0.2844437190362849,0.1170692355769386,0.0191322811218434,-1.2784916914084954e-08,-1.937740232829616e-06,-5.986854267671329e-07,27.090309143066406,40.914852142333984,5880.701221826153,0.1954145615255588,195.41456152555884
case_00021,0.120602293946499,0.1273451808613934,0.4234570546128816,0.328595470579226,2.050852254172913e-06,-2.8288798509681105e-06,4.615328315978608e-07,34.97674560546875,38.62776184082031,9596.911048660044,0.3605820229231359,360.5820229231359
case_00022,0.5198540157517059,0.1522377384016076,0.0303425328398762,0.2975657130068103,1.808112349621492e-06,2.4558248784362966e-06,2.129501751358626e-06,45.97884368896485,62.34748840332031,12781.058025390124,0.2240613825681132,224.0613825681133
case_00023,0.3244267718154773,0.1868655722213287,0.3342923563378389,0.1544152996253549,-5.369710719098607e-07,-2.950661211666651e-06,2.845455153130419e-06,42.91317367553711,67.43061065673828,9393.894638357422,0.3796393388758293,379.6393388758293
case_00024,0.514592039500328,0.3880694277804057,0.0179126383445935,0.0794258943746726,-1.6194930488551495e-06,1.4164928660225123e-06,-3.630449245808182e-07,22.468664169311523,38.201847076416016,2157.4843287675867,0.219984625962652,219.984625962652
case_00025,0.0149818083360918,0.4746567763627639,0.1770571048778496,0.3333043104232947,-5.635072046413743e-07,-2.087112678482901e-06,-2.637318462088379e-06,54.13346481323242,80.75712585449219,20493.65374775747,0.350882993028949,350.88299302894904
case_00026,0.5171003660327778,0.062266365704316,0.1147183290382648,0.3059149392246414,1.957304254651321e-06,2.4733777319976004e-06,1.494693474155224e-06,40.94021987915039,66.70152282714844,15409.430109476554,0.2442747936775792,244.27479367757925
case_00027,0.3028533012244194,0.0933770733767031,0.3988308844349349,0.2049387409639425,-1.6342047850836458e-06,2.356775637539315e-06,3.910395373436247e-07,29.08234977722168,44.2932014465332,8815.871063756755,0.3311705564874178,331.17055648741785
case_00028,0.3606852053321525,0.2242793748822094,0.1363285547560362,0.278706865029602,1.466180751464961e-07,9.234068782155436e-07,-3.126519309332214e-07,16.735631942749023,21.25471878051757,11282.23540183758,0.3805723279497159,380.572327949716
case_00029,0.3363309711486774,0.0426610252588215,0.4608758928122177,0.1601321107802833,1.8365804877644849e-06,1.0334048988036309e-06,-1.144386727246862e-06,22.950870513916016,31.468032836914062,8598.93753837533,0.2759436880246796,275.9436880246796
case_00030,0.3734709766727416,0.5133273383152318,0.0867690307010294,0.0264326543109973,-8.791351492297273e-07,-2.967965148181869e-06,1.4391167061213865e-08,49.98607635498047,78.35617065429688,6972.668558573096,0.2796391360521176,279.6391360521176
case_00031,0.0576021830330164,0.124040909155688,0.3793944345261136,0.4389624732851819,8.532578220161847e-07,2.909229396681612e-06,-9.679223732578142e-07,32.664432525634766,42.93326187133789,13320.391821094214,0.3363973235383002,336.3973235383002
case_00032,0.0046100841884993,0.472397646567232,0.3570182638922956,0.165974005351973,-1.5262105557071128e-06,2.266995621454886e-06,1.5420712064841617e-06,61.4311752319336,121.7585906982422,6668.765964858077,0.3180863988447161,318.08639884471614
case_00033,0.033661278896175,0.1085943535935957,0.7548247421373326,0.1029196253728965,-2.3443233277910404e-06,2.370637354380552e-06,2.633621789558463e-07,23.14687728881836,27.93240737915039,2913.7888839538705,0.1633156809096237,163.31568090962378
case_00034,0.1226176860947132,0.2035244579698434,0.0757671127934929,0.5980907431419505,1.766305350557138e-06,9.55467222305232e-07,2.261086644924672e-06,27.33457946777344,42.34957885742188,12161.126624260096,0.2044118213772135,204.4118213772136
case_00035,0.7107515984789031,0.0628156335847509,0.1489193974270163,0.0775133705093295,-2.406188259547759e-06,-9.312784280727808e-07,2.612634878966523e-07,23.262346267700195,44.06655502319336,5761.767993371216,0.1564115617628625,156.4115617628626
case_00036,0.1666378540159219,0.0186815891569619,0.4674772012289205,0.3472033555981955,-1.3717116295224926e-06,2.3618918945428853e-06,-1.57042551996042e-06,25.759906768798828,29.252906799316406,6981.547020977528,0.2704471654372169,270.44716543721694
case_00037,0.0173726622961927,0.1073650913188449,0.7852416408604241,0.090020605524538,2.130656531984641e-06,-1.250898431092846e-06,2.106551293392867e-06,22.62942886352539,31.300460815429688,4961.653365821,0.1561843992057423,156.18439920574235
case_00038,0.0292581881656366,0.1256586960146789,0.7932801994285618,0.0518029163911227,-9.211842775279968e-07,3.76269260053217e-07,3.4331426958026346e-07,7.200498580932617,9.051368713378906,2771.8684023024266,0.1534827873657053,153.48278736570535
case_00039,0.2704635637606243,0.347767219663568,0.0658076555086754,0.3159615610671321,2.838272097084967e-06,-2.401614165936706e-06,-1.7589537711386323e-06,39.42319107055664,51.80768585205078,6903.674065223518,0.3430783366021754,343.07833660217545
case_00040,0.141946552936767,0.3097295454418154,0.3107616884009869,0.2375622132204305,2.878406008643159e-06,2.531733780796501e-06,7.410468597373329e-07,58.80056381225586,98.74471282958984,37104.5060628838,0.4910787990402382,491.0787990402382
case_00041,0.0379805489476465,0.7239144916041121,0.1552509551663047,0.0828540042819365,-1.39034387727866e-06,-2.15537725337272e-06,-8.536994103454346e-07,31.332895278930664,50.519439697265625,19549.719771922784,0.2999904672855494,299.9904672855494
case_00042,0.0199760185002892,0.4288791007572811,0.5431184636904927,0.008026417051937,-2.7541306665006576e-06,-1.6506191656175564e-06,2.0664336737523947e-06,33.487831115722656,42.54641342163086,3794.751783149067,0.1979133496538813,197.9133496538813
case_00043,0.3258723222329329,0.1166225116489859,0.4704986835450722,0.0870064825730088,1.2303797052322747e-06,3.488049487692899e-07,-2.802015681207429e-07,14.886578559875488,21.808513641357425,9545.727840837277,0.2622409180612487,262.2409180612487
case_00044,0.2568572548647387,0.1069589931359263,0.603821130228213,0.0323626217711219,-2.940809841099376e-07,1.5845580012778891e-06,1.3586481486445003e-06,19.47831344604492,25.69876480102539,8944.927695957855,0.2019333156200625,201.9333156200625
case_00045,0.0798782804289228,0.0230643354296388,0.4952394610211106,0.4018179231203278,-2.395482936242542e-06,7.161078356177936e-07,-2.426782754182577e-06,29.67098045349121,40.61343002319336,11265.606792726016,0.2448994907096598,244.8994907096599
case_00046,0.0767558257369452,0.2775518880232077,0.4372555669140369,0.2084367193258101,1.2451369138682568e-06,-1.6071965231990632e-06,-6.238539221859229e-07,18.04344749450684,24.02018928527832,6471.822579489111,0.3234652836793844,323.4652836793844
case_00047,0.2215858167673736,0.0813385934023039,0.0287091578584848,0.6683664319718374,-2.8129505453284727e-06,-2.994341744835058e-06,2.8994486188343924e-06,35.24677276611328,51.986595153808594,4396.098538447537,0.1821012130886197,182.10121308861977
case_00048,0.5554399107987011,0.2414292806279515,0.099696768665222,0.1034340399081252,2.2211801429534527e-06,1.5429034818446351e-06,1.8507617368628897e-06,43.47356033325195,73.59639739990234,11901.817132314423,0.2157050456454763,215.7050456454764
case_00049,0.1782210561265966,0.3130960642015959,0.3002967411435061,0.2083861385283011,-2.1680848253201776e-06,2.9112439554665623e-06,-2.040355185798428e-06,43.94782638549805,53.0262565612793,11769.676437640055,0.4799681161125185,479.9681161125185
case_00050,0.2869801677427033,0.0245526328937075,0.0492479476936149,0.6392192516699742,-2.23612872751965e-06,1.8594787218365424e-06,-1.3334157031364696e-06,25.188533782958984,33.1302604675293,4665.784623398155,0.1933051949237281,193.30519492372807
case_00051,0.4361743156393905,0.0043218282191188,0.0500478318505189,0.5094560242909719,-1.945966212188493e-06,-2.387602910603081e-07,-1.0211051468618337e-06,27.0774040222168,39.2789421081543,12063.361614703314,0.236040150981971,236.040150981971
case_00052,0.0023564730532635,0.0814133651168554,0.3695071027242746,0.5467230591056063,2.761598150952399e-06,2.422603568394639e-06,9.02193362972674e-07,38.450714111328125,55.110496520996094,15311.885211842202,0.2456174866491291,245.6174866491292
case_00053,0.3735239881551547,0.0898736394522442,0.4407570107303694,0.0958453616622316,1.1590161615230758e-06,-5.409139612898999e-07,1.5419685569379337e-06,23.502965927124023,34.14617156982422,11184.181221368066,0.2817687850251197,281.7687850251197
case_00054,0.083632489756177,0.2915739338184202,0.2228246613652748,0.4019689150601281,1.8082292127818205e-06,1.496045054608054e-07,1.4971596528474586e-06,27.404926300048828,42.4404525756836,17801.152939467862,0.3738345242465606,373.8345242465606
case_00055,0.4341731528483874,0.3402875190248488,0.0398427561454109,0.1856965719813529,-6.141900856034821e-07,-1.3722139562590053e-07,5.9244337838416944e-08,8.577301025390625,16.203975677490234,5409.64532543932,0.275809824374948,275.80982437494805
case_00056,0.0655721658777654,0.059516288131452,0.7686488769833952,0.1062626690073873,-9.821236349702668e-07,-3.142567640068504e-07,1.864923227028908e-06,14.785181999206545,16.766216278076172,3047.654919678,0.1599528637693975,159.95286376939754
case_00057,0.4043219494285624,0.1811474311308505,0.287672700337919,0.1268579191026681,-1.5930959593009803e-06,1.651144615763434e-06,-3.775315034551496e-07,31.06526756286621,36.39815139770508,7255.569631816194,0.3439383091398449,343.93830913984493
case_00058,0.2831857937962162,0.2233119179415393,0.0715128180462779,0.4219894702159665,-1.1611183012554637e-07,1.606134436169521e-07,-2.2567166082266288e-06,27.97156143188477,35.42210388183594,9273.62824188734,0.2835171254200986,283.5171254200986
case_00059,0.2077915369360073,0.0155201689456661,0.6537868146926374,0.122901479425689,3.10972401205011e-07,-1.0996972678487037e-06,3.866510499228795e-07,9.142937660217283,16.605552673339844,3937.32609999073,0.1887294919874492,188.72949198744925
case_00060,0.3196896617772258,0.3487543030390485,0.2791688868031608,0.0523871483805648,7.906490619165321e-07,-1.45105099404913e-06,2.71380830760664e-06,46.63937759399414,73.33926391601562,6859.520199676336,0.3394072274201432,339.4072274201432
case_00061,0.0023563145693762,0.3986644792227075,0.0845482276088637,0.5144309785990524,-1.457288976007833e-06,-2.7735160981954e-06,1.757961908355068e-06,31.57109642028809,38.87080383300781,4529.057160074371,0.2211691164390646,221.16911643906465
case_00062,0.5462630096494583,0.3160776139833534,0.057495073480012,0.080164302887176,2.691924485417944e-06,4.991709712982759e-07,4.722038861534543e-07,38.158504486083984,54.0694694519043,6955.03411258385,0.2126018428562446,212.60184285624464
case_00063,0.5797674896019407,0.1160146488633072,0.0565296945900613,0.2476881669446907,-1.9814490107571847e-06,-1.6202315075937949e-06,8.808339620945817e-07,26.89397621154785,40.76527786254883,5953.890659564972,0.1993331156358827,199.3331156358828
case_00064,0.5628139934887572,0.2435993532984273,0.1726745038518632,0.0209121493609521,2.7939190485984738e-06,-2.111196467901701e-06,2.5833721622134364e-06,46.692020416259766,69.0489273071289,3603.3048241852784,0.2026350856625946,202.63508566259463
case_00065,0.1480692299520489,0.7152032942528656,0.0234111848730935,0.1133162909219921,-2.910863264954977e-06,9.229797829660656e-07,-4.299432333902373e-07,31.747386932373047,40.50959014892578,7497.628368914784,0.2966235936710889,296.62359367108894
case_00066,0.3584298707331876,0.2305778182666837,0.2039408082942028,0.2070515027059259,-1.1324584909892649e-07,1.0872555469292937e-06,-1.0116351663441758e-06,19.23721504211425,23.766860961914062,9253.301835644252,0.4092150925180361,409.2150925180361
case_00067,0.1083459766500428,0.0845288457053221,0.40308180996069,0.404043367683945,-9.997929713006232e-07,1.5129293535459962e-06,2.8634493900026938e-06,33.770687103271484,47.55812454223633,13974.928011824592,0.3250391956822888,325.03919568228883
case_00068,0.3434900018838117,0.416115920427126,0.121891454956428,0.1185026227326344,-3.052595164184952e-07,2.1461378031549017e-08,2.1806588010620004e-06,29.08395195007324,46.59858322143555,5889.051282569571,0.339922399647898,339.92239964789803
case_00069,0.2937609521905309,0.1926146900340317,0.2221259416082007,0.2914984161672365,4.239874738847343e-07,2.36432763122332e-06,-1.0617384922883855e-06,34.4487190246582,46.58835983276367,14508.724964950345,0.4393019619137634,439.3019619137634
case_00070,0.6920727049739495,0.1293275853407703,0.1476550676595183,0.0309446420257621,-3.864650519237458e-07,2.618056520389367e-06,-2.1731641583446338e-07,22.408472061157227,37.57120513916016,3215.607533354404,0.1593849573765969,159.38495737659696
case_00071,0.3739471926259224,0.0158533468143765,0.2713853399773298,0.3388141205823714,-5.109188981904302e-07,1.8442256387549369e-06,-5.095312259532056e-07,21.64387893676757,27.14152717590332,12048.65163294915,0.375716728291271,375.7167282912711
case_00072,0.259655622116534,0.687250116273569,0.023821441490427,0.02927282011947,1.3963404924798395e-06,8.135608920491234e-07,-2.1054259279713968e-06,27.70950698852539,41.44535446166992,3704.791254942317,0.2785682268542651,278.56822685426505
case_00073,0.5669114117213868,0.1463983265557296,0.0445467876548218,0.2421434740680618,1.1152576505187878e-06,-1.177674278452868e-06,2.7469159428795543e-06,31.39444732666016,44.15628433227539,4843.645775466932,0.2035680747364812,203.5680747364813
case_00074,0.5291839781642185,0.0875407971376861,0.351152533325712,0.0321226913723834,1.9996276922150875e-06,2.8976695297213275e-06,-5.741254126814473e-07,37.26190185546875,56.69535446166992,8339.918448961413,0.2141879242818519,214.187924281852
case_00075,0.0203828259073578,0.2911202877407542,0.2988030616539808,0.3896938246979072,-1.5002461125630266e-06,-1.35518299684837e-06,2.251974495827448e-06,29.50889205932617,35.39634323120117,12400.234842508911,0.4729544721614314,472.95447216143145
case_00076,0.2110834203400352,0.6069537341409165,0.1183881718099854,0.0635746737090629,6.571710585243817e-07,-1.7840584680574137e-06,-1.863862633916009e-06,36.87321472167969,65.53456115722656,11680.248627388451,0.3287752084520697,328.7752084520697
case_00077,0.6191073194208978,0.1233219583848267,0.2256695201973578,0.0319012019969174,5.111687123571229e-07,-3.470753172805036e-07,2.872248638233187e-07,5.930309772491455,9.766843795776367,3444.9110182795243,0.180186557250035,180.18655725003487
case_00078,0.0040684053086997,0.5208582173483355,0.2864258629759602,0.1886475143670044,-7.815731347638675e-07,-2.658956575725669e-06,-2.8562316892543813e-06,48.47369003295898,88.11644744873047,24666.541250995066,0.3754530574660422,375.4530574660423
case_00079,0.4478096047433296,0.1620605338836169,0.1448707898471031,0.2452590715259504,-8.365474858391434e-08,2.870966788030745e-06,1.5853229030538514e-06,49.8834228515625,75.51229095458984,13978.029964608011,0.3147357511271927,314.7357511271928
case_00080,0.2303900202025801,0.3625473809881998,0.3121030160174884,0.0949595827917317,-1.1173071401656277e-06,5.306013384985488e-07,4.854833894776703e-07,13.78262424468994,21.25728416442871,6939.27260300554,0.3620504665959488,362.0504665959488
case_00081,0.5003896658147928,0.216271171075445,0.1305412104351611,0.1527979526746011,-2.1489336142980887e-06,3.417125499850516e-07,7.53537500818516e-07,22.537431716918945,32.218868255615234,3821.9905237265366,0.2607562484914986,260.75624849149864
case_00082,0.2024782651426945,0.1059443253211098,0.1637630451632014,0.5278143643729942,-1.717192736023603e-06,9.347776793983196e-07,-2.6896747046720795e-06,29.78091049194336,52.01420974731445,9093.579739892362,0.2429807783968408,242.9807783968408
case_00083,0.0639938401860014,0.544595232964631,0.2078723589879474,0.1835385678614201,-2.3669181215927936e-06,-1.7858113336760252e-08,-1.7337700187483076e-06,37.594688415527344,61.67113494873047,21834.469618561987,0.3915369778050012,391.5369778050013
case_00084,0.4964350910162169,0.3121619128259661,0.1649779382439921,0.0264250579138248,1.098417451140745e-06,-2.8076188974327507e-06,-2.554014765878519e-06,51.96533203125,78.97481536865234,5072.57081677278,0.2354073410014218,235.4073410014218
case_00085,0.3257090638355767,0.3088257780667676,0.0915691008732277,0.2738960572244281,9.64364358654909e-07,6.738677330423806e-07,-1.2665141051771293e-06,21.28345489501953,29.353347778320312,7188.909404657542,0.3695265486097449,369.5265486097449
case_00086,0.2017580353025977,0.3797216900315961,0.4001191382178347,0.0184011364479715,2.703638229479237e-06,1.2970432617385837e-06,7.646340460929059e-07,38.26411437988281,78.8868179321289,9846.064735468184,0.2665813454919388,266.5813454919388
case_00087,0.1146713519327191,0.2401791947585219,0.1708743093718275,0.4742751439369316,1.378070481883448e-06,-4.995056362556813e-07,3.971159059042513e-07,14.137533187866213,19.00592994689941,7876.364838055129,0.2798662986092378,279.8662986092378
case_00088,0.4565803767526968,0.0755404987573927,0.0310832081224979,0.4367959163674125,-2.687724967463212e-06,1.5437734324271576e-06,6.728989296803417e-07,42.32419967651367,46.053672790527344,5162.342517994568,0.2415853512602451,241.58535126024515
case_00089,0.0058637235313998,0.1923392527371251,0.6148186546000428,0.1869783691314323,2.3054710435737254e-06,-1.6379922039694764e-06,2.955076282673661e-07,21.25822257995605,26.404115676879883,4203.057775034941,0.2119568634529925,211.95686345299256
case_00090,0.1680293434276808,0.3525523437308238,0.2096365657529753,0.26978174708852,2.176050977674355e-06,-1.672340453602896e-06,-1.361827225944844e-06,31.77873420715332,40.19609069824219,11469.97326897779,0.4909936130813181,490.9936130813181
case_00091,0.3177225170373638,0.0546224866378102,0.3637291746050587,0.2639258217197669,-3.40078075363808e-07,-2.0314980738745565e-06,-1.532955015933449e-06,31.301204681396484,52.62491607666016,25520.547423216,0.3708570721585919,370.8570721585919
case_00092,0.5258169732800568,0.173467451002427,0.2563379662759534,0.0443776094415627,5.151783031675291e-07,-7.680314412650287e-07,-2.1776418987805123e-06,27.019813537597656,38.8298454284668,6448.998529871758,0.2265763965933729,226.5763965933729
case_00093,0.0581476965305029,0.6733977077080716,0.0432859754250391,0.2251686203363864,2.8564699948351134e-06,2.0820722123345013e-06,2.0944252494209527e-06,51.35961532592773,67.9007568359375,19833.493244725472,0.2960921955463969,296.0921955463969
case_00094,0.4774982037535545,0.0060335361463379,0.4316335127948484,0.084834747305259,1.938261830889977e-07,1.967472372894386e-06,6.988761512474668e-07,26.13998794555664,38.27608489990234,11601.524599910248,0.2427617287881891,242.7617287881892
case_00095,0.0285165736225922,0.2705739294261505,0.2248213174075342,0.4760881795437231,2.431930970256539e-06,-7.030547522189774e-07,-1.8809339249756408e-06,25.51477813720703,30.130062103271484,5103.528396564427,0.299467182109326,299.4671821093261
case_00096,0.3814790800288657,0.4672648224790471,0.0951573801122805,0.0560987173798064,-2.501767453138881e-06,5.347124158814195e-07,-1.936743721072563e-06,52.20404815673828,107.89463806152344,7229.370986374899,0.2903036068140654,290.3036068140654
case_00097,0.1689063464477052,0.1999755801206237,0.566404362669528,0.0647137107621429,-1.853688787747903e-06,1.324897898849494e-06,2.2382136091568203e-06,25.10205841064453,28.29483795166016,4809.427808809883,0.2144921598494236,214.49215984942367
case_00098,0.092126230127886,0.2966205419308859,0.0825203749756173,0.5287328529656107,-3.554703393520929e-07,-1.5527593522318625e-06,1.456385182579916e-06,16.270008087158203,18.951908111572266,3896.880164017167,0.2261585797472411,226.1585797472411
case_00099,0.3681698369186981,0.1055360655062079,0.2617488045236232,0.2645452930514707,5.085408500238283e-07,-1.9911534846315176e-06,9.56394479432228e-07,29.19783592224121,41.244667053222656,11704.005638303324,0.4071990248235941,407.1990248235941
case_00100,0.022246591918159,0.475938641690762,0.1438391239161938,0.3579756424748852,1.8973671111768017e-06,2.8325759592738664e-06,-5.588153547642012e-07,40.51853561401367,49.50668716430664,7098.732431466932,0.3033370585288384,303.33705852883844
case_00101,0.1225174862783888,0.7174382156789791,0.1565832486694181,0.0034610493732137,2.929572690859121e-06,7.053438792577109e-07,-1.4281466143288949e-06,32.820674896240234,41.83894729614258,6438.01874146409,0.2917030904248954,291.7030904248954
case_00102,0.4040792923910378,0.0164046894566032,0.0659188629655202,0.5135971551868387,-6.668910211553012e-07,2.888494331001983e-06,2.876704578676942e-06,46.5903549194336,69.99443817138672,10896.7372527384,0.2482988161179947,248.2988161179948
case_00103,0.55149319539785,0.1562096379110586,0.1832040672973422,0.1090930993937491,-2.7155061831594906e-06,-9.734640772066251e-07,1.7834374501368007e-06,31.65326881408692,50.96492385864258,3875.1171901539647,0.2234813067526098,223.48130675260984
case_00104,0.1065248224524078,0.1223224774784506,0.3426754047125317,0.4284772953566099,1.8070290197719487e-06,1.2181901998447891e-06,-1.1893246611823412e-06,24.90603446960449,31.978416442871094,12772.135823386308,0.3525116674340163,352.5116674340164
case_00105,0.4016160521303282,0.399217826090783,0.0244926955595091,0.1746734262193797,6.262843144968487e-07,-1.6643781807525737e-06,2.0853887776709685e-06,27.50910377502441,60.17092514038086,2620.730893057811,0.2819229310460227,281.9229310460227
case_00106,0.0163494385228915,0.2199336951715505,0.1606642626393823,0.6030526036661756,-1.80874284679079e-06,-1.4327989723565225e-06,1.5535916916880892e-06,19.749483108520508,24.992338180541992,4907.533168469532,0.213307669373011,213.30766937301107
case_00107,0.2015409459875966,0.0580600163601645,0.0719572274627525,0.6684418101894863,-3.102926027147919e-08,7.141272761774406e-08,-1.21751670073201e-06,10.2445068359375,13.661879539489746,6270.875461840382,0.1836913509884613,183.69135098846127
case_00108,0.4072208752850074,0.0450857171441063,0.0371548358109924,0.5105385717598937,1.453861473202346e-06,-1.0822912469515725e-06,-4.406828745501621e-07,22.599815368652344,26.56667900085449,5608.593161769338,0.2448061918022712,244.80619180227123
case_00109,0.0242868142495951,0.5546186260662855,0.3938170942641443,0.027277465419975,1.6224707224118626e-06,-1.994270616956493e-06,-1.88427932765384e-06,30.62516975402832,35.23632049560547,3654.523775898616,0.2331559978013909,233.15599780139087
case_00110,0.0166142766441142,0.8087433091576116,0.0878630283475514,0.0867793858507226,-2.289528007428146e-09,-1.422715788064044e-06,-2.333685333731344e-06,28.662250518798828,45.785621643066406,13351.99762276948,0.2679605467315973,267.96054673159733
case_00111,0.1628920971000754,0.2860243416460887,0.414991493492704,0.1360920677611319,-1.1687128192268451e-06,-2.785509633204812e-06,1.3365721970381807e-06,32.297584533691406,43.810848236083984,7845.067286503531,0.3052030366766118,305.2030366766118
case_00112,0.1640204520375091,0.0302986483076698,0.5216600115291337,0.2840208881256873,2.842455492230961e-06,1.2265417288649195e-06,-1.3949288558768004e-06,28.7800350189209,38.28265380859375,8088.805901353878,0.245852762154718,245.852762154718
case_00113,0.1485295135625934,0.6371958018733748,0.031716737902364,0.1825579466616678,9.801756657389571e-07,-4.730005748483029e-08,1.920356194477522e-06,28.56649208068848,40.457855224609375,14250.921823999675,0.3178348974421902,317.8348974421902
case_00114,0.0137869972139899,0.7635153171238597,0.0699703265780348,0.1527273590841154,-5.505748839222079e-07,-2.4345416015728464e-06,2.973652269086557e-06,32.347740173339844,44.726295471191406,3702.086032916772,0.2846022322777711,284.6022322777711
case_00115,0.0365707858574868,0.3064188891822131,0.4009065523464835,0.2561037726138166,-1.3172206547720856e-06,-1.969836041229053e-06,-2.540281116422108e-06,62.82313919067383,137.7633056640625,30278.82973001159,0.4230963473477757,423.09634734777575
case_00116,0.5359179087596925,0.0768836369231379,0.0550641995935245,0.3321342547236451,1.386617898021373e-06,-2.384792771324136e-06,-1.6178924949779845e-07,27.78458023071289,36.00748825073242,4131.831077043394,0.2173884824527066,217.3884824527066
case_00117,0.0357930303806047,0.4671201366250995,0.0017295218933768,0.4953573111009189,-1.546899326437394e-06,6.755568496552588e-07,1.8123753558648184e-06,20.354103088378903,26.20561790466309,3331.7214722925114,0.206882214185896,206.8822141858961
case_00118,0.0055364586518125,0.278300103605304,0.0941348901503402,0.6220285475925432,-1.969740066157871e-06,-2.4347378183250374e-06,1.7337053792474015e-06,26.464645385742188,39.87445068359375,4845.90963689133,0.1961244445165595,196.12444451655955
case_00119,0.0150087166936953,0.1580154299723807,0.6820121987905704,0.1449636545433535,1.7900333377242165e-07,1.5256939982112967e-06,1.559982949985811e-06,18.705358505249023,27.792068481445312,9846.60279807057,0.1844783069899135,184.4783069899136
case_00120,0.2628551814468287,0.3150944909386783,0.1605070324332996,0.2615432951811933,-1.260075644135149e-06,-2.876934484077653e-06,-9.060303881885344e-07,56.819705963134766,88.32061767578125,26461.71059109536,0.449305227375522,449.305227375522
case_00121,0.2459989654640957,0.648532803493336,0.0130342155192176,0.0924340155233506,7.734308695416904e-07,-1.5037452720246474e-06,-2.7688046588968616e-07,20.491010665893555,31.61040496826172,5664.547043943542,0.2937637793359146,293.7637793359146
case_00122,0.4424290552199837,0.3254414410730643,0.0895721585621234,0.1425573451448285,-2.292367950754599e-06,2.344000055351443e-06,5.698101440488213e-07,32.5180778503418,54.659950256347656,2835.3771969112872,0.2865757069927531,286.5757069927531
case_00123,0.2040290889812875,0.130883318221094,0.3912972576734442,0.2737903351241743,9.296466274039292e-07,1.3111879087334763e-06,2.8436435014395435e-06,40.92648696899414,62.4961166381836,26758.01722188187,0.3840487263685023,384.0487263685023
case_00124,0.0983881118075415,0.0090862744165303,0.4115162298263604,0.4810093839495677,-1.3002208320137868e-06,-2.5621900024458736e-06,-1.0347163743690429e-06,30.073945999145508,48.09127807617188,15537.646438469088,0.2446195939874939,244.6195939874939
case_00125,0.2981816435937159,0.1911960895057352,0.0921977117418523,0.4184245551586966,-2.998542393392924e-06,1.9267566269110787e-06,2.538863326301146e-06,36.56793212890625,55.3130989074707,6775.517481146494,0.2923237309827417,292.3237309827417
case_00126,0.2106787296820804,0.0323910298475925,0.4413684005573974,0.3155618399129295,-2.238383653954942e-06,-4.178927075877127e-08,-1.3838584909170351e-06,28.16957664489746,40.51798629760742,17262.42728648702,0.3015157015976424,301.5157015976424
case_00127,0.51783036013617,0.2239057396765612,0.1645023626302247,0.0937615375570439,2.601692267010564e-06,2.080698163012976e-06,2.9344467928422274e-06,59.29257583618164,83.0330810546875,13350.906860119518,0.2419017562505197,241.90175625051967
case_00128,0.5643642989998147,0.4203727186314445,0.0096756639219978,0.0055873184467433,2.2041278346921468e-06,6.044386467023605e-07,1.0215821209655509e-06,38.60515213012695,63.13697052001953,7450.455920066363,0.1954754086390731,195.4754086390732
case_00129,0.0708881705077524,0.249673975499071,0.6549740015640091,0.0244638524291675,-1.598345807782579e-06,1.0909981921971524e-06,-2.1893111784869426e-07,14.780619621276855,16.497331619262695,3473.4977410078272,0.1815698149639278,181.5698149639278
case_00130,0.13396943981629,0.0712355595362276,0.5205470903800593,0.274247910267423,1.6702314272729474e-06,2.9610093623742488e-06,6.803425683816293e-07,36.92204666137695,65.62712860107422,15144.931376786528,0.2552353870586302,255.23538705863024
case_00131,0.5505389556021062,0.1910719514225816,0.1618920083513142,0.0964970846239978,6.514295590438454e-07,-1.605986724455891e-06,-1.3648129857587592e-06,25.05117416381836,39.43053817749024,6417.7777846312565,0.2214733520066364,221.4733520066364
case_00132,0.0048733421671813,0.1680039832254223,0.140767209804165,0.6863554648032313,2.825428268699217e-06,7.436734485683299e-07,-1.3549568549312004e-06,24.207963943481445,30.89230155944824,4624.240460871627,0.1831153316471922,183.11533164719225
case_00133,0.5240530048944883,0.0745976904404406,0.1348381170937545,0.2665111875713167,-7.583660427956452e-07,-2.3807165965561e-07,-2.318672736939037e-06,28.85215759277344,44.71601867675781,11373.199889267007,0.2462908613720212,246.29086137202128
case_00134,0.649774027887637,0.0974443769573737,0.2053556399535976,0.0474259552013915,1.0887636751030273e-06,-2.763288282463852e-06,-2.3156982137676074e-06,35.51166534423828,61.605377197265625,5378.610250403004,0.1717855991108208,171.78559911082084
case_00135,0.5719470926787469,0.1730288515597163,0.0482041586248504,0.2068198971366864,-2.6187856654564887e-06,-2.91317615098281e-06,-9.13969551186532e-07,49.01396942138672,68.99620056152344,10659.991418991742,0.2030569589829607,203.0569589829608
case_00136,0.3646380436881389,0.1679577600681795,0.0456575249725578,0.4217466712711235,-6.225159191015646e-07,-2.284628533092848e-06,1.5771328673782305e-06,37.14433288574219,45.80215072631836,7077.568767168277,0.2825111198099947,282.5111198099948
case_00137,0.1511389374607412,0.3044558891348007,0.1510770993949974,0.3933280740094607,2.782905967129083e-06,8.945504432312889e-07,6.47827005588975e-07,33.091278076171875,50.91325378417969,14166.455557028148,0.327533927336377,327.533927336377
case_00138,0.1895400378941419,0.1943473912788753,0.4941258389612156,0.1219867318657672,2.338852467007233e-07,4.029785274803532e-07,-2.3844926380138752e-06,23.30298614501953,30.21956825256348,6832.30852343027,0.2553814201310647,255.3814201310647
case_00139,0.0564587665380654,0.0114594684614234,0.5521013069512138,0.3799804580492972,-1.2727229799909326e-06,3.205773669823645e-07,2.113419149855466e-06,21.17032623291016,29.29037475585937,6104.814521516462,0.221566650914025,221.56665091402505
case_00140,0.7523833232236143,0.1479732360381337,0.0905904390881419,0.0090530016501098,-2.278374221228359e-06,-2.80885942483044e-06,6.082057619403984e-07,38.137786865234375,51.08943939208984,5188.638573640822,0.144631560586485,144.63156058648505
case_00141,0.1801409494726718,0.3719756961235365,0.2078053592033281,0.2400779952004635,1.2211700410891827e-06,-1.8418202183995786e-07,2.7651334607086784e-06,44.93690872192383,68.64857482910156,25322.62669686629,0.4856634059374613,485.6634059374613
case_00142,0.466626823980762,0.0851850415647417,0.1435710445003458,0.3046170899541503,8.691362605783606e-07,2.547736907055171e-06,1.021112804467245e-06,37.67430877685547,62.19686126708984,16421.668013731156,0.2911960311456091,291.19603114560914
case_00143,0.0783373401801925,0.150925199527768,0.3075828043955289,0.4631546558965105,-7.563677183773524e-07,-6.144487841361202e-07,-1.948950817774914e-06,25.471309661865234,35.682037353515625,20782.4844031588,0.329270098308653,329.2700983086531
case_00144,0.0424559931302172,0.6970041893125786,0.1808128841545989,0.079726933402605,2.705648111195006e-06,7.495348187307379e-07,-1.5729982615306665e-07,31.36181259155273,45.02791213989258,12370.400515538371,0.3073286291753796,307.3286291753796
case_00145,0.1096429756517715,0.6981999197335532,0.1210435759809982,0.071113528633677,-2.866783122072898e-06,1.6789120537388617e-06,8.909855852832251e-07,28.161949157714844,35.98902130126953,4558.640078954172,0.3099856197988394,309.9856197988394
case_00146,0.6712348921000875,0.1836997821282337,0.0527732993437646,0.092292026427914,-1.1776568902090453e-06,1.7035516748513256e-06,-2.830411793700134e-06,32.11286926269531,55.56877899169922,2786.1355323004223,0.1664432225442612,166.4432225442612
case_00147,0.0928735441792817,0.1116772149467622,0.1013067121701209,0.6941425287038351,2.5264169177974886e-06,1.1568049437162829e-07,-2.910538415071153e-06,27.474288940429688,32.77888107299805,3214.383544593893,0.1781380377617186,178.13803776171866
case_00148,0.056736203232371,0.1198729320683985,0.6418370495092323,0.1815538151899982,-1.0743873700833575e-06,2.1477116724140176e-06,-2.2235819964085927e-06,22.77173614501953,27.176433563232425,4123.533410580048,0.198566442005602,198.566442005602
case_00149,0.712487597874403,0.122358175385381,0.1381584796684901,0.0269957470717258,-1.4864829968689777e-06,-6.517314398175184e-07,-1.4900133897271756e-06,24.39059257507324,43.551734924316406,9170.16523176399,0.1536247639639054,153.62476396390548
case_00150,0.231513725919898,0.4085461048802548,0.2437301110507018,0.1162100581491452,2.053224595874841e-07,2.3321592887087904e-06,-4.227052588759469e-07,37.514793395996094,87.22090911865234,11764.926548679416,0.4031060423211957,403.1060423211957
case_00151,0.0898831780781358,0.4318304557007124,0.1615736911577572,0.3167126750633944,1.942810499523228e-06,-1.5586370016267282e-06,-7.535715744126952e-08,25.94562530517578,49.00732421875,6736.707541822781,0.3755504128476652,375.5504128476652
case_00152,0.1989180829507778,0.3331732252959534,0.0113967083687988,0.45651198338447,-2.3811194347298336e-06,-1.318701558056574e-06,-2.171834346372619e-06,38.454437255859375,52.091190338134766,11281.65515246721,0.2424696626433203,242.4696626433203
case_00153,0.1740874966509254,0.0150201929211812,0.3641904615666143,0.4467018488612788,2.658124257874417e-06,-2.681276254805993e-06,1.0403494746949852e-06,35.003990173339844,41.782188415527344,7449.728237295552,0.2792699968967972,279.26999689679724
case_00154,0.0184953701488363,0.0951364916406187,0.4815668350496111,0.4048013031609339,1.7704372870869846e-06,1.7734910192536971e-06,5.768283701792088e-07,28.65599822998047,38.27715301513672,17936.34670456534,0.2821500936031429,282.150093603143
case_00155,0.1303945520286345,0.1501598646554883,0.2958366798547179,0.4236089034611592,-1.9124984666906885e-06,-4.976685826037664e-07,-1.2332154069530388e-06,28.751134872436523,42.976993560791016,25913.074404450515,0.3705771754364259,370.57717543642593
case_00156,0.2815437188092253,0.1345772211622236,0.1815240487434144,0.4023550112851366,1.2720477671889765e-06,-1.6253003165316055e-06,-2.918040699388248e-06,39.46181106567383,66.73289489746094,11720.423252011027,0.3274000636866455,327.40006368664547
case_00157,0.0097488685051826,0.0758918601258993,0.3259344320047174,0.5884248393642006,-6.902476641746572e-07,-1.609258334300522e-06,-2.5341125078802554e-06,29.838600158691406,42.056522369384766,13359.604710153057,0.2239559142380217,223.95591423802173
case_00158,0.3283740049197985,0.3479590020054934,0.0519335958674584,0.2717333972072497,-5.862319315420878e-07,2.408399647375399e-06,-6.498313469349635e-07,40.90306854248047,64.35166931152344,6178.852286614829,0.3385188595628338,338.51885956283377
case_00159,0.4166249275723165,0.1521071652127227,0.1718163216756534,0.2594515855393073,1.6997405546331982e-06,2.0034996027662213e-06,-2.0761538930058967e-06,37.25858688354492,48.882957458496094,8778.597442969747,0.3509316707197605,350.9316707197605
case_00160,0.0194337568806018,0.3725893017022914,0.2276962560155083,0.3802806854015985,2.776708847884393e-06,3.211853121431e-07,-7.39082363112175e-07,47.74095916748047,124.9927978515625,9404.64679970457,0.3797366942574522,379.73669425745226
case_00161,0.0291461234481992,0.5054247833488664,0.2057266898200079,0.2597024033829263,-2.2400647629168367e-06,6.966648024943264e-07,7.690956270621306e-07,24.81035804748535,34.17243576049805,6851.66821308311,0.4023839899074921,402.3839899074921
case_00162,0.5008819603865369,0.2220240189561013,0.0292580339785063,0.2478359866788553,-4.762185787270838e-07,-1.5404657669825386e-07,2.834245672757012e-07,5.703940391540527,6.843550682067871,3988.677899474329,0.2371232296025263,237.1232296025264
case_00163,0.2992637440715165,0.4632276908913615,0.1912998910919846,0.0462086739451374,-1.1435035149417865e-07,-6.500007427271469e-07,-1.6129447011756347e-06,41.854976654052734,94.33509826660156,10135.211515562269,0.3333468549141143,333.3468549141143
case_00164,0.125056863834983,0.1690275550665655,0.3890108633156628,0.3169047177827886,-7.421290982700146e-07,2.492861287309989e-06,-9.370650524474856e-07,28.835914611816406,37.949127197265625,11985.021931966045,0.418411119607171,418.41111960717103
case_00165,0.0740088322590538,0.7239700744923688,0.156494334706106,0.0455267585424714,-8.2086525770265e-07,-2.246323778878188e-06,6.841871906919036e-07,27.38632202148437,40.72182846069336,9194.935947282782,0.2952565618541332,295.2565618541332
case_00166,0.1469037371641186,0.2270256009544402,0.3863496400915834,0.2397210217898578,-2.686387994630421e-06,-4.893192617026325e-07,2.165130168260692e-06,37.90546798706055,61.18970489501953,10094.41899758122,0.4114420968726612,411.4420968726612
case_00167,0.06875606224033,0.1117475012733404,0.0633987646858035,0.7560976718005259,1.1132317233757391e-06,-9.326285520727478e-07,1.5192806324332631e-06,14.467199325561523,29.26539802551269,4608.578665471477,0.1619161972987938,161.9161972987938
case_00168,0.0155053351768136,0.1378221970716223,0.0979432646087508,0.7487292031428131,-3.82713497279728e-07,-1.1095678493109952e-08,3.204001610004896e-07,3.519345283508301,5.380634784698486,2943.516994010466,0.1643744206847734,164.3744206847734
case_00169,0.0194118270257382,0.0828664847654347,0.5699784194033981,0.327743268805429,-1.83123718413644e-06,-2.542087527289498e-07,-8.262420101010827e-07,19.77750396728516,27.409442901611328,12716.399338816278,0.2345554814122209,234.55548141222093
case_00170,0.5164840691003832,0.0906915178395293,0.0569794428334008,0.3358449702266866,1.8962010138124104e-06,1.1333718990648869e-07,-8.096923347491672e-07,23.68697166442871,28.73740577697754,5042.387364001938,0.2290143376081811,229.0143376081811
case_00171,0.5711743735182222,0.1753466961755986,0.1826905304255622,0.0707883998806169,1.815364488909768e-06,-2.160486136638036e-06,2.276503861586377e-06,32.551395416259766,57.66509246826172,3250.4908084363897,0.2069633436705818,206.96334367058185
case_00172,0.5601506461212126,0.0790439112329431,0.149282459023947,0.2115229836218972,-8.165023146663721e-08,7.88490090796624e-08,-2.7645385437567216e-06,29.348995208740234,44.57987976074219,6942.658829464546,0.2230310381126036,223.03103811260365
case_00173,0.3453866845647249,0.1353362384356475,0.0594668908440166,0.4598101861556107,-1.209296033113437e-06,-1.5454871166767348e-06,2.927895866521566e-06,35.342529296875,45.157657623291016,5893.514838968719,0.2643016069722679,264.3016069722679
case_00174,0.167369244501321,0.4277825682861408,0.0823985360773124,0.3224496511352259,8.285563547787145e-07,-1.8940119060708528e-06,9.86252465109374e-07,21.555082321166992,32.452667236328125,5722.144065859482,0.3313794649104837,331.37946491048376
case_00175,0.5557545652931268,0.0388855334899041,0.2998795414087109,0.105480359808258,-1.2710871853355815e-06,-2.6109946872828526e-06,1.0868261944343435e-06,30.335004806518555,39.01486206054688,6287.640188966643,0.2174452730919866,217.44527309198665
case_00176,0.0097488810480658,0.6851232125478719,0.0579418271630639,0.2471860792409984,-1.5839524180577278e-06,1.5759153525368457e-06,-2.772012976171547e-06,37.1046142578125,47.46833038330078,7045.470609063006,0.2879427388097088,287.9427388097088
case_00177,0.0779227054055367,0.3033616083176705,0.3786424341318998,0.240073252144893,1.38308792415796e-06,-4.353484748606403e-07,6.331756493476331e-07,21.60344123840332,30.21790313720703,18975.816130901,0.4432002336529159,443.2002336529159
case_00178,0.1500763662579492,0.1248779090999762,0.1009462867372367,0.6240994379048378,-2.758048561674296e-06,7.598620998705499e-07,-9.133163945731814e-08,23.61490821838379,39.107059478759766,5382.793923895539,0.1988301128308308,198.8301128308308
case_00179,0.2700927831581846,0.5100614646996251,0.0201897265739028,0.1996560255682872,-2.4313891737924363e-06,1.3655600598284602e-06,-2.3653265586355983e-06,52.83600997924805,534.5274047851562,5890.169210552371,0.3183135614018363,318.31356140183635
case_00180,0.6323073264558227,0.0453796655370535,0.0156163964281549,0.3066966115789689,-2.959270955858461e-06,1.0758999918813206e-06,-1.3324679353838457e-06,30.331499099731445,58.50006866455078,4744.671826007951,0.1691935120751097,169.19351207510968
case_00181,0.1926506073196887,0.4157903732718177,0.0339468821954202,0.3576121372130733,-2.082340881147443e-06,-1.769956854619062e-07,2.341886737281908e-06,27.53083229064941,41.70606231689453,5058.345854348851,0.2932770024277998,293.2770024277998
case_00182,0.09926622881253,0.0787832032653646,0.0791047708000136,0.7428457971220918,-2.586059947737244e-06,-6.726088262896211e-07,2.999304951957176e-07,21.660320281982425,31.77686309814453,6326.477120923643,0.1651167554696484,165.11675546964844
case_00183,0.2500343268338373,0.1691803110911872,0.1015620747262296,0.4792232873487458,2.974814206679512e-06,-7.442405421560179e-07,-5.195005489565477e-07,30.205041885375977,40.00391006469727,6392.166670602018,0.2587158419516508,258.7158419516509
case_00184,0.1535258816101294,0.5225485124663287,0.1781615280562356,0.145764077867306,-1.2671401802754625e-06,8.40292781580338e-07,-2.563907064955134e-06,39.00529479980469,68.59517669677734,14157.48777999791,0.3965893164638091,396.5893164638092
case_00185,0.2033136331371131,0.1173889972546733,0.4506361000143891,0.2286612695938242,-2.1043919239845163e-06,-3.123387034875952e-08,1.284729164413834e-06,23.06349754333496,33.68769836425781,7515.004278371004,0.304996156490663,304.99615649066305
case_00186,0.0689712810727423,0.5999013223416264,0.126417880606225,0.2047095159794061,-1.5540224520244924e-06,2.094793487931064e-06,1.2171049403761956e-06,31.32528686523437,46.32764434814453,7659.28576550652,0.3506213504408373,350.6213504408374
case_00187,0.3771144836468951,0.1557797333370504,0.0197851568057975,0.4473206262102568,2.616753429240808e-06,2.248211905960273e-06,6.842616418353812e-07,46.12449264526367,67.08258056640625,13772.224347720234,0.2664271994710357,266.4271994710357
case_00188,0.3160954570194667,0.1304676203073854,0.0479790492691512,0.5054578734039967,1.20961338146374e-07,-1.976637731960889e-06,6.157587732389526e-08,22.46589469909668,29.910398483276367,7929.59614041353,0.2403968043095982,240.39680430959825
case_00189,0.1750843120394122,0.1379314776853441,0.4058453817578012,0.2811388285174424,-8.110914221528587e-07,-2.182598090725646e-06,-3.972935867557637e-07,28.671241760253903,42.696659088134766,23782.2818359929,0.3775867629132786,377.5867629132786
case_00190,0.0752444791163537,0.1708814761506189,0.1306759629053075,0.6231980818277199,2.240348747455316e-06,7.82405556215997e-07,5.596265579279536e-07,21.785404205322266,39.95199966430664,10536.391189058935,0.2023430195177258,202.3430195177258
case_00191,0.0077360618691964,0.1913659061687808,0.3260253153370558,0.474872716624967,-6.300583767058053e-07,-1.1926455116263235e-06,-1.59962728962956e-06,26.13375663757324,40.559669494628906,24178.9031397172,0.342218364064506,342.2183640645061
case_00192,0.1013379143673022,0.4167542780392397,0.0283782464267205,0.4535295611667375,-9.899485802538254e-07,-2.8885756874094068e-06,2.6475543850658863e-06,33.03713607788086,39.9346809387207,3782.5002564258434,0.2331438283786881,233.1438283786881
case_00193,0.0567983066899313,0.2108659012618321,0.6646916533941978,0.0676441386540386,-1.7563048647015869e-06,2.3318560161777306e-06,5.327671750813773e-07,21.619430541992188,30.43680000305176,3555.5330754559177,0.1831356140183636,183.13561401836364
case_00194,0.0678216951083652,0.333659149440469,0.3315893014712698,0.266929853979896,-7.33219056543531e-07,-1.6385953965371505e-06,-1.1328453338737407e-06,30.62198257446289,49.798282623291016,41777.62592894434,0.4942144536233442,494.2144536233442
case_00195,0.4416701073045069,0.2918857373557765,0.1082104000322104,0.1582337553075062,-1.099893863898444e-06,2.5756839101148543e-06,-3.019208946890565e-07,27.931013107299805,41.89982604980469,3716.90004509256,0.2994752950577946,299.47529505779465
case_00196,0.0503630611078712,0.6008536692024635,0.2200502588202378,0.1287330108694274,1.0638237557888458e-06,1.304606705269522e-06,1.8341087332613537e-06,31.68576431274414,52.30763626098633,24240.50792715857,0.3453418492249092,345.3418492249092
case_00197,0.1344221968969376,0.6381287978834015,0.036097647498278,0.1913513577213827,-1.2625037719756371e-06,1.575920939468906e-06,-2.0303036356182155e-06,29.89297103881836,36.74531173706055,6824.778199253415,0.3174698147611041,317.4698147611041
case_00198,0.1892445814978876,0.2537626958173155,0.0049059509015648,0.5520867717832323,4.631984785353687e-07,-1.7912310252410375e-06,-1.2429862652384377e-06,20.62986946105957,27.98022651672364,7543.159723096553,0.2106587916980198,210.65879169801983
case_00199,0.3698573114741328,0.1144933885465065,0.1640125818416182,0.3516367181377425,-2.604647009808164e-06,-1.5948334462991224e-06,1.0770481364193325e-06,41.88957595825195,61.71208572387695,13863.046647418232,0.354481085674764,354.4810856747641
case_00200,0.3855814904149254,0.05195206861685,0.2695378876342006,0.292928553334024,-1.8522650598209137e-06,1.2760652294439472e-07,-1.1070647611066566e-06,27.07454872131348,41.36631393432617,24247.695696531468,0.3991388105200603,399.1388105200603
case_00201,0.0765756612012571,0.1850292068205715,0.3779253379949768,0.3604697939831943,-5.555683703319074e-07,-1.967400884100827e-06,1.7550100911687957e-06,29.02064323425293,32.976806640625,12611.316056482718,0.4334403566452147,433.4403566452147
case_00202,0.0889999364954757,0.0178454024358487,0.6220527670726909,0.2711018939959846,2.621695523452173e-06,-1.1674098439018064e-06,-2.217279076935835e-06,26.08543968200684,32.287052154541016,4360.941925234295,0.2013816351241991,201.3816351241991
case_00203,0.0244734292800979,0.4661962943345756,0.3748645280644109,0.1344657483209154,-7.364880857058274e-07,-1.0712251323131732e-06,1.5761170227276514e-06,16.026409149169922,18.77893829345703,3770.360854335239,0.2885633793675551,288.5633793675551
case_00204,0.4788504914038761,0.2725048379282007,0.0301414528725262,0.2185032177953967,9.844447271990049e-07,-2.042220400483416e-06,-2.5898897108966027e-06,42.647003173828125,63.88598251342773,5645.247278364055,0.2495279278109845,249.5279278109845
case_00205,0.638805870659726,0.0018264707897856,0.159607806553832,0.1997598519966564,-1.4694766654716112e-06,-1.7689029996290356e-06,-2.9244443239950315e-06,37.76707077026367,55.91962432861328,10952.079617257354,0.1836264474007127,183.62644740071272
case_00206,0.1859300290647682,0.6087480492540087,0.1025488824007296,0.1027730392804934,-2.23779854416061e-06,1.7313110520495393e-06,2.3893411129929727e-06,39.53747177124024,63.54130554199219,6822.385389749433,0.3403118211743898,340.3118211743899
case_00207,0.478356327849171,0.2152598987717436,0.0909791787472466,0.2154045946318386,-2.6487803995197e-06,-1.9968248727163897e-06,4.880353015937916e-07,43.4171142578125,60.318580627441406,9295.639155192246,0.272491628451299,272.491628451299
case_00208,0.0961714187363189,0.1229252172460507,0.4370145301191377,0.3438888338984925,-1.167519008743492e-06,-2.829255648936465e-06,-8.890386174791311e-07,39.4404411315918,59.1761474609375,22922.365289766007,0.3444818766872397,344.4818766872397
case_00209,0.5150508488677575,0.0940979083392093,0.181679141884812,0.2091721009082211,-2.054033839218552e-06,7.761296557736305e-07,-1.6044321782168977e-06,29.01611328125,50.36357116699219,9026.76701824952,0.2603992787588811,260.3992787588811
case_00210,0.002900413085178,0.2396890187872759,0.0431419031805008,0.7142686649470452,-1.955937311903255e-06,2.8558987163547e-06,7.013146995648969e-07,26.3056869506836,34.27021026611328,3385.5216862413954,0.1685972103626691,168.59721036266907
case_00211,0.0245580125053189,0.0817092017008146,0.013612593089962,0.8801201927039044,1.5645558503217003e-06,-1.0127171122612718e-06,5.401310122042913e-08,12.931999206542969,16.207902908325195,2634.542010648722,0.1381614841827928,138.16148418279283
case_00212,0.2281104669240777,0.2958923172926793,0.0227055389589973,0.4532916768242455,-2.9049715743307547e-06,-2.288065780822486e-06,2.949586653179911e-06,40.59851837158203,44.772762298583984,5224.63823455085,0.2508462819371287,250.8462819371287
case_00213,0.0795934842197167,0.771370100521606,0.0775617768739767,0.0714746383847005,3.468607544126065e-07,4.223239522051848e-07,2.8992959199224744e-06,32.42413711547852,70.4271011352539,12067.958340165727,0.2814199282409708,281.4199282409708
case_00214,0.0236253840365628,0.4053129162694247,0.5279363217925953,0.0431253779014171,-7.232317164392111e-07,2.438125266573877e-06,8.10147396849658e-07,25.514219284057617,30.517885208129883,5223.084579723904,0.2091457268086297,209.1457268086297
case_00215,0.4365650486563179,0.1764475541176148,0.2171593670765403,0.1698280301495267,3.929999945128336e-08,1.7043706789708724e-06,-3.427769633646569e-07,29.35548210144043,34.46756362915039,9228.04032520736,0.3319960489940958,331.9960489940958
case_00216,0.3009209682208389,0.4819473706543683,0.0991338614544741,0.1179977996703185,3.769814232876173e-07,7.350952104762961e-07,-5.315418519202736e-08,20.567296981811523,47.18434524536133,10615.26123975984,0.3396384464514977,339.63844645149777
case_00217,0.3482291104826581,0.5139830877788958,0.0822296067636939,0.0555581949747522,-1.1197938332563308e-06,-1.1096610203544037e-06,1.0948743974211715e-06,26.960962295532227,56.600860595703125,3802.955199523345,0.2951632629467445,295.16326294674457
case_00218,0.5889024014820773,0.2996273213204428,0.0146618733838632,0.0968084038136165,-1.2293468388942884e-06,2.512810396573196e-07,-2.390552734587712e-06,37.76234436035156,54.65403366088867,5616.474114476226,0.191106585888743,191.10658588874307
case_00219,0.4817380769833354,0.4116853494195926,0.0105135874404182,0.0960629861566538,1.400411096009434e-06,-2.452530952174468e-06,-1.029887557135691e-06,39.57308197021485,68.32976531982422,3255.9354171255145,0.2330383600485965,233.03836004859656
case_00220,0.1743584185959981,0.7394824978146729,0.0132097680884052,0.0729493155009237,2.227661928726943e-06,1.07367254568402e-06,-2.548366553978377e-06,29.836238861083984,39.63050079345703,4210.942863831708,0.2840282411736191,284.0282411736191
case_00221,0.513170863635589,0.062727230655053,0.3373363199077986,0.0867655858015593,-1.8445102052488328e-06,1.3505761133859051e-06,-2.5598354428984822e-06,17.01312828063965,27.47378730773925,3586.440267623862,0.2375937806137039,237.593780613704
case_00222,0.0290921045547402,0.0773880610187486,0.3558309369123654,0.5376888975141458,-2.4142874367891066e-06,2.790189737459513e-06,-1.8249645486345967e-06,32.602806091308594,47.17739486694336,6598.007049595659,0.248611164634035,248.61116463403505
case_00223,0.4909789941645591,0.1401410913569761,0.305365304379357,0.0635146100991077,2.386774838352156e-06,-1.4376158475295705e-06,-8.84804724406388e-08,32.63105392456055,45.20200347900391,4479.2220551628925,0.2509233549475802,250.92335494758024
case_00224,0.1277366541022117,0.8345335664150436,0.0048185408165072,0.0329112386662374,-9.006272181156083e-07,-2.889261485741864e-06,1.7086459269767357e-06,32.12590408325195,41.02216339111328,5080.17490162511,0.2586671642608394,258.6671642608394
case_00225,0.1745809346660813,0.0201440426001701,0.149974620933329,0.6553004018004196,3.079043439768851e-07,2.736507865629038e-07,-8.70246530047647e-08,3.533970355987549,5.423326015472412,7952.017937593332,0.1884861035333918,188.48610353339188
case_00226,0.1117158640647933,0.4556665572142027,0.3472212406260619,0.0853963380949422,-8.427411328799793e-07,1.2407430263808868e-06,-9.871403366347814e-07,19.061229705810547,31.68603706359864,4967.573741819475,0.2977553499824557,297.7553499824557
case_00227,0.151508099821457,0.2409085066601075,0.4501550090761685,0.1574283844422668,-2.245185981923692e-06,1.742444855297928e-06,-2.505882057979452e-06,32.24097442626953,42.92254638671875,7989.744783629463,0.2912568782591235,291.2568782591235
case_00228,0.3396380975009019,0.1827841440545321,0.278727565639601,0.198850192804965,5.359898696863682e-07,-1.8375664018511364e-06,3.017731390987775e-07,27.39971923828125,33.42472457885742,12077.312358372174,0.4135798587941319,413.5798587941319
case_00229,0.0710781217868447,0.6042592879115822,0.2939012285962278,0.0307613617053452,1.5084511061777784e-07,-1.429482785777858e-06,-1.3723884811009397e-06,46.69241714477539,74.4732666015625,10789.95682121316,0.2793389569587801,279.33895695878016
case_00230,0.309455441396333,0.1019545773754646,0.3431750282651596,0.2454149529630426,-1.7820386448528167e-06,7.554555160377794e-08,6.896050675028847e-07,22.51692008972168,41.31386184692383,12692.867801487258,0.3926849600133052,392.6849600133052
case_00231,0.3316959570201614,0.0136124533566608,0.1874250221799787,0.467266567443199,-2.88785732086333e-07,-1.0163951401799889e-06,2.86312643479451e-06,28.792137145996094,39.07910537719727,7451.374553703011,0.2736558365565401,273.6558365565401
case_00232,0.308505920451143,0.0916743839330437,0.046128295098985,0.5536914005168281,1.781685024093875e-06,2.16306891952467e-06,-2.332114071134699e-06,28.787282943725582,40.0867805480957,5220.218728203619,0.2214611825839335,221.46118258393352
case_00233,0.7686710319478185,0.137803249862894,0.0347983672024509,0.0587273509868366,5.42556618647348e-07,-1.5743907756767825e-07,-1.7272476076683606e-06,14.67848300933838,28.09147071838379,2659.8317580770945,0.1421124900869911,142.1124900869911
case_00234,0.0053647505601347,0.7100891096606862,0.0362086858558556,0.2483374539233236,-2.418496037598031e-06,1.7974718646120177e-06,-1.6143277140375165e-07,25.76193618774414,31.822359085083008,3994.121318853435,0.2765886674279316,276.5886674279316
case_00235,0.0810337285680225,0.2043888233156511,0.2666422231976562,0.4479352249186702,2.881289833748105e-07,4.837185628941224e-07,2.8116828920755773e-06,36.719085693359375,66.41059112548828,16777.47043708801,0.3492887986548731,349.2887986548732
case_00236,0.0858774201743463,0.0041068902947731,0.0546786813964562,0.8553370081344243,1.2164297957375214e-06,1.6385408497026722e-06,1.6308586576199733e-06,25.793102264404297,36.326171875,9651.465196232495,0.141873158107168,141.873158107168
case_00237,0.4148035671876954,0.18226910992824,0.1838195455885141,0.2191077772955505,1.756220434684508e-06,-1.003962080818057e-06,2.3893751589769808e-06,45.639644622802734,56.56550216674805,12446.656117452443,0.3567040335551548,356.70403355515487
case_00238,0.0524435772192257,0.6685818204050021,0.1475785233650813,0.131396079010691,7.747054718056008e-07,1.9884997315818672e-06,-9.977109091452427e-07,26.30803871154785,35.08924102783203,8239.869780828021,0.328779264926304,328.779264926304
case_00239,0.317968804337683,0.0209039614993754,0.0790283049786253,0.5820989291843162,-2.084051012755297e-06,-1.3525661066938706e-06,2.952230842671568e-06,30.18327713012696,38.233543395996094,4458.640958135896,0.214175754859149,214.1757548591491
case_00240,0.048411803725,0.5176812342941715,0.1576790034200014,0.2762279585608271,1.261039599540964e-06,2.765928480197447e-07,-2.383003103615056e-06,26.95206642150879,36.68541717529297,6365.254789039635,0.3676118927711601,367.61189277116006
case_00241,0.1418003826993558,0.1829670961413032,0.5284705732670528,0.1467619478922884,1.0640510764890983e-06,-1.7159573209567548e-06,-2.682162563723395e-06,28.467130661010746,39.32897567749024,8218.438934000462,0.2429564395514351,242.9564395514351
case_00242,0.156675595907732,0.1211866077213207,0.204302494505902,0.5178353018650453,-2.8534387023562007e-06,-1.4684087024283994e-07,2.1336157623241684e-06,29.43246841430664,50.63394165039063,5510.0856891938365,0.2560629078024253,256.06290780242534
case_00243,0.6953501330689786,0.127584357678117,0.0167020857116359,0.1603634235412683,-5.295139944585408e-07,-1.0909487429477812e-06,2.5635892212419178e-06,20.118444442749023,31.360979080200195,1849.5920475734952,0.1571822918673776,157.18229186737764
case_00244,0.3543681162934105,0.0206943673642264,0.2688571846234384,0.3560803317189246,-1.0022985182257602e-06,-1.3997794161767146e-06,-2.4564878547233893e-06,38.793888092041016,56.41194534301758,27671.901085633704,0.367400956110977,367.400956110977
case_00245,0.196412719931474,0.7114575145140292,0.0544191098024597,0.0377106557520368,1.0164723855218608e-06,2.801910108168225e-06,-2.319435439524951e-06,35.85740661621094,52.50154876708984,4943.1587115805605,0.291670638631021,291.67063863102106
case_00246,0.3498463557656502,0.1837446254790254,0.3131590103171315,0.1532500084381929,-1.7031851261344757e-06,-2.0395553670796163e-06,-2.800955053465357e-06,56.465599060058594,100.6609344482422,24628.268733936584,0.3806047797435902,380.6047797435903
case_00247,0.059112945864993,0.3572783817016988,0.3356927530132013,0.2479159194201067,5.452315378455509e-07,1.723955024744372e-06,-2.372954624143656e-06,31.91243553161621,39.47829818725586,9943.65817897387,0.469701179825531,469.7011798255311
case_00248,0.1811359447295789,0.5087378080226491,0.2553551389271513,0.0547711083206205,2.479235770885034e-06,2.9049897568992896e-06,-1.7434810991983148e-06,48.93825149536133,64.27195739746094,6631.329428039564,0.3333265725429428,333.32657254294287
case_00249,0.400053131820867,0.0236129500264759,0.481548424650059,0.094785493502598,1.7868142332516466e-06,-2.880591097559533e-06,2.820459713460006e-06,45.98931884765625,64.7836685180664,6928.583172654167,0.2648857392620056,264.88573926200564
case_00250,0.0468903486850609,0.1788005220910123,0.472531162544377,0.3017779666795497,2.5287464172991824e-06,1.1941644842525698e-06,1.0071613334380826e-06,36.36868667602539,51.273216247558594,21905.959770871366,0.3309697610128205,330.96976101282047
case_00251,0.2838100211095076,0.1857586958246516,0.2036076492407039,0.3268236338251368,2.87103580159614e-06,-1.4825291666622774e-06,1.6713181531112524e-06,44.80990982055664,65.6393814086914,15500.469978965088,0.4181717876273479,418.1717876273479
case_00252,0.0512467517059801,0.1199311723036219,0.0446051467760084,0.7842169292143895,-2.9359792379630234e-06,-2.7570730540301736e-06,1.656836422149133e-06,30.486534118652344,44.27724838256836,4954.115246070315,0.1552493818947385,155.24938189473855
case_00253,0.4278133638178716,0.0059681123557926,0.1814140706040091,0.3848044532223267,7.364476582648652e-07,-5.82662526260215e-07,2.1044249867528765e-07,11.03891372680664,14.561583518981934,8738.660419699745,0.3110768113678634,311.0768113678634
case_00254,0.0561982245852298,0.2368116743842181,0.697244644974248,0.0097454560563041,-5.229636134465612e-07,2.61130686102525e-06,1.7849338662781032e-06,26.425838470458984,41.41831207275391,6694.908028665581,0.1703820590257566,170.3820590257566
case_00255,0.1557939157312688,0.0459916408481201,0.3365359819153857,0.4616784615052253,2.15912694201073e-06,-2.929409433798014e-06,5.74845194339818e-07,33.10126495361328,41.65464019775391,7315.77390842934,0.2862430761055413,286.2430761055413
case_00256,0.391625982272778,0.0871998906445738,0.2686838494552362,0.2524902776274119,-1.48911178794521e-06,5.273141515786902e-07,-1.1127234143798544e-06,26.914520263671875,37.15484619140625,17914.795196663046,0.3916911238259042,391.6911238259042
case_00257,0.1241948893873811,0.5705310241272495,0.0121854542782187,0.2930886322071504,2.886176934690457e-06,8.378871571945771e-09,3.666606526104044e-07,34.6726188659668,44.03389358520508,6340.008716701133,0.2849003831339914,284.9003831339914
case_00258,0.1573032574760104,0.0773213787296016,0.0481914970067296,0.7171838667876582,6.822478172624838e-07,2.2403049862262853e-06,2.010515168070809e-07,20.902467727661133,30.541488647460938,8128.697351685968,0.1702441389017907,170.24413890179073
case_00259,0.1930121520794555,0.5995579433713836,0.0314106954470517,0.1760192091021092,1.7612244133729856e-06,-2.495989712876246e-06,1.940718322555924e-06,34.09011459350586,50.47712326049805,5731.350384082832,0.3234328318855101,323.4328318855101
case_00260,0.2092030374218985,0.421980900606253,0.103554145772046,0.2652619161998025,-2.4864026830633904e-06,1.0891561793199024e-06,2.890363304289954e-06,41.40098571777344,51.954532623291016,6950.109698483294,0.3797285813089837,379.7285813089837
case_00261,0.6352656557266902,0.2799140109453497,0.0775929650690543,0.0072273682589056,-1.8992526914468097e-06,1.0806581905996636e-06,-5.337446074744166e-07,22.794902801513672,31.689281463623047,2477.9938861417268,0.1751443597768127,175.1443597768128
case_00262,0.4171822734337987,0.0043944269987819,0.4245563235134268,0.1538669760539924,1.5504220382052193e-06,1.0144801011736993e-06,1.580344070648158e-06,28.95385360717773,46.8712158203125,19183.769058926428,0.2934311484487028,293.4311484487028
case_00263,0.2540064223360581,0.1455568640395147,0.5612300438009774,0.0392066698234497,-2.8680808677640583e-06,2.6540069696102217e-06,-2.4014219757711987e-06,35.487144470214844,43.21187210083008,5269.149975843291,0.215477883088356,215.4778830883561
case_00264,0.4034343137266395,0.1422857033170571,0.1809367538212566,0.2733432291350468,1.9012679153626968e-06,1.938525174041283e-06,1.6609882166897316e-06,43.35459899902344,78.54782104492188,24547.88533229201,0.3650644269520261,365.0644269520261
case_00265,0.2519258654545199,0.5041645397289186,0.1780476429114459,0.0658619519051155,-2.916305887848532e-06,-2.748163642538964e-06,-7.714985280406071e-07,73.98343658447266,127.95774841308594,17799.30864097064,0.3528219877129395,352.8219877129395
case_00266,0.2404930676048577,0.5881078295361988,0.1199363205618501,0.0514627822970932,9.427130343676402e-07,-1.735028957729211e-07,-2.76365902266188e-06,37.09516525268555,59.85087585449219,7199.7837738060925,0.3229582244000982,322.9582244000982
case_00267,0.3141448943680108,0.2429039192685496,0.252090105690154,0.1908610806732854,-8.094364786091647e-07,-6.122816627919993e-07,-8.205229286269367e-07,19.805498123168945,29.727014541625977,30785.0876789686,0.4338419475944093,433.84194759440936
case_00268,0.0085679898018,0.0035932949259428,0.8766226831407847,0.1112160321314722,6.689691163151946e-07,-1.1391166734551875e-06,6.638565055298689e-07,9.284835815429688,10.38461971282959,2477.071310302392,0.1388551412768564,138.8551412768564
case_00269,0.0997087993173893,0.2340056065498039,0.0506162152459238,0.6156693788868828,1.176188441934682e-06,-2.919796490754161e-07,-2.2844989939112007e-06,20.559904098510746,32.24016571044922,4225.425112367284,0.1956863452992562,195.68634529925623
case_00270,0.359717912663818,0.0218301452359371,0.1259892066739976,0.4924627354262472,-9.451486848821748e-07,-6.948348904441352e-07,2.544206954581528e-06,26.46727180480957,41.47822189331055,6291.736089232904,0.256659209514866,256.659209514866
case_00271,0.6215377932690272,0.1352280002436875,0.2040039127892286,0.0392302936980564,-2.352225311334987e-06,-4.059966007280079e-07,-2.5339655203629685e-06,39.3870849609375,66.4813461303711,9290.285581708284,0.1807341812716641,180.7341812716641
case_00272,0.5312905143936262,0.0296050248068911,0.321284195027826,0.1178202657716565,-2.5821247935104062e-06,2.8755711936518546e-06,2.580040318998997e-06,42.9188232421875,58.05723190307617,5519.931751346751,0.2338537113696888,233.8537113696888
case_00273,0.4432792423304179,0.3405049083564976,0.1242151999667199,0.0920006493463646,5.336161353752869e-07,-2.468202151502516e-06,1.2428251076141191e-06,25.98724937438965,38.34130859375,2842.024177157077,0.282669322305132,282.669322305132
case_00274,0.1038444463029702,0.0860212096167292,0.6304589520145347,0.1796753920657657,1.239321224046692e-07,2.5333852190323787e-06,-1.0217269475147785e-06,21.777400970458984,33.655704498291016,5006.854544851818,0.2006068485454497,200.6068485454497
case_00275,0.0071643101829926,0.4180874809217347,0.2587968528964924,0.3159513559987802,1.453206054726795e-06,-1.185797191738398e-07,-6.554979137454405e-07,17.949373245239258,25.818017959594727,9459.090314516729,0.4415573615880285,441.5573615880285
case_00276,0.7139574129370664,0.0258311814768907,0.0682285151641399,0.1919828904219029,5.8413060023623e-08,7.424534729972469e-07,1.444856188396465e-06,14.80347728729248,24.484413146972656,7056.980148432996,0.1542940822125633,154.2940822125633
case_00277,0.3604111080655779,0.0505790834076064,0.5120814532176857,0.0769283553091299,-4.653252598147253e-07,1.9810977997061635e-06,6.088266052872444e-07,24.545318603515625,38.25592422485352,9034.28877136374,0.2440435746462247,244.0435746462248
case_00278,0.0908179871768324,0.2759916979104251,0.3221669225595094,0.3110233923532331,-6.11476930582615e-07,-8.372218251044668e-07,1.0298575287296716e-06,15.494399070739746,18.783689498901367,14377.574189993527,0.5045828017661889,504.5828017661889
case_00279,0.0363063316423422,0.7943933035553431,0.1168139399987971,0.0524864248035174,-2.841318584413996e-06,-4.174685514721986e-07,-6.650123009191198e-07,30.63072395324707,46.51621627807617,12990.574234528169,0.2727674686992307,272.7674686992307
case_00280,0.2453242190829762,0.3480716998578211,0.2213575836933632,0.1852464973658392,-9.866567898200571e-07,-5.428891183277162e-07,-7.311910915440601e-08,17.732221603393555,28.437145233154297,27366.946666081723,0.4737130328432436,473.7130328432437
case_00281,0.4291671575060838,0.3225727336711366,0.0366756074460398,0.2115845013767394,2.856120945146965e-06,-7.51613864785441e-07,2.9392049042273603e-06,58.55349349975586,109.77635192871094,6196.6737142947895,0.2808966430647474,280.8966430647474
case_00282,0.1703564651978953,0.1098803338804618,0.4695387649557569,0.2502244359658859,2.2413334573625324e-06,2.5531759298813698e-06,-1.7164627770016938e-06,35.81233215332031,61.13390350341797,9804.619240459971,0.2945913000797097,294.5913000797097
case_00283,0.0541073131471401,0.1592093526677785,0.7359911078979006,0.0506922262871807,-1.023731597794694e-06,1.973579347158072e-06,-4.928628808672114e-07,16.208112716674805,20.15224838256836,2985.532830392286,0.1654291039856887,165.42910398568876
case_00284,0.4600563450164461,0.165044498599248,0.1581789261590661,0.2167202302252398,5.267724303982329e-07,-2.346000060822144e-06,-1.249060874556196e-06,38.87605285644531,54.77790451049805,11145.152335887404,0.3064848825346473,306.48488253464734
case_00285,0.4209826929646778,0.1033431081371499,0.2740033021970451,0.201670896701127,2.083780473212964e-06,-2.351259885137424e-06,1.5906690626390987e-06,38.31864547729492,47.53042984008789,9138.71780548794,0.3522946460624819,352.2946460624819
case_00286,0.061025359565381,0.4142856812818786,0.3136543703611873,0.211034588791553,-3.523539794995879e-07,-4.3278291088205306e-07,1.5840757539943246e-06,19.20479202270508,29.57578086853028,9867.553451186212,0.4295177460606564,429.51774606065646
case_00287,0.272860203031458,0.2898855547968282,0.1768699090004971,0.2603843331712167,-2.8922528174990943e-06,-2.408055739603146e-06,-1.2453272340156249e-06,64.90206909179688,103.7104949951172,30425.785097939603,0.4509480994404093,450.94809944040935
case_00288,0.2545622202368581,0.2427014603379327,0.2052408570551835,0.2974954623700256,-2.55293722908816e-06,7.145585716267181e-07,-2.5116581002021026e-06,50.02376556396485,83.2015151977539,22270.45189753433,0.4522340017726792,452.2340017726793
case_00289,0.0393880802607782,0.4852506745530097,0.4685910311245314,0.0067702140616806,6.235632809223977e-08,-2.1378503564295967e-06,-2.931403939966776e-06,40.20004653930664,45.77899932861328,6179.137514869952,0.2129912643827364,212.9912643827365
case_00290,0.4782287689419597,0.0377526442071725,0.1116859336972183,0.3723326531536494,2.8166362540552705e-06,1.3423958380080616e-07,-4.35296800545087e-07,37.96774673461914,47.27241516113281,8560.210808595613,0.2618555530089911,261.85555300899114
case_00291,0.040090121540956,0.3896886624197941,0.4082225315912997,0.1619986844479502,1.1592572533132064e-06,-2.9566803179776934e-06,-5.379744339853747e-07,30.420297622680664,46.64833450317383,5949.4949142619735,0.2964613347017173,296.4613347017173
case_00292,0.0012139152351768,0.0641083931458797,0.1818176845142768,0.7528600071046665,-2.574502851368583e-06,-1.1004219095241197e-06,2.930339271839178e-06,27.47089195251465,34.83272171020508,3133.938016417277,0.1653723133464087,165.3723133464087
case_00293,0.3242318230904154,0.0976232457012132,0.3261696804941544,0.2519752507142168,-1.8638347452488235e-06,1.063144342035933e-06,-1.811875458139221e-07,25.74044418334961,35.692047119140625,12828.144781278856,0.4021771097215433,402.1771097215433
case_00294,0.3944018828561504,0.0294863570215589,0.3730281408685359,0.2030836192537546,1.6279388593011005e-06,-9.576635863290953e-08,-1.4614897825474762e-06,22.75653076171875,34.88958740234375,9446.81932038572,0.343561057036056,343.561057036056
case_00295,0.4451884360951822,0.0564964179201277,0.1352280109911182,0.363087134993572,2.0486385597374684e-06,2.869616915993929e-06,2.3473766461888044e-06,52.47349548339844,91.09380340576172,19082.1124999608,0.293195872943114,293.19587294311407
case_00296,0.0263079380416997,0.6733706357022157,0.283233866305568,0.0170875599505166,7.06167517131545e-07,2.2446227763972645e-06,-5.35923020785293e-08,29.175886154174805,37.9489631652832,10325.905620923637,0.2672303813694251,267.2303813694251
case_00297,0.1414080548957892,0.4864005353869142,0.0275373306150394,0.3446540791022571,8.665390177788998e-07,-8.455753257410926e-07,5.950538112634669e-07,12.296221733093262,19.596885681152344,4848.211285037782,0.2790387778654427,279.0387778654427
case_00298,0.1215060410112811,0.2776654134564956,0.0134027730111957,0.5874257725210275,-2.829975297699692e-06,-2.7270807511663525e-06,-2.425987737430724e-06,42.901397705078125,55.787296295166016,11521.822276221465,0.1986678538614592,198.66785386145924
case_00299,0.4209265615434906,0.4023327250396646,0.1605815703584622,0.0161591430583824,1.971181557489051e-06,2.073757800690113e-06,-7.025015560213556e-07,42.124813079833984,100.55193328857422,4665.563690754238,0.2670356706061792,267.0356706061792
case_00300,0.7641470651382879,0.0133972604509001,0.0120398543562147,0.2104158200545971,1.7296512490249775e-06,2.4674058618880288e-06,2.6653420468427207e-06,40.84932327270508,65.55455017089844,8950.17462773096,0.1399341634231774,139.93416342317747
case_00301,0.172753581427497,0.3790110967726924,0.2961581219124117,0.1520771998873988,-1.445789135379917e-06,1.923764360514221e-06,5.370323050525523e-07,27.35512924194336,68.0173568725586,8799.544604926712,0.4165654238305691,416.5654238305692
case_00302,0.0436317900569249,0.7986228721415796,0.0758072865730091,0.0819380512284862,1.2520603197930422e-06,-2.2323003544814108e-06,-9.3298886914523e-07,27.0468978881836,36.31871032714844,6123.720380847851,0.2708568693348802,270.8568693348802
case_00303,0.0559225789080815,0.4957057556305433,0.370298822982976,0.0780728424783991,-1.7108723614500117e-06,2.9874908064737266e-06,7.540030837895585e-07,32.777957916259766,46.00728225708008,4075.278121538912,0.266557006646533,266.557006646533
case_00304,0.0329531278137456,0.4373391207712608,0.4073650960918512,0.1223426553231422,-2.7580190336909222e-06,-1.448494670683357e-06,2.462466537468697e-06,35.09394836425781,42.45452499389648,4245.563093506269,0.2711245966343433,271.12459663434333
case_00305,0.4552479464375874,0.0247426263540308,0.0855489093209756,0.4344605178874062,-1.7931807444577365e-06,1.3452294768502204e-06,-1.3560563971644596e-06,28.073013305664062,37.87735366821289,7458.585653070908,0.2543389062528522,254.3389062528522
case_00306,0.2278038441375673,0.4259112182738035,0.2121359840248054,0.1341489535638238,-1.928226739474203e-06,2.4482092580143293e-06,3.0700310824046633e-08,32.52814483642578,43.14688491821289,8330.539132909413,0.418382724287531,418.382724287531
case_00307,0.5767917690273666,0.073464045370382,0.3132837578214736,0.0364604277807777,-9.735120195909166e-07,-1.5858773140157434e-06,2.7521439234705324e-06,28.479782104492188,47.26798248291016,2768.2737018457115,0.1935161315839112,193.5161315839112
case_00308,0.13421943495085,0.0177135594430812,0.5906167579743157,0.2574502476317531,-4.893030169472514e-07,2.4495513280623965e-06,-1.965623140209284e-06,23.919086456298828,29.49156951904297,4508.916664882219,0.2123381720310158,212.3381720310158
case_00309,0.3175051814011765,0.1018681773890208,0.5480117898299864,0.032614851379816,5.123334898624736e-08,-1.1431105248307985e-06,1.317983553580269e-06,14.997246742248535,17.250953674316406,4672.9433237911735,0.2230066992671979,223.006699267198
case_00310,0.2956532622987327,0.2183187486699932,0.2146647149937424,0.2713632740375317,-1.3947674695003113e-07,2.858479334304337e-06,6.86886049217894e-07,45.06759262084961,61.35820007324219,21237.55317224439,0.4441575615722082,444.1575615722082
case_00311,0.5528228894815709,0.3800683137242309,0.0543379100305956,0.0127708867636024,-1.3759523642082638e-06,-1.3124398777171526e-06,1.078050786843809e-06,29.088228225708008,57.36259841918945,3194.052798028225,0.202878474116652,202.87847411665203
case_00312,0.4415461650978481,0.166913990496493,0.2771906883525776,0.1143491560530811,-2.824975988555553e-06,2.7206149485470108e-06,-8.926822159945822e-07,48.57632064819336,57.49746322631836,5905.972100465199,0.308006060372506,308.00606037250606
case_00313,0.0630784795669929,0.0676102649163706,0.5848770106855372,0.2844342448310993,6.306097334229041e-07,-2.6787320946439505e-06,-1.1167237590974104e-06,26.38332176208496,37.459991455078125,8765.49840548966,0.2225158658848488,222.5158658848489
case_00314,0.1217067103184107,0.3678810983136047,0.0360895457184036,0.4743226456495809,-6.255310209158739e-07,1.2556320700188778e-06,1.1052580235302224e-06,18.209793090820312,23.16969871520996,6064.417269007251,0.2333142002965282,233.31420029652827
case_00315,0.1084345862749745,0.5527776122422364,0.1285950099971541,0.210192791485635,-1.2079670556747015e-06,1.9266680302202226e-07,-1.706740289372728e-06,27.76092529296875,43.65869903564453,17889.7255557783,0.3732057707402457,373.20577074024567
case_00316,0.0094331625873051,0.0606936618631481,0.4022229409799445,0.5276502345696023,2.2016462569830744e-06,-1.3273753726361626e-07,-4.820715308459694e-07,20.41786003112793,26.45662879943848,8001.327596968314,0.2445587468739795,244.5587468739796
case_00317,0.2075262261283358,0.0780955570902388,0.2689097699264439,0.4454684468549814,1.4804598467889583e-06,-1.65903411446496e-06,-1.870952123682492e-06,26.0579833984375,42.78839111328125,10054.67566773629,0.3098030784582964,309.8030784582964
case_00318,0.6524531737016663,0.0174273475270532,0.2823301758416325,0.0477893029296478,2.146593290234653e-06,1.2335747386589518e-06,-2.950170953260021e-06,26.103513717651367,39.10091400146485,2074.068653066653,0.1673437598242735,167.34375982427355
case_00319,0.050952909119159,0.793750215682417,0.0282643471451642,0.1270325280532598,-3.0103231725234175e-08,-1.8551430513221567e-06,2.820344160228417e-06,28.85003662109375,34.59562683105469,3938.538689050781,0.2722157882033673,272.21578820336725
case_00320,0.3203836889980408,0.403406522243068,0.2729422336881326,0.0032675550707585,-2.214412487239335e-06,3.170507759086095e-07,-4.0978212806148564e-07,36.50300598144531,59.766334533691406,6219.677633511273,0.3073164597526767,307.31645975267674
case_00321,0.2397914612115391,0.4424461572442426,0.0558016501860106,0.2619607313582076,1.1773286167276343e-06,-1.4805278217584952e-06,2.816097686518952e-06,43.177371978759766,55.2974853515625,6826.343639942441,0.3427335362922608,342.73353629226085
case_00322,0.0442145783681284,0.1071589266050808,0.662181844293639,0.1864446507331517,-1.7635573203769486e-06,2.7337282786881364e-06,-2.158058881393044e-06,26.132539749145508,33.705116271972656,3894.446974579093,0.1922140033547042,192.2140033547042
case_00323,0.2181038125901507,0.3042744714859123,0.4195144532903632,0.0581072626335737,-3.5262198544969936e-07,-2.828212836986083e-06,5.242006767449163e-07,32.29668426513672,48.1760139465332,7573.038295828909,0.2755461535497192,275.5461535497192
case_00324,0.0724130030725175,0.0436327387690552,0.3997047053353147,0.4842495528231124,-2.609995266306669e-06,-1.8016303193325807e-06,-1.7941558032525626e-06,37.40674209594727,55.23564910888672,17634.572637348054,0.2579207730017301,257.9207730017301
case_00325,0.0088735547620725,0.7609028342246335,0.014755410779068,0.215468200234226,1.9518504145378945e-06,-1.5461363616753135e-06,1.7404447617796485e-06,29.844532012939453,38.651554107666016,5951.8845229152885,0.2703579230040626,270.35792300406257
case_00326,0.200672020412126,0.3328231773832942,0.2035045913359793,0.2630002108686002,-2.2443561537149963e-06,-5.155930453931015e-07,1.7022179325658517e-06,33.70692443847656,47.23405456542969,12189.416772379604,0.4865030961039593,486.5030961039593
case_00327,0.0934666084727302,0.3801151344364886,0.0188217731761437,0.5075964839146372,2.418585042295858e-06,-1.603618548779679e-06,-2.324357105764129e-06,30.608491897583008,37.783817291259766,3832.043060945605,0.2161309754400767,216.13097544007675
case_00328,0.1922016065631349,0.4119197124948507,0.1458916002079988,0.2499870807340154,2.1853836135693425e-06,-5.190545838728843e-08,2.472386717258335e-06,55.58983612060547,99.9023208618164,21774.41424816253,0.4271528215820655,427.1528215820656
case_00329,0.3381828463560628,0.5951193144586847,0.0385309214019208,0.0281669177833317,-2.125034133645237e-07,2.2347931395512338e-06,-1.832222116780652e-06,28.275388717651367,47.95505905151367,2544.167702920841,0.274507696145741,274.507696145741
case_00330,0.1028684137110243,0.0629950708647535,0.7444508879498655,0.0896856274743567,1.466209225823944e-06,1.2723805284550248e-06,6.778640495361619e-07,19.423866271972656,27.578100204467773,10662.47313370568,0.1649463835518082,164.94638355180828
case_00331,0.6317203632152572,0.0696880152348195,0.0341019673311765,0.2644896542187469,7.166704429089197e-07,4.797718832106662e-07,2.913801720526225e-06,31.02420997619629,54.663673400878906,7719.26178845983,0.1741829753832861,174.1829753832861
case_00332,0.2795751069942081,0.1793272013861812,0.2107830073332587,0.330314684286352,1.818453854026469e-06,-2.465980932103922e-06,2.2943792085981827e-06,40.5672607421875,52.96345520019531,11931.736365423782,0.4183786678132967,418.3786678132967
case_00333,0.0244693408289758,0.5291468921218553,0.3472503583746817,0.0991334086744872,-4.091693952845276e-07,1.163952650335654e-06,2.7393835713670145e-06,50.89488220214844,124.23672485351562,6504.666350217041,0.2804098661566326,280.40986615663263
case_00334,0.1515342020251307,0.776250194594692,0.0510198324373689,0.0211957709428079,1.7148509054660998e-06,-2.001514294134361e-06,-9.444073726912834e-07,25.2760009765625,37.69484329223633,4716.767101928109,0.2756070006632335,275.6070006632335
case_00335,0.0701959421533484,0.146304263592972,0.4775124800460389,0.3059873142076405,-2.252590976091125e-07,1.718204315770188e-06,-2.36654614668322e-06,26.22872734069824,31.63888359069824,8107.408268151645,0.3140948281981749,314.094828198175
case_00336,0.4848322531041512,0.1979430279128935,0.1516236275508727,0.1656010914320825,2.6457947270567632e-06,-1.499659448939081e-06,-1.8699187602632995e-06,32.86469268798828,51.8222770690918,3734.091989138974,0.2786331304420137,278.63313044201374
case_00337,0.6005285327993172,0.0055946116660146,0.2757475119766013,0.1181293435580668,-8.176739504911458e-08,-4.977076300745947e-07,2.969370459682951e-09,5.007826328277588,6.495429992675781,6943.208071162798,0.1962258563724168,196.2258563724168
case_00338,0.1254285606171938,0.2806687807487997,0.1448691435010652,0.4490335151329411,-2.242843683976229e-07,-8.971787860924325e-07,1.759378069639933e-06,17.946264266967773,22.503480911254883,5224.562496456999,0.2842837990503793,284.28379905037934
case_00339,0.5662544261268904,0.1342799573880568,0.0794619301541736,0.2200036863308792,1.7104311693810764e-06,2.152883488049141e-06,-2.0990781348967487e-06,29.127635955810547,45.73959732055664,3527.571076536863,0.2103707820273852,210.37078202738527
case_00340,0.5241221524693246,0.0509278942968249,0.2099931185291675,0.214956834704683,1.929466150565028e-06,-2.240733247719551e-06,9.583891935645425e-07,28.5799560546875,31.83161354064941,4505.513190973178,0.2559655524208024,255.9655524208024
case_00341,0.2581245287196379,0.0275658049772162,0.2458595235939374,0.4684501427092084,3.269346859270248e-07,3.938692943087316e-07,-1.058534375762929e-06,10.589533805847168,14.742061614990234,6844.045707396271,0.2785073797407507,278.5073797407508
case_00342,0.0469003411334727,0.0642205870585652,0.8416049540351265,0.0472741177728355,-1.921213119029548e-06,-2.1476303433416262e-06,-9.527875656470792e-07,28.02145004272461,39.88277053833008,9288.143435749504,0.1448627796178395,144.86277961783955
case_00343,0.3904641562450397,0.1373604878167562,0.0575520168939388,0.4146233390442651,-1.934506142545229e-07,1.22877501679312e-06,9.715063809475578e-07,21.06209945678711,27.8952751159668,12336.194485202452,0.2881171672017832,288.1171672017832
case_00344,0.2218490856715429,0.2722513545836996,0.1675488658237642,0.3383506939209931,2.8084350174580707e-06,2.430468766766887e-06,-1.980034828006789e-07,54.15106964111328,75.6939468383789,20845.796457773897,0.4144520007545042,414.4520007545042
case_00345,0.0400319284051982,0.1112173810446572,0.7818087691197844,0.0669419214303601,1.517917158235111e-06,-3.923540767964796e-07,1.8721997581559631e-06,19.40739822387696,25.64784812927246,6698.192556364229,0.1565738207322341,156.57382073223417
case_00346,0.3462912563909464,0.1273825506178978,0.4808991891243151,0.0454270038668405,1.866975623274793e-06,-7.144643841014475e-08,-2.064488942023038e-06,25.4385929107666,30.529693603515625,5583.603345000405,0.2525946223321076,252.5946223321076
case_00347,0.78648566621142,0.1358699969913994,0.0604934640099536,0.0171508727872266,-2.80304700708456e-06,2.5645370188965734e-06,1.739689618602231e-06,29.80333709716797,51.06917572021485,1541.415495996506,0.1384373244307245,138.43732443072454
case_00348,0.0600911083335435,0.236923331407041,0.1327500666807935,0.5702354935786218,-1.9284322419504053e-07,1.259483318961427e-07,-2.614588511655475e-06,23.44425201416016,34.47160339355469,7249.3497499902,0.2214327872642935,221.4327872642935
case_00349,0.1856296976538605,0.0941751482503073,0.3161789665190496,0.4040161875767826,8.797268019453323e-07,-7.440937170263446e-08,-1.83567671852637e-06,20.779905319213867,25.024978637695312,11030.507848542706,0.3582982279292308,358.2982279292308
case_00350,0.1052271255204847,0.1056262914147089,0.021509657611943,0.7676369254528631,1.980196101768448e-06,4.699746162258249e-07,9.368982870189928e-07,19.78023338317871,31.54267883300781,8856.364071980168,0.1584154600346017,158.41546003460172
case_00351,0.2083887975013743,0.1230482796378528,0.3553862285503401,0.3131766943104327,-2.7043580785033714e-06,1.1353784181777111e-06,2.1295539390664275e-06,38.7618408203125,42.89755630493164,11085.922983256669,0.4044690176639171,404.4690176639171
case_00352,0.2703298797076026,0.6224494313479202,0.070772728237009,0.0364479607074679,2.1146333138512385e-06,-2.358699749477812e-06,-1.4839222335639058e-06,50.890995025634766,79.15157318115234,4915.967627073042,0.2966763278361347,296.6763278361347
case_00353,0.0808342082883446,0.015114538251855,0.1947815482503467,0.7092697052094535,2.904056204514701e-07,1.926663166449096e-06,-1.0368503650265223e-06,16.109712600708008,20.245325088500977,4124.216557893454,0.1737813844340914,173.78138443409142
case_00354,0.0115061741705126,0.0373331546193514,0.1725258208415621,0.7786348503685738,-1.8161161765436404e-06,-3.869698352804444e-07,2.2272448972043985e-07,14.53655242919922,19.75456047058105,5874.052619608544,0.1582775399106358,158.27753991063588
case_00355,0.2944151363359686,0.5482899346084807,0.0328961431725664,0.1243987858829839,-1.0964687013018e-06,-2.565908940615086e-06,-1.730563161064186e-06,55.234153747558594,92.87667083740234,10910.00355680371,0.3074584363508769,307.45843635087687
case_00356,0.4029409116976579,0.3133879152655953,0.0004624723885364,0.2832087006482105,-1.3084226894906354e-06,1.7170960151892785e-06,1.8669375695250343e-06,33.51799011230469,44.13496780395508,4954.847544260949,0.2822028277681887,282.20282776818874
case_00357,0.2329689857926289,0.4627185268811063,0.1386308438817912,0.1656816434444735,1.851542057308549e-07,-7.383001698823676e-07,1.6418198700345644e-06,22.637319564819336,34.532264709472656,9743.04116877817,0.4013414760292796,401.3414760292796
case_00358,0.3439453040028494,0.5633655915687905,0.0770920800006399,0.01559702442772,-2.689885920533209e-06,-2.3977950294296763e-06,-2.1282497282053104e-06,70.91574096679688,112.0247039794922,11162.10252327457,0.2795498936189632,279.5498936189632
case_00359,0.1255199248693279,0.415945989158499,0.0768882350176278,0.381645850954545,-2.0487830490004587e-06,8.026742372595034e-07,-2.170216091002071e-07,21.210277557373047,30.071748733520508,5154.547912925499,0.2801096870632952,280.1096870632952
case_00360,0.6603952504056072,0.018586205398576,0.2104627034201971,0.1105558407756196,1.8761582602546949e-06,2.2807881206018503e-06,1.6489665999277284e-06,33.75359344482422,42.306888580322266,11106.774106505987,0.1725279338956958,172.52793389569587
case_00361,0.388011705286288,0.0373414451756828,0.2259261285111329,0.3487207210268961,-2.204376055519133e-06,2.326521056483918e-06,-9.760228133795111e-07,33.844696044921875,49.460975646972656,10637.421656379298,0.3640908731357966,364.0908731357966
case_00362,0.5082870810317225,0.2019557286623524,0.1207748211297275,0.1689823691761974,-1.599622383251238e-06,2.74598084885384e-06,7.986409363063902e-07,33.56428909301758,52.64539337158203,4375.525383375898,0.2542780591393379,254.27805913933787
case_00363,0.3640634419337089,0.1514766599225927,0.0055291876190668,0.4789307105246316,-2.797763663750559e-07,2.206232758600128e-06,-2.698721271254564e-06,37.497371673583984,44.86933898925781,5536.272100124953,0.2491060544906184,249.1060544906184
case_00364,0.3234024804942405,0.312049667473655,0.0671690715714773,0.2973787804606272,1.0272532867998268e-07,-2.987154483927149e-06,6.521325631759077e-07,51.189849853515625,74.76079559326172,8126.514264927685,0.3468549141142992,346.8549141142993
case_00365,0.1827723739280332,0.3845458621294694,0.0411480490596534,0.391533714882844,1.581662877684952e-06,-7.185530015196588e-07,-2.084082119996358e-06,23.68561172485352,44.25102615356445,4931.971640529713,0.2743048724340265,274.3048724340265
case_00366,0.6310071685594727,0.0041898841035406,0.320506521022163,0.0442964263148234,-3.160054400028734e-07,1.9112554794330183e-06,1.983499950686708e-06,25.66951370239257,41.510353088378906,6999.4614653358185,0.171858615647038,171.85861564703805
case_00367,0.355878609313375,0.2652574291494906,0.1455939077691886,0.2332700537679456,1.7391877262132329e-06,-8.024819640091549e-07,-8.67303218517129e-07,30.71259117126465,45.97047424316406,8091.971964305385,0.3970051050728238,397.0051050728238
case_00368,0.51124903582924,0.1255707345944127,0.0960568618931004,0.2671233676832468,7.100778422727447e-07,6.092910382782369e-07,-1.3106768236308258e-06,16.348953247070312,21.10654258728028,3774.266486699708,0.2477674179933027,247.7674179933028
case_00369,0.3137838400947343,0.2733067876755948,0.3041023545889122,0.1088070176407585,-2.321401563457065e-06,6.379016842471922e-07,2.0453338602689102e-06,35.45745086669922,45.05987548828125,8108.73573082781,0.3770837601082267,377.0837601082267
case_00370,0.6491899049581135,0.0488257666780955,0.2997825512100258,0.002201777153765,-2.0620113696429687e-06,-8.098481757670618e-07,-2.699135861569139e-06,35.46847915649414,54.61222839355469,9247.67748517679,0.1630966313009721,163.09663130097212
case_00371,0.1543594640838663,0.1795355597973212,0.1984288197637489,0.4676761563550635,-3.777976473013752e-07,2.426843563687725e-06,-6.203472039939314e-07,25.351606369018555,38.11758804321289,7326.978167204503,0.292327787456976,292.327787456976
case_00372,0.2694324080827263,0.3261352525154762,0.1485417530335961,0.2558905863682012,-6.186636414657625e-07,1.9370072316705666e-08,-7.799787565498118e-07,17.16041374206543,29.131521224975582,21237.663677652818,0.4393141313364663,439.3141313364663
case_00373,0.1091531418570992,0.0321809920163918,0.3915877676552434,0.4670780984712653,1.4612656178237677e-06,-2.112947643749951e-07,-1.291197754502695e-06,17.723432540893555,24.29174041748047,6887.232787883051,0.2651899748295774,265.1899748295774
case_00374,0.2381773604320644,0.1534889242925169,0.1177498201267325,0.4905838951486861,4.844228387841111e-07,2.9850824739713755e-06,2.4705259920088622e-06,39.93071746826172,60.76418685913086,14143.404267949294,0.2556978251213392,255.6978251213393
case_00375,0.4005138985316975,0.3569074868534281,0.0142119478386927,0.2283666667761814,-6.71201513986504e-07,-3.899781556429989e-08,1.5055703611003336e-06,19.02605438232422,28.11743354797364,3218.99002395966,0.2855737578568835,285.5737578568836
case_00376,0.1827271507280319,0.1943833598819684,0.331536451609041,0.2913530377809586,-1.9754382992976862e-06,-1.929610488428514e-06,-2.6164610148483675e-06,55.18844223022461,85.20320129394531,43607.72138354326,0.4711817929210468,471.1817929210469
case_00377,0.1757631107140075,0.2717726710501324,0.3147437133111931,0.2377205049246669,-1.6389773860470292e-06,7.841653718062822e-08,1.288124696609725e-06,23.94163703918457,32.18099594116211,11698.024222921124,0.4814284468368628,481.4284468368628
case_00378,0.9273469557647244,0.0054818729750166,0.0649095202650039,0.0022616509952553,4.530061108143541e-07,1.88410041311958e-06,1.6379479877276385e-07,16.128877639770508,23.16844749450684,4673.325803118989,0.1156034309659073,115.60343096590736
case_00379,0.1675581636411721,0.3669067217807469,0.0448419029794765,0.4206932115986045,-4.593671706012451e-07,1.6611619613896884e-06,2.405207366409476e-06,32.54705810546875,49.54209899902344,7962.276986142797,0.2608211520792473,260.82115207924727
case_00380,0.0186828415506546,0.8189472175661016,0.1302278101329554,0.0321421307502882,8.95650531640323e-08,1.7314905906508256e-06,-1.1223262959098494e-06,17.854463577270508,24.00507354736328,3935.1110697555614,0.2641758562710049,264.17585627100493
case_00381,0.3996939537717885,0.1782890646817237,0.2014412996260729,0.2205756819204148,-1.975935388186598e-06,1.2481427039874703e-06,4.449719976574974e-07,35.04033660888672,41.13783645629883,8259.125066901064,0.3752502337543277,375.2502337543278
case_00382,0.4373522641305574,0.2085452465121987,0.1003981716525552,0.2537043177046885,9.77437514067395e-07,-1.474693025599871e-06,4.531648445915993e-09,23.902149200439453,31.348621368408203,5275.27916063902,0.3095678029527076,309.5678029527076
case_00383,0.5618744824065393,0.1420230129653143,0.2381090315464632,0.0579934730816829,2.115232445135802e-06,2.172504515041389e-06,-6.263456263436569e-08,34.001956939697266,60.69200134277344,9322.94264754202,0.2088049829729494,208.8049829729493
case_00384,0.0873570510911684,0.4995823598174474,0.0875113465306265,0.3255492425607577,-1.4523629592785966e-06,2.3606607922575905e-06,-2.6336760289672444e-07,25.2485580444336,38.41136932373047,4767.321020658817,0.3025338766304491,302.5338766304492
case_00385,0.4974515361654463,0.0455433310844759,0.3375486207607759,0.1194565119893018,-5.0914645009040686e-08,-1.8350838202887057e-06,-1.7662231468063125e-06,28.81600379943848,43.98770523071289,12952.701826090146,0.2559858347919738,255.98583479197384
case_00386,0.5152650397248053,0.1033338393777821,0.256448257306057,0.1249528635913556,2.853163974125411e-06,-2.2172661806916368e-06,1.534259534954357e-06,38.23868560791016,52.52968215942383,5216.883639382914,0.2512113646182148,251.2113646182148
case_00387,0.0088913375105793,0.2008939584426626,0.605843626348058,0.1843710776986998,-1.000549556695634e-06,2.8536298115346725e-06,-2.919838035642681e-07,24.70307731628418,43.146095275878906,4706.27571884967,0.2150235579741156,215.0235579741156
case_00388,0.39196217385327,0.4940936645018604,0.059328018596321,0.0546161430485485,5.702780695425672e-07,2.209943781902207e-06,2.751097650015634e-06,58.79319763183594,111.01302337646484,9640.48802264934,0.2772863809962295,277.28638099622947
case_00389,0.1683525378291169,0.094396228573575,0.3266232664589783,0.4106279671383296,-2.458825798798534e-06,2.35941688325968e-06,-1.4351494368433422e-06,34.521263122558594,38.34693908691406,10360.53756446496,0.352590768681585,352.590768681585
case_00390,0.1713923625194341,0.1062515197192098,0.5960637062360297,0.1262924115253262,6.360900148766589e-07,2.3182583077463707e-06,1.0964630377622467e-06,24.955047607421875,32.88895034790039,11989.097420440092,0.2096608990363845,209.6608990363845
case_00391,0.4966341358530942,0.1582842778731266,0.3162466138150655,0.0288349724587137,-2.4622093601722924e-06,2.5012094420237026e-07,2.644302477834651e-06,35.85165023803711,49.71268081665039,3728.25517426684,0.2361131675181882,236.11316751818825
case_00392,0.3695152295141126,0.2271437903791539,0.3338286553191076,0.0695123247876259,2.7554126119429323e-06,8.784104199947984e-07,9.807499380965553e-07,53.14872360229492,68.30205535888672,14684.813354641195,0.3272215788203367,327.2215788203367
case_00393,0.3641588085096418,0.5417684143516915,0.0666310049738028,0.0274417721648638,1.2939759124338686e-06,2.7217711280184977e-07,2.227637445704368e-06,42.168941497802734,80.91398620605469,8730.320794299418,0.2775703341926298,277.5703341926298
case_00394,0.0086162179782347,0.3699487979204218,0.3364679629592225,0.2849670211421206,1.7289587288142385e-06,-2.692761904858025e-06,1.9648857585420365e-06,38.47331619262695,50.18198776245117,10445.408046160626,0.4708735008792408,470.8735008792408
case_00395,0.1123463106262518,0.2110650156456067,0.3842454386140791,0.2923432351140623,1.2246261646298212e-06,1.473018512116636e-06,-8.39293707065977e-07,21.863710403442383,33.317832946777344,19878.87138865025,0.4499826585726484,449.9826585726484
case_00396,0.7039436923058058,0.0234414333426105,0.1898301467924969,0.0827847275590868,5.383742164587944e-07,3.1992200015281696e-08,6.007436396369794e-07,7.590185642242432,11.525139808654783,7794.314539231232,0.1575676569196351,157.56765691963517
case_00397,0.0722005077701766,0.1633231408839806,0.1522986037402678,0.6121777476055749,-3.005233134869678e-07,8.862544487413785e-07,-2.0624319611318662e-06,17.985137939453125,26.506479263305664,5165.088759827927,0.207819259734017,207.81925973401687
case_00398,0.0572669675985052,0.0458147204053627,0.5369977792483489,0.3599205327477831,2.1502402785663745e-06,1.5838829853211684e-08,2.1315529617359725e-07,20.50617408752441,25.50554084777832,10203.67327678799,0.2388837394202081,238.8837394202081
case_00399,0.1169932573226834,0.0302136985088704,0.0326965624848511,0.820096481683595,2.7410140052583785e-06,-4.913206606526447e-08,-1.6174681691139768e-06,22.51230812072754,26.06019401550293,2909.2790313429355,0.1487975596251006,148.79755962510066
case_00400,0.1639702624241368,0.3006735457880968,0.1978395914592608,0.3375166003285053,-5.7829625755121295e-09,-1.9692653431334e-06,1.4624208897146735e-06,27.355093002319336,35.07463073730469,10396.360286767816,0.4502747247175173,450.2747247175173
case_00401,0.0289520263188981,0.2945495373199307,0.0281695862067517,0.6483288501544194,2.589210294931572e-06,-1.3277177091531065e-06,1.683505313527475e-07,22.93560028076172,38.33668518066406,3628.651569149195,0.181362934777979,181.362934777979
case_00402,0.0631396761896244,0.1841919896531139,0.5030643661325577,0.2496039680247039,4.999974599311049e-07,-2.046883848336265e-06,-5.326358242100372e-07,22.34192276000977,35.084197998046875,9890.90430467446,0.2855413060630092,285.5413060630092
case_00403,0.2856291532438762,0.1470870804512091,0.1519312782618165,0.4153524880430981,2.3030512137859925e-07,-1.8260022262479447e-06,-1.3872174229981346e-06,26.77466011047364,38.01176071166992,14605.545657986951,0.3096083676950505,309.6083676950505
case_00404,0.6154030855165691,0.1298260945043868,0.0977024737782404,0.1570683462008035,-2.731036022678599e-07,2.8378642825218293e-06,2.992190891047721e-06,44.21001434326172,64.75825500488281,8244.716181966189,0.1885469506469062,188.54695064690625
case_00405,0.1338674717778424,0.0132668731114883,0.1767183228531996,0.6761473322574696,-1.744273430819281e-06,-2.0813193253668097e-06,-2.569736874690404e-06,36.734371185302734,52.61405563354492,12384.820256113884,0.1824379004500658,182.4379004500658
case_00406,0.0818165212879099,0.4971662566785773,0.0952187067246643,0.3257985153088484,-2.9776820350916448e-06,-1.3843774541687542e-06,-2.73863591656548e-06,59.28493118286133,76.44064331054688,11574.157348826257,0.3052841661612976,305.2841661612976
case_00407,0.040053031877747,0.2357740667863126,0.5559419224370379,0.1682309788989024,-1.5509626388636323e-06,5.435379464315097e-07,-1.6964555970368128e-06,19.34732437133789,28.631122589111328,8658.063629053519,0.2340200268132947,234.0200268132947
case_00408,0.1963845593053526,0.2850393911906176,0.4705447832172901,0.0480312662867396,5.8339029621390944e-08,6.61071457419851e-07,2.826434751766918e-06,31.34627342224121,40.099029541015625,8950.882150696656,0.247519973065011,247.51997306501107
case_00409,0.0622858566725591,0.0202083626220345,0.597659254057329,0.3198465266480771,-7.202402864414847e-07,-2.076155221537025e-06,2.8754290099199067e-06,27.30679702758789,38.73960876464844,4715.978955597481,0.2096406166652131,209.64061666521312
case_00410,0.179115235237813,0.4257069869741139,0.1697795599910591,0.2253982177970138,-3.090886319841973e-07,1.7623045547112742e-06,9.295664086328154e-07,29.287822723388672,44.42897415161133,20089.80853580362,0.4450662118006891,445.0662118006892
case_00411,0.0275635951530214,0.4156291400867825,0.040345552886323,0.5164617118738729,2.8838893173842977e-06,1.71121720747695e-06,2.280640003238428e-06,41.43001556396485,45.05943298339844,9438.241893513354,0.2112875452043347,211.28754520433475
case_00412,0.482860085630728,0.3909930294159455,0.0116739151252988,0.1144729698280276,-8.983657759840344e-07,-1.5760937747766535e-06,-1.7162296149552277e-06,45.23722076416016,75.21715545654297,8584.183924689361,0.2334156121523855,233.4156121523855
case_00413,0.0846349364802607,0.1237701561909447,0.0254258514176392,0.7661690559111554,-2.8690236383935285e-07,-1.2680021839472371e-06,2.832252565059742e-06,22.858640670776367,26.871206283569336,3207.305957563442,0.1582897093333387,158.28970933333875
case_00414,0.3554781363130263,0.1606044387989894,0.2228067390454316,0.2611106858425526,-2.1989066918830827e-06,2.6279271927569817e-06,-2.143290899162612e-06,42.54874801635742,56.622100830078125,11747.363949742876,0.4119978338427589,411.9978338427589
case_00415,0.1893091900181561,0.1495468122668343,0.5194180314934931,0.1417259662215166,-2.7122536053780744e-06,1.954028675876868e-06,-2.3932488709100503e-06,32.17544174194336,41.829986572265625,7049.326804414533,0.2457310679276892,245.73106792768928
case_00416,0.5020690587854394,0.1974475201681597,0.0242155100655752,0.2762679109808257,1.652457087554968e-06,1.1867821983751429e-06,-2.3267307645163626e-06,27.98657989501953,36.574981689453125,3234.9332090945018,0.2338618243181573,233.8618243181573
case_00417,0.0280718316818395,0.3859148143552831,0.1086999721539511,0.4773133818089262,4.240990504318717e-07,-2.506600670936397e-06,4.387675396353882e-07,22.763721466064453,26.98692512512207,4782.49005183881,0.2424899450144917,242.48994501449167
case_00418,0.3623828057583024,0.2933426521931545,0.2792580258041641,0.0650165162443788,1.5642288362633698e-06,-4.904155145845456e-07,1.6858464043083145e-06,35.3431282043457,48.83853912353516,9751.187525353716,0.3383931088615708,338.3931088615708
case_00419,0.0426587490655988,0.2607637822981391,0.0963497347632127,0.6002277338730494,-2.10082320668069e-06,3.558112324609623e-07,-7.999969327522015e-07,19.679533004760746,25.324556350708008,7193.166247950174,0.2044483296453221,204.44832964532216
case_00420,0.0616419204523866,0.538871488517846,0.1486420742279448,0.2508445168018224,4.309726270961457e-07,-1.8755322720973383e-06,2.86737592671676e-06,36.6650619506836,45.9568977355957,6809.99207903456,0.3686462937009039,368.646293700904
case_00421,0.0265676553527458,0.3701254485041613,0.4785492544634817,0.124757641679611,-1.4781451539517468e-06,-3.106405073506527e-07,-3.934791712900233e-07,15.009211540222168,18.392858505249023,9567.172457074355,0.2473212058275309,247.3212058275309
case_00422,0.2850403225331445,0.4426347274320378,0.058771739410878,0.2135532106239396,-1.6316290985998804e-06,6.0615526493214e-07,-2.0973086953607023e-06,43.49682235717773,94.75154876708984,7693.895128470205,0.3486965534166668,348.69655341666686
case_00423,0.4253933908544168,0.1323705868290391,0.3831799540392737,0.0590560682772703,-2.9308439156820887e-06,-1.0357399193076048e-06,-2.041995108831799e-07,48.973087310791016,61.35716247558594,12439.331162157425,0.2800691223209523,280.0691223209523
case_00424,0.0061260709671353,0.0340185864802057,0.7730427569949523,0.1868125855577067,-2.2179556585855688e-06,1.685668913702923e-06,1.074222992534639e-06,19.940473556518555,21.97032356262207,3019.494260210541,0.1600055979344433,160.00559793444333
case_00425,0.6722916247477511,0.1128081751284787,0.0744139893961764,0.1404862107275938,-1.144391331001828e-06,2.042697489832833e-06,1.993354683026272e-06,27.809776306152344,39.57565689086914,4410.161750071944,0.166455391966964,166.45539196696407
case_00426,0.2956879850992169,0.057035988280659,0.5229658920260846,0.1243101345940394,-2.298727436454366e-06,-1.0583431833955755e-06,-2.473902602604425e-07,26.80791664123535,40.85516357421875,12662.821063910187,0.2393826857510257,239.3826857510257
case_00427,0.4304906532998777,0.4678591706946213,0.0734501696217365,0.0282000063837643,2.915150642465625e-06,2.0319429269547426e-06,5.616409562950048e-07,61.88908767700195,106.8699951171875,9005.764929145438,0.2569472191855005,256.94721918550056
case_00428,0.2032874767280368,0.0824908928572238,0.0080270259777387,0.7061946044370007,-1.148204108856296e-06,-2.37854060338191e-06,-1.39593172704688e-06,29.72243881225586,44.165000915527344,10876.393842811643,0.1721303994207355,172.1303994207355
case_00429,0.0105606641845941,0.2107195386737562,0.7302152588383843,0.0485045383032653,-2.218056319786031e-06,2.0263745917359383e-06,8.754991584330838e-07,21.546186447143555,27.45265769958496,2955.157434990878,0.1659564456361464,165.9564456361464
case_00430,0.2043879823692883,0.1723748838565555,0.4813458501675723,0.1418912836065836,-1.805506123032253e-06,-2.0834974099943005e-06,2.9158316637020627e-06,32.19532012939453,36.72003936767578,5501.466049374551,0.2662852228728356,266.2852228728356
case_00431,0.1536579376320679,0.0083881407166476,0.0928812364186107,0.7450726852326737,5.262193700488589e-07,-2.502437084941644e-06,-2.705678564473237e-06,31.11183738708496,51.62625503540039,7385.046109331079,0.1643906465817105,164.39064658171057
case_00432,0.4225252976076283,0.239942106721937,0.0918607452480001,0.2456718504224345,-2.615738856811269e-06,8.506524266460669e-07,2.3191840242310065e-06,44.88941955566406,60.89445495605469,4866.883640981748,0.3183054484533678,318.3054484533678
case_00433,0.2067810073272264,0.1533487878193467,0.0386854837351593,0.6011847211182674,2.1746047808469418e-06,-1.6837580546823405e-07,3.736950166051369e-07,20.37617492675781,34.217098236083984,7407.744716505803,0.2020185015789826,202.0185015789826
case_00434,0.3306225822485781,0.1197788431200518,0.2537228043288814,0.2958757703024887,2.768998075422884e-06,2.4473436024769963e-06,-1.4874080426262003e-06,51.79498291015625,83.2308349609375,18394.634762301423,0.4205407685801732,420.5407685801732
case_00435,0.3855910858487644,0.2902084237506885,0.3217669182522354,0.0024335721483114,-1.519515475995715e-06,-8.208648234549046e-07,2.729338260055548e-06,46.6619987487793,67.94844818115234,4690.281775503287,0.2897965475347792,289.7965475347792
case_00436,0.3552252367750562,0.4333818712030655,0.0127924590882466,0.1986004329336316,-2.994283884548437e-07,-1.277086419374228e-06,-9.987418164660624e-08,17.781003952026367,23.520118713378903,4486.664469453154,0.2932972847989712,293.29728479897125
case_00437,0.5526489669472777,0.0570583724316991,0.2965305500715013,0.0937621105495219,-2.867193293823018e-06,4.4094368651902e-09,-1.009858489959686e-06,33.66363525390625,59.51365280151367,9181.39627605558,0.2172505623287407,217.2505623287408
case_00438,0.0021661129440365,0.0490280089075779,0.6615582234874071,0.2872476546609783,8.442613483633294e-07,-2.643228853880322e-07,-1.911014230374953e-06,16.41567039489746,22.75348472595215,5170.144681418924,0.1922910763651557,192.29107636515567
case_00439,0.6701209553231353,0.1397630705105324,0.0242782780328673,0.1658376961334648,-5.164436516844669e-07,-9.334317226968704e-07,-1.5332867384600276e-06,20.952465057373047,30.93030166625977,9085.735363340562,0.1645691314480193,164.56913144801933
case_00440,0.1870327556225368,0.5742831950898535,0.0318701616701394,0.2068138876174702,-1.3796492033906655e-06,1.1624477921899715e-06,1.997094249548655e-06,30.343366622924805,42.47034454345703,7307.291336701301,0.3260005800758155,326.0005800758155
case_00441,0.064046795407443,0.1546498117527507,0.5266945859941048,0.2546088068457015,-1.7589773363003492e-06,1.5573710034834496e-06,6.864600559029949e-07,19.199487686157227,22.0651969909668,5753.147029963172,0.2658511801297666,265.8511801297666
case_00442,0.1508348659199589,0.1605088980503308,0.1968239393831619,0.4918322966465484,9.241384659525624e-07,2.11790381418082e-06,2.479473716929896e-06,37.30274963378906,46.879730224609375,16720.594189823278,0.2738667732167232,273.8667732167232
case_00443,0.3066717751067807,0.4281815364161688,0.2129517176330655,0.0521949708439847,-5.026978138061135e-07,2.8371396282620573e-06,-1.608189287053285e-06,46.916751861572266,89.52874755859375,4931.472965190002,0.339516752224469,339.51675222446903
case_00444,0.3008708840556895,0.1486164355605686,0.0758976223042073,0.4746150580795345,-1.922044265820528e-06,-1.4000628472049732e-06,-2.273168556906591e-06,36.13104248046875,53.33274459838867,16135.80601770803,0.257458334939021,257.45833493902103
case_00445,0.0098147267902021,0.5811977375032176,0.1550268184821593,0.2539607172244208,1.1346544889209446e-06,1.2965608949397689e-06,-2.96347481414646e-06,30.920135498046875,43.14499282836914,5024.902633227889,0.3486803275197296,348.68032751972964
case_00446,0.2033436180636016,0.4257760020296451,0.191170631260056,0.1797097486466973,3.904336982201618e-07,-6.344505870255288e-07,4.71722256959626e-08,8.124524116516113,12.130112648010254,9453.317960992745,0.4469281334742282,446.9281334742282
case_00447,0.0299952394917755,0.317731985462182,0.0707590122253665,0.5815137628206759,2.152032329576977e-06,1.0624918317066484e-06,2.989841582291929e-06,34.24311447143555,48.24774169921875,10496.538449323858,0.2033165733339553,203.3165733339553
case_00448,0.3608941858339771,0.5731650741895584,0.0213984924518339,0.0445422475246303,-2.2951446067410425e-06,-1.441098579046779e-07,1.1697916129118334e-06,30.11738967895508,55.41476440429688,3216.036110468757,0.2712909120779492,271.2909120779492
case_00449,0.8867432481353038,0.0526550656657349,0.0520276180343908,0.0085740681645704,1.713999611666737e-06,2.96263861660759e-06,-1.1496324482091237e-06,29.629413604736328,42.76056289672852,3282.9813881743016,0.1216800293688734,121.68002936887343
case_00450,0.5960015191893412,0.254279674226633,0.0828497156557031,0.0668690909283226,1.041100720903554e-06,1.3734128147444991e-06,2.2611514981570302e-06,37.102169036865234,61.316162109375,9780.506474454798,0.1930618064696707,193.0618064696708
case_00451,0.134137529543459,0.4644857536759241,0.3375360540077258,0.0638406627728909,-2.309934379031413e-06,2.7149478026059475e-06,1.6903335959277583e-06,37.35348510742188,57.93657684326172,5547.572016040654,0.2989966310981484,298.99663109814844
case_00452,0.0678325130183851,0.0367293185791116,0.3828620885548972,0.5125760798476059,1.1689243792303247e-06,2.0098172968871144e-06,-2.9075090035407647e-06,31.014249801635746,43.26317596435547,6247.361440324153,0.2455688089583177,245.5688089583177
case_00453,0.0799342578310344,0.0054944411436464,0.0222568637014683,0.8923144373238509,-3.507162667210176e-07,2.417406066980227e-06,1.901162883246135e-06,26.383251190185547,42.11764144897461,6198.791579711087,0.1368106782627743,136.81067826277436
case_00454,0.106843171077315,0.4473720425858472,0.2989791977853496,0.146805588551488,2.6699087133350585e-06,1.8865151832880496e-06,-1.196839456569024e-06,54.83268737792969,92.000732421875,12231.392026374806,0.3767957504375921,376.7957504375922
case_00455,0.0821171469516848,0.0461476407879275,0.3403909934666753,0.5313442187937124,-2.150331896292604e-06,-2.450452177445316e-07,-2.1019592124983936e-06,29.285425186157227,43.5476188659668,13995.9093255659,0.2425386227053032,242.53862270530325
case_00456,0.1952458556120082,0.1428887483040663,0.0081037483945521,0.6537616476893732,8.570003448944278e-07,-1.4892692799186938e-06,-1.6420149615775529e-06,18.83909797668457,25.40044212341309,6067.030718708636,0.1843850080825249,184.38500808252493
case_00457,0.2363984549942492,0.0510942984149911,0.5766866917193063,0.1358205548714531,-7.081197272223243e-07,-7.780789472968666e-07,-1.88521173749166e-07,10.427026748657228,14.382124900817873,12995.521211140407,0.21659746997702,216.59746997702007
case_00458,0.1749896663505198,0.2762483325670559,0.3346539128595609,0.2141080882228632,2.740888023545267e-06,-2.878582604160297e-06,-4.507924375919337e-07,43.53490447998047,61.52902221679688,10921.56661260264,0.459888568652784,459.888568652784
case_00459,0.0398867968375658,0.1201454332616474,0.7659425425728971,0.0740252273278895,-1.0201506282583413e-06,1.4395900478800297e-07,-1.2666762037546395e-06,13.496980667114258,21.22744369506836,7403.176032011067,0.1599447508209289,159.94475082092896
case_00460,0.1818867224978299,0.221074299809595,0.2261490922489812,0.3708898854435937,2.773115456950801e-06,3.0346801622452114e-08,-1.966690066757804e-06,38.30335235595703,53.93607711791992,10101.745138441243,0.4145209608164871,414.5209608164872
case_00461,0.8209991061820948,0.0788758777357873,0.037108053486688,0.0630169625954297,2.4089151066044947e-06,1.5150278898292933e-07,1.5733847378530156e-06,27.94268035888672,47.66263198852539,6374.6346475219225,0.1318658361711751,131.8658361711751
case_00462,0.4154268287934447,0.1978166261581554,0.0641791857430024,0.3225773593053973,-1.377700588136062e-06,2.844187349832383e-06,2.9406587024095023e-06,56.24352645874024,69.51560974121094,9329.787835480967,0.3025703848985577,302.5703848985577
case_00463,0.2969933191667466,0.2816925487397924,0.377624489884908,0.0436896422085528,1.821250660958566e-06,2.4687240207290354e-06,1.666749482518143e-06,48.35906982421875,74.69271850585938,14828.246609416292,0.3026393449605406,302.6393449605406
case_00464,0.2719374536324822,0.1193144960035157,0.356705071429262,0.2520429789347399,2.973625210821036e-06,-2.029723330019352e-06,-1.2243781939707528e-06,39.22931289672852,44.1679916381836,10739.487666089455,0.3962830526591203,396.2830526591203
case_00465,0.4221772631567635,0.3008525053001089,0.0550425636719253,0.221927667871202,-1.484021986972306e-06,-7.867048706646647e-07,-1.5311462315271998e-06,34.48253631591797,50.05084228515625,10860.1331258627,0.2969724504552378,296.97245045523783
case_00466,0.5824549249440805,0.3862838929486811,0.0061527512418723,0.0251084308653659,-3.79336984060082e-07,-4.562629232204285e-07,-1.6940047436043709e-06,26.79044532775879,41.810821533203125,6455.862242070413,0.191021399929823,191.021399929823
case_00467,0.041808191560833,0.3831682736002503,0.503934789199394,0.0710887456395227,1.21084419400558e-07,-8.368024928901134e-07,-2.1798295530657825e-06,23.460229873657227,31.408767700195312,7348.72412047319,0.2246982490228967,224.6982490228968
case_00468,0.1518221647631725,0.3956398052806165,0.2842434756218231,0.1682945543343879,-1.230413185176814e-06,1.7909757816234783e-06,3.0798329815380724e-07,24.677934646606445,35.419891357421875,9729.852751355727,0.4351237934524449,435.12379345244494
case_00469,0.3200918780431322,0.254657641836625,0.1266739023607898,0.2985765777594529,-2.908410962123821e-06,1.442260192055214e-07,6.324022317200651e-07,47.6733512878418,66.1042251586914,10994.846089077726,0.388790744748387,388.7907447483871
case_00470,0.2056741399103241,0.3639504567656427,0.1781606740282793,0.2522147292957538,-1.67922453481484e-06,4.325989018297501e-07,1.233015963978824e-06,22.84816551208496,31.05506896972656,10183.521018036716,0.4711574540756411,471.15745407564106
case_00471,0.1606024056732124,0.569970274997052,0.008631784200233,0.2607955351295027,-1.3083786939494491e-06,2.1180813539275533e-06,1.0812802256020082e-06,29.16710662841797,39.00883102416992,5128.39391112818,0.3003839452862755,300.38394528627555
case_00472,0.1929349418391082,0.7151206198187364,0.0155453213385116,0.0763991170036437,-3.3840179209087705e-07,1.835568920492152e-06,-1.246000132299705e-06,17.666379928588867,23.807567596435547,4162.094703830064,0.2886526218007095,288.6526218007095
case_00473,0.4056284049322366,0.0575010338416351,0.2040679074647018,0.3328026537614263,-1.973385129519589e-06,-2.2067308630782017e-06,-1.0181339676189207e-06,43.26051330566406,72.76407623291016,24018.3324973412,0.3555844466664908,355.58444666649086
case_00474,0.3051921148246896,0.0664180683035625,0.1400206866678499,0.4883691302038979,2.239526140150036e-06,1.283487504501806e-06,1.0890872126540272e-06,30.73623847961425,44.8751106262207,16506.175956549094,0.2586144300957936,258.61443009579364
case_00475,0.3543008508373848,0.0022993147750062,0.6276350452008755,0.0157647891867334,1.2294667963880166e-06,-3.873832265877869e-07,-9.033141552982302e-07,13.779070854187012,17.070680618286133,4141.595188962566,0.2002904435551751,200.2904435551752
case_00476,0.2620192943904841,0.0432910546302635,0.6069070583270332,0.0877825926522189,-2.4887971346420283e-06,-1.232106581624997e-06,-1.7242608622841218e-06,33.84473419189453,59.54090881347656,13221.08004207596,0.2037627854997272,203.7627854997272
case_00477,0.1313316686343577,0.0534775026354508,0.120983535773744,0.6942072929564475,9.005547068395885e-07,-2.699887074586882e-06,-7.539830778195626e-07,22.6933650970459,34.14002990722656,5526.920265466568,0.1778135198229754,177.81351982297548
case_00478,0.7060528206053303,0.057825657019697,0.0749406648616051,0.1611808575133675,9.21938858433722e-07,-7.650263792729415e-08,-1.367495054532134e-06,10.955816268920898,15.782066345214844,1851.1296550462312,0.1573486073109835,157.3486073109835
case_00479,0.5299103659414715,0.2192158427525669,0.121135017497036,0.1297387738089256,2.7373270418617664e-06,-8.673799156528117e-07,-2.4701236726885334e-06,31.525531768798828,48.16815948486328,2565.006519697355,0.2353627197848446,235.3627197848446
case_00480,0.4577588391727065,0.0012405201057689,0.3719512624122854,0.1690493783092391,-2.9818747718630324e-06,-1.4909217619415951e-06,1.9808334136599214e-06,46.06097030639648,58.34947967529297,8851.664321304224,0.2911635793517348,291.1635793517349
case_00481,0.4907204912867405,0.030297580568866,0.2754100307607763,0.2035718973836169,-1.5124053011651568e-06,1.1680303775817457e-06,2.1186683349422177e-06,31.355701446533203,39.81291580200195,7676.160097238788,0.2871030486432108,287.1030486432108
case_00482,0.3689019061288195,0.0240588528977761,0.3112522266113168,0.2957870143620875,2.5667488762518925e-06,1.616912323893522e-06,-1.6814981989987234e-06,34.37274169921875,44.59296798706055,14875.134962663828,0.3840892911108451,384.0892911108452
case_00483,0.1823407395913639,0.205079238935697,0.2501741330073139,0.3624058884656249,2.592803492389698e-06,-1.5312628858234511e-06,-2.611366802848789e-06,41.16524887084961,63.2511100769043,12745.995949688768,0.4423889388060579,442.388938806058
case_00484,0.1112139082851237,0.6165192268994258,0.2439071183841576,0.0283597464312928,1.3235185162238242e-06,-2.7033153799239164e-06,1.432964624107077e-06,28.336605072021484,35.427833557128906,4573.900394757309,0.3026839661771178,302.68396617711784
case_00485,0.0186581662225064,0.1258071991676292,0.47519413890621,0.3803404957036542,1.5945799262852402e-06,2.09251620339141e-06,-1.730828244819518e-06,28.25849914550781,34.272342681884766,9963.689054534792,0.3082656747235006,308.2656747235006
case_00486,0.5142415403266744,0.2409923671175974,0.1919789706209132,0.052787121934815,-2.451102252422117e-06,-2.9402415527741803e-06,-6.393870633788384e-07,53.94091796875,73.37364196777344,10080.37985452896,0.2354154539498903,235.4154539498904
case_00487,0.3038838961872849,0.4348324753534895,0.0708738879770896,0.1904097404821359,8.325500866940163e-08,2.622674963528832e-06,-2.6151884865757007e-06,52.40187454223633,88.30230712890625,5615.982032453111,0.3534994189100659,353.4994189100659
case_00488,0.0803218574782864,0.1172003057534419,0.5642284415995542,0.2382493951687175,-1.6105020522660036e-06,7.657192438962356e-07,-1.642382491449389e-06,21.09565734863281,34.239501953125,8743.147715451867,0.2353708327333132,235.3708327333132
case_00489,0.2492902820550285,0.132515445104154,0.2449980999079745,0.3731961729328428,-1.912691738318297e-06,-1.0689201887920783e-06,1.7574136699778149e-06,29.360050201416016,51.09034729003906,11332.573945044012,0.3862757307231274,386.27573072312737
case_00490,0.0424198306858235,0.1776596850327614,0.6168227343398435,0.1630977499415716,1.8618197947399952e-06,-1.5211325425395829e-06,1.826378681491212e-06,21.22568321228028,27.791772842407227,5435.186897635657,0.2075758712799596,207.5758712799596
case_00491,0.3552163657072652,0.371060231366192,0.0853878663739826,0.1883355365525602,-2.189771179916716e-06,-2.945966014413149e-06,-1.7574910506737377e-06,73.8132095336914,115.62899017333984,12620.725967876073,0.3453945833899549,345.39458338995496
case_00492,0.1817797495443655,0.0118495061357665,0.0109314138396402,0.7954393304802277,-1.880901780216888e-07,-1.5871714979347371e-06,-9.845169293598627e-07,17.6213436126709,24.72487449645996,8346.824103837012,0.1533164719220994,153.31647192209945
case_00493,0.0754220698012509,0.1726298863202892,0.0839190154762935,0.6680290284021663,2.631469437516198e-06,-2.173630190897153e-06,-2.1945694854375385e-06,26.88806915283203,33.17374420166016,3774.584484441741,0.1837968193185529,183.7968193185529
case_00494,0.0629538850121526,0.1177713247695687,0.4323631702526047,0.3869116199656737,-1.8850076666079448e-06,6.729973243388739e-07,-2.554964218290466e-06,36.14712524414063,47.9786262512207,16430.24321620502,0.3350830258863903,335.0830258863903
case_00495,0.066401050151146,0.523271494995315,0.1976152253043932,0.2127122295491458,2.867960542429408e-06,-2.0007264684371923e-06,2.9530302866904567e-06,54.15310287475586,76.91777801513672,11951.02104236566,0.4027734114339839,402.773411433984
case_00496,0.0646779389881783,0.0379371115537706,0.5876539864903476,0.3097309629677032,2.9657279145663547e-06,1.7177902521971593e-07,9.335637074690356e-07,28.54000663757324,38.86178207397461,10605.430889382307,0.2171856587409921,217.1856587409921
case_00497,0.1638198794777043,0.3730282170704469,0.4137801908381005,0.0493717126137481,3.337029280944174e-07,5.406985340668247e-07,2.525790551899127e-07,7.888280868530273,11.227542877197266,11024.425292650889,0.2645206565809195,264.52065658091954
case_00498,0.2654549694914174,0.0409754506269214,0.3921336617673491,0.3014359181143121,-1.9791435589370523e-06,-1.211749809918513e-06,1.592991002431797e-06,26.06255531311035,31.721725463867188,11115.384689866423,0.3470942460941223,347.09424609412235
case_00499,0.8717155146164053,0.0198509095415211,0.0163214430158764,0.0921121328261972,-1.1033706723546262e-06,-2.789610305887688e-06,2.040462958126345e-06,23.819320678710938,33.75447463989258,1692.8419462456347,0.1233229014337608,123.32290143376082
case_00500,0.0936076443359952,0.0875141981729692,0.7303102874352618,0.0885678700557737,-4.530430039407893e-07,-2.776476716314824e-06,1.8402886082683656e-06,24.11037254333496,30.750864028930664,3492.947845584524,0.1686215492080748,168.6215492080748
case_00501,0.0826815018573286,0.3711234478704929,0.1556183610277573,0.3905766892444209,-1.1440546538506624e-06,-2.8419160068364943e-06,-2.900763304260741e-06,49.4520263671875,58.53840255737305,13783.778725138502,0.3126588363192364,312.6588363192364
case_00502,0.0809501354826287,0.800626959822117,0.0409436481001605,0.0774792565950938,-1.3161865207409054e-06,1.4347480028192776e-06,-1.8791526108570093e-06,26.93791961669922,32.593955993652344,5756.643703312685,0.2696886047554047,269.68860475540475
case_00503,0.6220219170143239,0.0393687832933552,0.1995895126908482,0.1390197870014725,2.8333782552981457e-06,-1.091941771114211e-06,9.29431812706986e-07,27.72447395324707,38.43201446533203,4667.436671390133,0.1890580664004267,189.05806640042675
case_00504,0.1111293149737874,0.5992435578167843,0.0057465444434728,0.2838805827659555,-2.079811035505526e-06,1.7778011158059816e-06,-7.454439131762227e-07,24.15562438964844,29.614484786987305,4143.595916376935,0.2804869391670841,280.4869391670842
case_00505,0.4762911620823656,0.118277057718733,0.397702838825934,0.0077289413729672,1.3999674523011738e-06,-4.096030569429053e-07,2.894895906366642e-06,42.689697265625,61.08583831787109,8795.481443149662,0.2326732773675104,232.67327736751048
case_00506,0.0884452377581434,0.0491112672379996,0.2139019248788575,0.6485415701249995,-2.997538263364951e-06,-2.8201139502021693e-07,9.924287558295242e-07,25.19013786315918,29.616676330566406,5468.978213674116,0.1946154361014037,194.61543610140376
case_00507,0.1228873004214661,0.440190573813503,0.0915221600982185,0.3453999656668123,5.770960164142613e-07,7.729561505744237e-08,2.7392934523752387e-06,37.8323860168457,63.77236557006836,9010.60534183449,0.3072312737937567,307.2312737937567
case_00508,0.1119964117290834,0.6422987640910182,0.1684610500289436,0.0772437741509548,2.4956580237243144e-06,1.2781887382506238e-06,-1.7913211101252372e-06,35.19312286376953,50.08456039428711,7150.920305085078,0.3299069647634365,329.9069647634366
case_00509,0.1460640383891062,0.19771594485946,0.3078120508728661,0.3484079658785676,-1.272395435440686e-06,-1.3589828050217575e-06,2.1837421686901383e-06,29.2247314453125,32.39187240600586,13157.853136318334,0.4664722263350364,466.4722263350364
case_00510,0.5298925588742277,0.2295907804965913,0.2065401486276287,0.0339765120015522,-1.886844148453685e-06,-2.270475902798838e-06,-1.071886165108648e-06,41.88524627685547,59.66106414794922,10608.28878143846,0.2216234415533051,221.6234415533051
case_00511,0.4322672963078423,0.2819505972368864,0.0153969640226747,0.2703851424325966,9.100787692705622e-07,3.363440111487692e-07,2.9373888494268408e-06,45.103790283203125,64.44674682617188,7736.711911564093,0.2727918075446364,272.79180754463647
case_00512,0.3655237934389435,0.039737441022828,0.2857279268279518,0.3090108387102765,1.2756084437903592e-06,-1.0381342605435644e-06,-2.0538679675611164e-06,27.180721282958984,42.0384521484375,14783.315183148678,0.3903078661120114,390.3078661120114
case_00513,0.0297274636939453,0.4777997357533496,0.3111238294211003,0.1813489711316047,1.1281831137118877e-06,-3.450521179917758e-07,9.803891302995933e-08,13.85804557800293,18.40718650817871,10117.950331024744,0.3737493382876405,373.7493382876405
case_00514,0.207362108211695,0.1773441119957469,0.3517965973634405,0.2634971824291173,-1.0840987198717558e-06,8.816802500238326e-07,1.757067203022732e-06,25.752168655395508,37.28751754760742,16279.778012831432,0.4427905297552526,442.79052975525263
case_00515,0.0211534709840606,0.2363757922375499,0.5402091185170549,0.2022616182613345,-1.4867855870440148e-06,-3.5245553152376214e-08,-4.0414511637578473e-07,14.454751968383787,21.035518646240234,10232.816932708152,0.2495847184502646,249.5847184502645
case_00516,0.0251611749078306,0.7276867724078823,0.1060347912337262,0.1411172614505607,2.735512799772265e-06,7.216729026050572e-07,-1.9149563887411962e-07,31.684043884277344,45.224700927734375,11910.79218671036,0.3002581945850125,300.2581945850126
case_00517,0.0659930976197735,0.1469670289962093,0.5183728968220424,0.2686669765619748,2.539797049619577e-06,2.652000126817672e-07,2.918134773034446e-06,43.19354248046875,60.957550048828125,15159.583131402387,0.2731163254833796,273.1163254833796
case_00518,0.0353089960497113,0.323782421289257,0.3260067383766673,0.3149018442843643,-2.561003406430784e-07,1.438778231616595e-06,-4.481510981930801e-07,18.747312545776367,25.00558853149414,15423.41930238751,0.5051060869424122,505.1060869424122
case_00519,0.0416544081392277,0.091611261644301,0.6410292981504975,0.2257050320659737,2.077163196926241e-06,1.2356197062697196e-06,6.244326035943813e-07,23.28057289123535,32.87693786621094,11877.278185551526,0.200456758998781,200.45675899878103
case_00520,0.0088342527146315,0.0216267772106986,0.1999796634291192,0.7695593066455506,-2.860591341942237e-07,2.051393508517151e-07,-2.672762035949096e-06,21.56033706665039,27.87727737426757,5729.743913991042,0.1606627467603982,160.66274676039828
case_00521,0.2927021847630435,0.2605727819826904,0.04216676280123,0.4045582704530359,-4.536658915649377e-07,1.0734181251582412e-06,2.05326048126156e-06,30.107994079589844,38.50128936767578,9749.20332204796,0.2858333722078781,285.8333722078781
case_00522,0.2453460878732875,0.0680260498828786,0.2123538084745296,0.4742740537693041,-2.059422314404232e-06,2.2413576136356768e-06,8.890082938772608e-07,27.284198760986328,39.08573532104492,6691.838249314291,0.2761059469940511,276.1059469940512
case_00523,0.0790752522035869,0.257125109436422,0.1174583963737968,0.546341241986194,-4.415636610481632e-07,-4.063722732709885e-07,-5.758793828231189e-07,7.456968307495117,11.322096824645996,13604.823265126295,0.2280083319980772,228.00833199807724
case_00524,0.216982060423288,0.2534721812406967,0.4026145528449284,0.1269312054910868,2.24501631598842e-07,-5.23421563507238e-07,-2.902982760272881e-06,35.693458557128906,50.8525390625,11009.83021457091,0.3146465086940384,314.6465086940384
case_00525,0.5372942546882029,0.1659025939907799,0.0374559381290374,0.2593472131919796,-2.8649740354278813e-06,1.5854737251142806e-06,5.500129235610236e-07,31.50276565551757,42.92949295043945,2983.678217081064,0.217814412247307,217.81441224730705
case_00526,0.2514290675164768,0.0607576247386542,0.3104247250604016,0.3773885826844672,-3.353219689475614e-07,4.953230222519644e-07,-2.9240530290950268e-06,33.70998764038086,43.35871887207031,15040.750445492402,0.3611702116871079,361.1702116871079
case_00527,0.0674430171281377,0.8540674858906308,0.0315463694964736,0.0469431274847578,1.688137310371202e-06,-2.573959318664469e-06,-2.9927783165458925e-06,43.18491744995117,54.02477264404297,7143.1687918252455,0.2524201939400331,252.4201939400332
case_00528,0.0554059163084943,0.6106725940923777,0.2890241229362529,0.044897366662875,1.0802763382456192e-06,2.352672094146488e-06,6.965913728961281e-07,50.30851745605469,73.3875732421875,14691.32175017246,0.2847502935873227,284.75029358732274
case_00529,0.1542195138092218,0.2538331496896769,0.0231580625989865,0.5687892739021146,8.109419331836102e-07,-2.81530138657416e-06,-1.8658975959926744e-06,30.79648780822754,41.23797225952149,7229.541622200991,0.2068862706601303,206.88627066013032
case_00530,0.2588782815406218,0.1119123259302122,0.5431815725446573,0.0860278199845087,2.457332570623215e-06,1.4903781372584585e-06,-1.8486747016914283e-06,26.92111587524414,34.31526565551758,5903.934642655944,0.2276635316881626,227.6635316881626
case_00531,0.6438918143108898,0.1713661088919676,0.1565327045613986,0.0282093722357439,-2.89180794104862e-06,1.5527648562258776e-06,9.196293949964624e-07,23.204578399658203,31.819486618041992,1785.5946975342729,0.1731364050308393,173.13640503083934
case_00532,0.7408261639071189,0.1933933662082723,0.0613809663607437,0.004399503523865,3.422855171534049e-07,2.718666511691583e-06,-2.6778168723637543e-06,25.998912811279297,35.94419860839844,1328.7191805694156,0.1475643914578765,147.56439145787655
case_00533,0.1624535991148637,0.1484105651049962,0.2516051484199215,0.4375306873602185,1.7240930904582426e-06,-2.675193549586076e-06,-1.119566631152662e-06,32.81585693359375,47.99429702758789,9803.779485006304,0.3334239279245658,333.4239279245658
case_00534,0.0232515492667724,0.3695243184484679,0.0583225012866513,0.5489016309981082,2.480122962076037e-07,5.811411647069456e-07,-2.1034085871478856e-06,18.47916412353516,24.38036346435547,4113.209046469472,0.2082573589513202,208.25735895132027
case_00535,0.4165749842189479,0.1896350985480732,0.3018329591505252,0.0919569580824535,-1.0566266845177252e-06,-4.329565762376825e-07,4.810582187792032e-07,18.634822845458984,25.20064353942871,8757.232187191878,0.3168816259971321,316.8816259971321
case_00536,0.1863529378333901,0.5042663187080163,0.1798422800113399,0.1295384634472536,-2.1824966094481327e-06,-1.016202270842748e-06,9.705909283643747e-07,32.90989685058594,54.43416976928711,12016.920820659416,0.3948551737286502,394.85517372865024
case_00537,0.2240387739102511,0.5790335200358732,0.1341925358713207,0.062735170182555,2.325378430897148e-06,-2.458088638205562e-06,1.3268151215942612e-06,35.50665664672852,57.32559585571289,5921.595634427034,0.3346692655144928,334.6692655144928
case_00538,0.3689782370309006,0.5182868743177205,0.0314394389948628,0.0812954496565161,-1.7542564567438204e-07,3.759247180278553e-07,-1.4686126984886077e-06,20.73546028137207,37.31775665283203,4542.025308204596,0.2814158717667365,281.4158717667365
case_00539,0.0597926480217914,0.1669855567689662,0.2337040780033526,0.5395177172058897,2.2686911819142087e-06,-1.2575564595231794e-07,-2.464501490180496e-06,26.14658737182617,30.532264709472656,5110.057230477308,0.2544971087479895,254.4971087479896
case_00540,0.2449511628768704,0.2256278606389177,0.1010509636585581,0.4283700128256535,5.1511273459901e-07,-2.3726732510938544e-06,-2.5278980583486133e-06,36.77814865112305,50.41325378417969,11814.683744242167,0.2879833035520516,287.98330355205167
case_00541,0.1128773066058497,0.6851248091715335,0.1780912442853665,0.0239066399372501,1.0451526996900051e-06,6.749370425825003e-07,-4.430907092956574e-07,14.674917221069336,18.488035202026367,9441.276642767809,0.3025379331046834,302.5379331046834
case_00542,0.4096722491758444,0.1428587242565293,0.4212423478350677,0.0262266787325584,1.8255669262707003e-06,1.4277187215176309e-06,2.6750664543762907e-06,47.45449447631836,66.06697845458984,14877.12573307196,0.2689746652901697,268.9746652901697
case_00543,0.0457652040331509,0.4609463533453904,0.0613546017228373,0.4319338408986214,9.54933267600806e-07,1.6036698063218898e-06,-1.6936257945178524e-06,21.082763671875,24.39628219604492,3657.002523989757,0.2399546486180606,239.95464861806065
case_00544,0.1004403635125774,0.3157941554711853,0.3633228446049023,0.2204426364113349,-6.116709559263739e-07,2.4322391295745646e-06,-1.459550391950704e-06,34.36481094360352,47.3908805847168,9796.699012119476,0.441508683897217,441.50868389721705
case_00545,0.3644920992060185,0.2392075320110428,0.0337712933354337,0.3625290754475049,8.18003035719058e-08,-5.43175548667337e-07,-2.3946671873648465e-06,43.612831115722656,55.528133392333984,10051.94148050258,0.3039536426124505,303.9536426124505
case_00546,0.1441329116420078,0.3791570955072584,0.2789731716417415,0.1977368212089921,1.8182731480552795e-06,2.7184366117328216e-06,6.334216433635817e-07,51.26589584350586,83.83338165283203,32195.742743745388,0.4704029498680632,470.4029498680632
case_00547,0.2916626742604167,0.2053435950170332,0.0566118949213168,0.4463818358012332,-7.580982217620948e-07,2.1925764304961168e-06,1.0792372436830494e-06,27.294113159179688,35.9716796875,8896.592657859546,0.2674697133492482,267.46971334924825
case_00548,0.4203101592746064,0.3110023393858511,0.0445121925358031,0.2241753088037394,-6.712712593890175e-07,-1.2209905738563658e-06,8.5758724896456e-07,19.04883003234864,29.766481399536133,4189.992840664909,0.2924210863643647,292.4210863643647
case_00549,0.158741674772857,0.5144928104206107,0.2035802786779949,0.1231852361285373,-2.425859303651993e-06,-2.044301775903249e-06,2.166781458268688e-06,41.952293395996094,65.5564193725586,9224.691645514638,0.389476288893982,389.476288893982
case_00550,0.8414031288091488,0.0262336565983415,0.1227649541079072,0.0095982604846024,2.4875066113304867e-06,-3.876636232319197e-07,-8.144498984356965e-08,18.109939575195312,34.18852615356445,2739.1449183824893,0.1278499266792282,127.8499266792282
case_00551,0.2196346689227233,0.40804733032778,0.0535843204651421,0.3187336802843545,-2.4537821103273497e-06,-5.886077522642005e-07,-2.1932577553976134e-06,47.27603912353516,61.05068206787109,11925.098654829391,0.3257815304671638,325.78153046716386
case_00552,0.0596028619495157,0.4167377724564601,0.2418244541207899,0.281834911473234,8.892550646913353e-07,4.543158319872258e-07,-1.263569215773524e-06,16.05567741394043,21.711790084838867,8043.315210270644,0.4536375418577435,453.63754185774354
case_00553,0.003655727295999,0.6622576081430417,0.2609575459225654,0.0731291186383938,-5.208331271832138e-07,5.003173939664879e-07,9.745798405281112e-07,12.735528945922852,16.3162784576416,7223.267311039391,0.2920316648378728,292.0316648378728
case_00554,0.4131693791961452,0.0772458130789803,0.4816794772197101,0.0279053305051641,-5.66283658467346e-07,1.4999219062798515e-06,6.787318424493591e-07,24.013851165771484,30.31133270263672,8446.291845094043,0.249856502223962,249.856502223962
case_00555,0.5126089724751987,0.3278984917919753,0.0427831711515843,0.1167093645812414,1.0773110194361037e-06,5.933968923366112e-08,1.860187784577749e-07,15.773137092590332,20.580604553222656,6161.433827522698,0.2292577260622385,229.25772606223848
case_00556,0.0065153788160431,0.3301933740904456,0.187128099881006,0.4761631472125053,-2.597437604220728e-06,-2.371064154355407e-06,1.0977865121321228e-06,32.93559265136719,43.50965881347656,8289.166930509897,0.2747510845997984,274.7510845997984
case_00557,0.1665370428576133,0.1683418368228008,0.6418261638682546,0.023294956451331,5.622346977086077e-07,2.1497480133186364e-06,8.243451022397961e-07,22.00332260131836,39.5533332824707,9976.977232947513,0.1880114960479799,188.01149604798
case_00558,0.3733643582759684,0.3061777296369681,0.1764434727483649,0.1440144393386985,1.632190715834129e-06,-1.1414125008888777e-06,2.28794933678971e-06,47.00689697265625,114.34349060058594,8987.374728250143,0.3789903029983429,378.9903029983429
case_00559,0.7988759229211104,0.0734811403763811,0.0294902565578238,0.0981526801446845,1.9692765473195657e-06,2.8277847618395523e-06,5.160982648697797e-07,34.32376480102539,49.194435119628906,7296.485962822981,0.1360886258490707,136.08862584907078
case_00560,0.2007962718565805,0.0044766849657302,0.1109107072581913,0.6838163359194978,-1.9768176636373483e-06,-2.292839347921379e-06,1.6716081522033389e-06,25.19618225097656,37.30095291137695,5065.898556685181,0.1794685613105656,179.4685613105657
case_00561,0.4284102582440715,0.1630988096120501,0.014552202371369,0.3939387297725095,2.3845143004690424e-06,2.749507033395019e-06,-1.5077570642011929e-06,47.67259216308594,59.5665283203125,7763.457945372232,0.2619610213390827,261.9610213390827
case_00562,0.2582501487319249,0.0345068066385504,0.0278555503466499,0.6793874942828745,9.368765510846528e-07,-2.4539291587048983e-06,1.069095507534408e-06,20.930870056152344,26.57439994812012,3495.3829984967792,0.1809086096637385,180.90860966373856
case_00563,0.1896229821637985,0.3030167415702502,0.361985847346094,0.1453744289198571,2.2911288049240967e-06,-1.6137831723176431e-06,2.4131647102960542e-06,39.65278625488281,90.6527862548828,10006.455906729328,0.3609998397692677,360.9998397692677
case_00564,0.3248712440729259,0.2509526649624585,0.1699484015283384,0.2542276894362771,-8.83156973388104e-08,-2.7205203474807503e-06,-6.856060326010005e-07,49.263614654541016,62.80717086791992,19482.844820647755,0.4215873389326199,421.58733893262
case_00565,0.2845797352720394,0.1763177691522202,0.4269555917134225,0.112146903862318,2.522000705832122e-07,1.2306788798339692e-06,1.67462512403188e-06,24.550724029541016,33.51694869995117,15641.188681411631,0.2916828080537239,291.68280805372393
case_00566,0.2312023085847012,0.2469475834742397,0.2216917358157691,0.30015837212529,2.514229662172027e-06,2.10179241943075e-06,1.348735807172612e-06,54.37554168701172,86.4884033203125,36230.78144566912,0.4648415236928518,464.8415236928519
case_00567,0.1710564185523593,0.4532124048475437,0.0694572310680096,0.3062739455320873,2.3994572601280308e-06,-3.955735091041173e-07,-2.6428428187690653e-06,32.91991424560547,41.5832405090332,5549.4156465688375,0.3294323572780246,329.43235727802465
case_00568,0.118382750786613,0.1869605003872191,0.5321731771446447,0.162483571681523,-3.1103475978598776e-07,2.571132450254578e-06,4.890498577444338e-07,24.828876495361328,34.50959014892578,8604.524143988987,0.2441206476566762,244.12064765667623
case_00569,0.4326475388772787,0.2243543590619581,0.319609714520207,0.0233883875405562,-1.3535242101859095e-06,5.417944305335977e-07,-2.2188639047951856e-06,36.38894271850586,47.09666442871094,8202.841742925493,0.2742886465370893,274.28864653708933
case_00570,0.2054182283700902,0.3143235011552621,0.4475629856568343,0.0326952848178133,-6.409773926144153e-07,7.800428126791392e-07,2.803915033383547e-06,31.724489212036133,43.17958068847656,7169.622841755827,0.2534221430759027,253.4221430759027
case_00571,0.0340027771687781,0.0730518274683908,0.802221518470824,0.090723876892007,-6.734140288215015e-07,2.0725152102046194e-06,1.8684450162039367e-06,21.921039581298828,30.623750686645508,6027.530771429421,0.1528012996943446,152.80129969434466
case_00572,0.3060948234965921,0.101562185120657,0.4390518720447302,0.1532911193380206,-1.2787987501032362e-06,-1.2191987696889666e-06,-2.34165719251728e-06,35.25685501098633,52.19535446166992,18500.90977129876,0.2899506935556822,289.9506935556822
case_00573,0.2386056976659834,0.7477989521080316,0.0056801033851556,0.0079152468408293,-1.3885223740022006e-06,-8.744056720342454e-07,-2.2694880141139297e-06,48.04059219360352,67.39286041259766,13585.537370747776,0.2633889002695527,263.3889002695527
case_00574,0.304221754134386,0.0460298360604491,0.1406489922015776,0.509099417603587,2.1663776188783165e-06,2.4357115151678665e-06,5.668431294757139e-07,35.34455490112305,52.64947509765625,14823.98244750195,0.2474672388999653,247.4672388999653
case_00575,0.4586534324759754,0.2399334351858532,0.2032014161465627,0.0982117161916086,-2.58082847589203e-06,2.405780976232583e-06,-9.306649549609e-07,35.60973358154297,52.84855270385742,3915.706697623513,0.2903360586079397,290.3360586079398
case_00576,0.6329425412058834,0.1192648335282143,0.0214831516271569,0.2263094736387454,1.065667092597565e-06,2.858896657205225e-06,-2.7905648455613443e-06,31.20432472229004,54.97016525268555,2188.473903740198,0.1736961984751713,173.69619847517134
case_00577,0.0363406603838977,0.127332125157012,0.2129160348175193,0.623411179641571,-1.963079691261286e-06,2.4110298986500268e-06,2.498490469983185e-07,22.57386016845703,27.00116729736328,4185.066506113457,0.2085494250961891,208.5494250961892
case_00578,0.0976234926496766,0.1738495584312913,0.7082976025677451,0.0202293463512869,-9.329646396356208e-07,-2.235767783799835e-06,-6.729294018849184e-07,22.012815475463867,33.88407897949219,9370.372691065286,0.1702887601183679,170.28876011836792
case_00579,0.1690339811608922,0.2640789978773144,0.2883162719290043,0.2785707490327891,-2.630741795190979e-06,1.942345716821924e-06,-2.393541045769544e-06,48.30936813354492,69.11698150634766,18469.085586537,0.4957275185127343,495.7275185127343
case_00580,0.4821320081327811,0.2534148975669302,0.189523414577658,0.0749296797226305,-1.3801581788672275e-06,-5.409691313424354e-07,1.811522353535896e-06,20.07417678833008,28.722795486450195,2883.4553545705803,0.2626952431754891,262.6952431754892
case_00581,0.2645834313721176,0.4728199886678431,0.2623578668483043,0.0002387131117348,1.6105264267034524e-06,2.944808135675627e-06,2.4904605916728364e-06,64.2122573852539,80.24220275878906,8859.622977092284,0.3074097586600654,307.40975866006545
case_00582,0.7107460058780132,0.0368748435039319,0.2092653770155857,0.0431137736024692,2.310091947283552e-06,-1.663142140271937e-07,1.5395636040847797e-06,26.06941795349121,48.28352355957031,6614.250012267255,0.1534909003141739,153.49090031417393
case_00583,0.3439294197336983,0.4310120855562762,0.0451683650333514,0.1798901296766739,-1.6708370885857978e-06,3.230164950133238e-07,1.934533860097664e-06,27.47640419006348,47.3067626953125,2879.142998377837,0.3160338228821655,316.0338228821655
case_00584,0.3497991305715188,0.2644179067976178,0.0740654106058034,0.3117175520250599,-2.187129644464691e-07,1.786494915407911e-07,-1.701056596403296e-06,31.66020774841309,47.92597579956055,10115.16867907565,0.3423562841884719,342.35628418847193
case_00585,0.7002706098945168,0.0370795320944034,0.0420747515798378,0.2205751064312419,-1.7805571237676185e-07,-1.069577820850333e-06,-1.418562294488394e-06,17.821895599365234,28.6816520690918,8052.686650327217,0.1555231939055531,155.52319390555311
case_00586,0.5138903578036255,0.1996461782356975,0.2052395554907178,0.0812239084699592,2.241451834558405e-06,-2.549867466642491e-06,-1.7488347582048735e-06,37.20371627807617,51.79068756103516,3947.857109623661,0.2435081200472985,243.5081200472985
case_00587,0.2062320211808717,0.0023318981938497,0.2314906064376354,0.5599454741876431,1.5767943172548327e-06,2.3739073824115108e-06,1.590380588193384e-06,33.157188415527344,50.4450798034668,15166.759528658671,0.2237287516809015,223.7287516809015
case_00588,0.2139004956126944,0.466741785791448,0.2903780133682187,0.0289797052276387,7.846331020829925e-08,1.816054875157721e-06,2.687502473606982e-06,46.466304779052734,62.688453674316406,9073.00270704606,0.316362397295143,316.36239729514296
case_00589,0.7025148655593217,0.020752908932658,0.2304564896053421,0.0462757359026781,1.0244832028306405e-06,-2.1628393166419847e-06,1.301023240403416e-06,16.814725875854492,22.496620178222656,1665.008375787231,0.1554014996785244,155.40149967852443
case_00590,0.0074758364781535,0.3480529606014037,0.2219547277262705,0.4225164751941723,2.084130323456201e-06,1.6606096281004374e-06,2.288800589277336e-06,32.06192398071289,47.277610778808594,17381.494319911322,0.3294891479173047,329.4891479173047
case_00591,0.4641402140295151,0.0241137068194652,0.0707660386058242,0.4409800405451953,-2.9427662758467303e-06,7.550799963036601e-07,8.321945692990352e-07,42.333744049072266,55.27682495117188,6064.823476327473,0.2446236504617281,244.6236504617281
case_00592,0.090368768699071,0.2808454031721329,0.2271207830391153,0.4016650450896808,-5.826598136997083e-07,-5.451372724942664e-07,-6.740405966472057e-07,14.412202835083008,22.550264358520508,23770.19960422196,0.3816838018899113,381.68380188991136
case_00593,0.3707122202747501,0.1766701860311882,0.3513589629763787,0.1012586307176828,2.443459003662472e-06,-1.4758731054266237e-06,-4.454303104181688e-07,40.18317413330078,48.76912307739258,7898.069425930525,0.3345962489782755,334.5962489782756
case_00594,0.0888940328289746,0.3781526627826304,0.1437305664761743,0.3892227379122207,1.4418781850637084e-06,2.1583727010133945e-06,-2.5480714069955712e-06,30.61229133605957,36.20750045776367,4776.7047836743295,0.3068905299580763,306.89052995807634
case_00595,0.2569812990551786,0.2897670969517124,0.3694150949705654,0.0838365090225437,2.570482460044479e-07,1.2011295557643185e-06,-2.8112568285238435e-06,35.69325637817383,61.24750900268555,7213.053462875328,0.3225566334509034,322.55663345090346
case_00596,0.1454742448351444,0.3306338955815869,0.1757439857804252,0.3481478738028434,1.7786716221080037e-07,2.864394568148211e-07,1.172853625134464e-06,18.30760955810547,24.37092971801757,17792.23971045062,0.3992361659016832,399.2361659016833
case_00597,0.4021387989485577,0.3834860137148533,0.154337646351515,0.0600375409850738,-9.133794143733736e-07,6.574112033907845e-07,-3.6942664793291617e-07,14.476188659667969,27.24590301513672,3532.578751942512,0.2990939864797713,299.0939864797714
case_00598,0.1680986252185168,0.0459302699252496,0.6592479167956518,0.1267231880605819,1.2312320184908692e-07,-2.4536029075069142e-06,3.132904083277772e-07,20.46982383728028,26.7415828704834,5599.337445658144,0.1874882108717566,187.4882108717566
case_00599,0.0747481701856142,0.0114840912224671,0.4624245915841541,0.4513431470077645,9.322991967807192e-07,-1.564814345328484e-07,3.459674857344977e-07,8.983366012573242,13.116600036621094,10604.05050375844,0.2412730027442048,241.27300274420483
case_00600,0.2994447643464461,0.0535085231825602,0.3789546691507257,0.2680920433202679,-4.898217694272413e-07,-1.837798243285788e-06,-1.3357451200001916e-06,28.422119140625,46.72101211547852,25705.28154814573,0.3610201221404392,361.0201221404392
case_00601,0.4095076876866829,0.337192207860464,0.1642740195269915,0.0890260849258614,1.2849188783530436e-06,-1.7496979259470478e-06,-1.4464493502305572e-07,23.34532165527344,34.73561477661133,3263.735539262392,0.3133565498875342,313.35654988753424
case_00602,0.6971943260924547,0.0953262396529393,0.1836193202312221,0.0238601140233839,2.167393363562315e-06,9.678237737212003e-07,-1.7543866999378654e-07,22.75962448120117,39.02885055541992,6114.853826313645,0.1565819336807027,156.58193368070275
case_00603,0.1407889167235596,0.0059140094303843,0.1491301925661129,0.704166881279943,-2.071890910890833e-06,2.4675369110057287e-06,-6.694366726328581e-07,24.011249542236328,27.061504364013672,3262.156531207864,0.1737245937948113,173.72459379481137
case_00604,0.4630495575036246,0.0379887036879589,0.0300315476810677,0.4689301911273485,-2.907178630954536e-07,-5.774603371299209e-07,1.924052300406422e-06,27.30150985717773,34.343292236328125,5801.366633530251,0.2306572096730684,230.65720967306845
case_00605,0.0784474062230716,0.0106297002772622,0.6349561420428951,0.2759667514567711,-5.518794522895135e-07,-1.7535043619268578e-06,-2.9301597787442454e-07,16.68378448486328,23.69867515563965,10175.50936953173,0.1951143824322213,195.11438243222136
case_00606,0.0579670413528455,0.3910710533000321,0.0209600940072539,0.5300018113398683,1.124788824298369e-06,8.924816234199253e-07,6.218671470359268e-07,15.860514640808104,20.231311798095703,9579.554531512504,0.2074014428878851,207.4014428878852
case_00607,0.0718297225059955,0.4179959111583464,0.1760674039126869,0.3341069624229711,-1.500795208452424e-06,2.2271222781019065e-06,2.373120722284956e-06,62.93453979492188,193.8343048095703,10393.72992643502,0.3723498546768105,372.34985467681054
case_00608,0.5033235523143845,0.0414058853539111,0.3952211697750561,0.0600493925566483,8.415054897136577e-07,1.489912806734945e-06,2.197401737153535e-06,30.564712524414062,47.283653259277344,13307.61250139936,0.2289818858143067,228.9818858143068
case_00609,0.2632149353701926,0.2249117176910277,0.4213862334032714,0.0904871135355081,2.2649354503889285e-06,2.212543383219523e-06,2.342533222674991e-06,44.7430305480957,69.57167053222656,17283.231933210653,0.288912236151704,288.912236151704
case_00610,0.1675309543877466,0.1620182567547127,0.2979946597515515,0.3724561291059891,-4.91210401238264e-07,2.193280260647959e-07,-1.3799700212099165e-06,18.469640731811523,27.986047744750977,21692.264344174084,0.4236115195755305,423.61151957553056
case_00611,0.3984201003097766,0.2470461452768791,0.2060057857248514,0.1485279686884927,2.4660941998753203e-06,1.5112574662151454e-06,-2.790105070151623e-06,52.9525260925293,73.70987701416016,6650.159313459511,0.3647236831163458,364.7236831163458
case_00612,0.014179657451074,0.1001172501750968,0.0752375668182158,0.8104655255556131,2.958982433600871e-06,-2.159612643846381e-06,-1.4335992006280247e-06,25.13249397277832,26.466136932373047,2707.0926632101987,0.1510732416705372,151.0732416705372
case_00613,0.360825038638883,0.188687598964933,0.3841908817006494,0.0662964806955343,-2.3634477003122874e-06,-9.103523078208512e-07,-1.3277559262757482e-06,43.48339080810547,53.65417098999024,16279.331052805916,0.3085415149714323,308.54151497143226
case_00614,0.2130003497404995,0.3570626515957357,0.2435209729110134,0.1864160257527512,-1.6016808720908482e-06,-6.627050131108655e-07,2.456161960349808e-06,32.974300384521484,44.56791687011719,10604.661835715417,0.4792014424822377,479.2014424822377
case_00615,0.5636020886568827,0.2350138559280448,0.1081128038635177,0.0932712515515548,2.702278508892559e-06,6.77744774762075e-08,8.954563970278236e-07,34.822349548339844,56.3333740234375,7569.15626166915,0.2110684955956831,211.06849559568312
case_00616,0.5580053906561345,0.1294008051759453,0.2894180238078396,0.0231757803600805,2.7499661188883208e-06,2.574458161540942e-06,-2.5097762423866274e-06,37.51372146606445,60.05467224121094,3993.433804332162,0.2021604781771827,202.1604781771828
case_00617,0.12877027394775,0.1562498904463442,0.0515654825617081,0.6634143530441976,-2.413756347679449e-06,2.245779361333045e-06,-2.187728423933393e-06,27.27523231506348,38.66452026367188,4317.931424668404,0.1834966402252154,183.49664022521543
case_00618,0.3703903264538112,0.1974850765720974,0.1175449157387964,0.3145796812352949,-2.91000899773718e-06,-2.192847046264893e-06,-2.065943246748148e-06,62.16954803466797,91.97019958496094,21024.895592363304,0.3558562304401883,355.8562304401883
case_00619,0.0409713446242538,0.4573989516434685,0.0390149750768595,0.4626147286554181,-2.0333998604614667e-06,-1.963262088705221e-06,7.825304890135391e-07,31.360462188720703,36.33112716674805,5553.590258603214,0.2241627944239705,224.16279442397047
case_00620,0.0590573910721179,0.3837135711130895,0.5277402500803964,0.0294887877343959,2.97607670029349e-06,-8.541567024665318e-07,1.4124841530420188e-06,33.351192474365234,40.92806243896485,5825.913185860968,0.2103586126046824,210.3586126046824
case_00621,0.0858410681596608,0.5476237669028123,0.0912787478105089,0.2752564171270179,-1.9200023003358788e-06,-1.2555368046559565e-06,2.1578634633923773e-06,30.42549133300781,43.262489318847656,5700.916227046284,0.3262155732102328,326.2155732102329
case_00622,0.462093542988633,0.2447128982178683,0.1750420701227224,0.1181514886707763,1.5285640332138652e-08,6.88625718937574e-07,2.6438193048374587e-06,37.69214630126953,54.08302307128906,9480.10651923764,0.2912609347333578,291.2609347333578
case_00623,0.4324909714040307,0.1473075314282292,0.2158348170946321,0.2043666800731077,2.0905063585830663e-06,2.416656286587269e-06,-1.7897726556813495e-06,43.6243896484375,58.269081115722656,9835.390943642513,0.3411839631347622,341.18396313476217
case_00624,0.117291604695621,0.2733622784848557,0.5380284049193972,0.071317711900126,-2.877590335870762e-06,2.773749250035521e-06,-1.1413650916557057e-06,32.42011642456055,45.6257438659668,4082.151251526203,0.2225807694725975,222.5807694725975
case_00625,0.244756351203915,0.2014019506464179,0.1186844002168358,0.4351572979328312,6.269338935507568e-07,9.216177152113592e-07,-1.558062715531016e-06,17.167339324951172,20.8806266784668,5898.829636641539,0.289346278894773,289.34627889477304
case_00626,0.0787352894338422,0.0407186251851637,0.6770358966509217,0.2035101887300724,-1.337847306782254e-06,2.0289552084065205e-06,-8.474305952031734e-07,18.1026554107666,19.570884704589844,3557.8647482764413,0.1842349185358562,184.2349185358562
case_00627,0.2966859568808903,0.3533730934350975,0.0101934432287542,0.339747506455258,2.174009498638389e-06,1.512132013847828e-07,2.4879906445424967e-06,47.48522567749024,62.14512252807617,10053.154213426056,0.3037467624265018,303.7467624265018
case_00628,0.1213110661750354,0.1456733063565553,0.2009156763606313,0.5320999511077781,-1.299233104415525e-06,-1.7500383188397617e-06,4.50675401636169e-07,20.602628707885746,27.988300323486328,10283.545044476085,0.2497794292135104,249.7794292135105
case_00629,0.0061987536834047,0.2080710636503915,0.373785195692226,0.4119449869739779,1.120534321691453e-06,1.4813047256086446e-07,1.4291513839469948e-06,21.638900756835938,35.88703155517578,31792.54610396048,0.4228651283164212,422.8651283164212
case_00630,0.555304853720715,0.0679769182540824,0.1675313384707241,0.2091868895544783,1.0453177946843814e-06,3.304956086259068e-07,-5.928458323930808e-08,11.536747932434082,14.792969703674316,8967.493576370776,0.2283247369883518,228.32473698835184
case_00631,0.3048920084590057,0.0610547046928997,0.0442081072959613,0.5898451795521333,-1.67103870684216e-06,1.45474538528134e-06,-2.826852519983253e-06,28.8411922454834,51.71260833740234,6565.599308862223,0.2088779995091666,208.8779995091666
case_00632,0.0009858840312585,0.6786977467667349,0.1250848559061706,0.1952315132958359,-2.7912048007898994e-06,-1.6807020617559056e-06,-2.614827084013114e-06,48.850494384765625,75.61772155761719,22363.810069930303,0.3181837542263391,318.1837542263391
case_00633,0.0997481924099648,0.004120828219101,0.3826571461302919,0.5134738332406422,-5.445025572876163e-07,-7.901377074796095e-07,2.2753818760731465e-07,8.423826217651367,11.522071838378906,10303.141077560273,0.2353343244652045,235.3343244652046
case_00634,0.308804758365898,0.0352878349429026,0.3205246577222104,0.3353827489689888,-1.2648410882047818e-06,-8.158351847126021e-07,1.3127342089201536e-06,20.736696243286133,22.88894271850586,11040.263821492428,0.3705487801167859,370.5487801167859
case_00635,0.2008970414176717,0.2716446285087734,0.3496762092699863,0.1777821208035685,1.853866497682252e-06,2.7566375744469896e-06,-1.708016834827611e-06,46.44526672363281,57.90630340576172,13067.79519934861,0.4113082332229296,411.3082332229296
case_00636,0.0679303655735368,0.4896098841208612,0.0591817430339058,0.3832780072716961,1.802185130732072e-06,-3.363302380396863e-07,1.331457443953824e-06,25.62986183166504,29.535194396972656,6055.407100207698,0.2569715580309062,256.9715580309063
case_00637,0.4594891472089362,0.0600264009787666,0.3770648503396462,0.1034196014726508,-2.578562868442472e-07,1.5305638037888794e-06,1.8639946409010748e-06,27.56233787536621,40.93352127075195,12359.911056768453,0.2710962013147033,271.0962013147033
case_00638,0.2122531326843623,0.3792095981138892,0.0096474971392818,0.3988897720624665,6.390733519393133e-07,1.504868288246634e-06,-5.286151298273327e-07,18.01041603088379,38.652530670166016,6496.094023482111,0.2661148509549954,266.1148509549954
case_00639,0.3954218183576107,0.1904260397441664,0.0427732956085242,0.3713788462896986,6.25557095921551e-07,-1.4067348911805517e-06,1.4785153970646296e-06,27.393861770629883,32.44245147705078,6458.4550026839415,0.2955121197308935,295.51211973089346
case_00640,0.5386860881594991,0.4180024240907251,0.0175426071161536,0.0257688806336221,1.9629488905657405e-06,4.312181362303925e-07,-5.758202980292406e-07,28.199892044067383,51.90830612182617,3815.683481005543,0.2064116631747184,206.41166317471843
case_00641,0.3531776841060816,0.2397114820366879,0.1811458969536357,0.2259649369035949,-4.49985515260815e-07,2.365817359911889e-06,1.0701037767301198e-06,45.61031723022461,60.55897903442383,16952.317602332954,0.4100669521072369,410.06695210723694
case_00642,0.2272256228551069,0.3698574514363225,0.0725341167343568,0.3303828089742138,-1.3473199212569457e-06,-1.488136832583035e-07,1.5839822959172582e-06,19.838695526123047,24.53857612609864,6265.8237041591,0.3351317035772018,335.1317035772018
case_00643,0.167605028347042,0.279625667146905,0.1107188472315407,0.4420504572745122,-1.4097904911567152e-06,2.6707050440552763e-06,2.9515597098486644e-06,40.13847351074219,53.09769821166992,8499.992209275339,0.277894852131373,277.894852131373
case_00644,0.6156213828703141,0.1474465556752807,0.0705906887652567,0.1663413726891484,2.171536756932249e-07,-1.7132506240550305e-06,-9.276200276184236e-07,21.245738983154297,32.29645919799805,7047.818884606437,0.1870014339636418,187.00143396364183
case_00645,0.0362083846073619,0.606011339739601,0.1930632603992618,0.1647170152537751,-3.051107836067247e-07,-2.555045365355816e-06,-5.337553165523311e-07,32.2152099609375,59.38093185424805,17338.426973687376,0.3597423327566379,359.7423327566379
case_00646,0.2858555826245955,0.3178569015966872,0.0241515327269098,0.3721359830518074,-3.59275374090383e-07,2.348723238868496e-06,-2.006279643538972e-06,30.964675903320312,36.36085891723633,5790.639260319282,0.2963923746397344,296.3923746397344
case_00647,0.0566773834803528,0.2561081655250471,0.3537926138966815,0.3334218370979183,-2.4531759654617567e-06,2.0860871877733e-06,-1.7755616495891587e-06,38.702518463134766,52.14448928833008,16837.17200429267,0.4833431026754475,483.34310267544754
case_00648,0.2523975659590452,0.2305009142267989,0.0483941325476852,0.4687073872664706,1.311622444141174e-06,2.9555392556030685e-06,1.160370015590266e-06,39.54557418823242,56.329288482666016,13147.049412786722,0.2528136719407592,252.8136719407593
case_00649,0.2137555968895721,0.4634742246130039,0.2257817414297455,0.0969884370676784,-1.7175798721085355e-06,1.076360928674556e-06,2.5022735409268564e-06,39.29463958740234,71.03981018066406,8726.009524762843,0.3824545319944264,382.4545319944264
case_00650,0.3531585608175863,0.0198666880084394,0.4910824030917819,0.1358923480821922,-1.818278218747672e-06,2.620127560002897e-06,-6.323702900325566e-07,28.65746116638184,52.51905059814453,5914.260732759861,0.2578396435170443,257.8396435170443
case_00651,0.0001239238358327,0.6583933384206291,0.0441454539871762,0.2973372837563619,-5.234500783356395e-07,1.961694150504665e-06,-1.9209333189867524e-06,23.542877197265625,29.84438705444336,3862.254043566334,0.2695425716829703,269.5425716829703
case_00652,0.3928603612688948,0.0207202001208363,0.5851945369267458,0.001224901683523,-1.6333299502931917e-06,2.066557998720521e-06,-1.2894030037020356e-06,29.485811233520508,38.28243637084961,5038.397517955248,0.2180699701240672,218.06997012406725
case_00653,0.1336004499174613,0.6365534408313251,0.1791948098685445,0.050651299382669,5.031496038480921e-07,4.148494227256097e-07,-2.696897711511683e-07,8.137168884277344,10.697619438171388,9819.456078033085,0.3246862824239056,324.68628242390565
case_00654,0.1495068693707943,0.1055226800227043,0.6191372148764706,0.1258332357300306,-7.712199639931711e-07,-7.058124124997348e-07,-1.2560980238077898e-06,15.383504867553713,22.2852725982666,13003.696600373289,0.2015438940935706,201.54389409357069
case_00655,0.2302453862129191,0.329245806520503,0.0841954249595599,0.3563133823070179,-3.065296644432595e-07,2.607348435259691e-06,-1.5985255012688024e-06,32.803253173828125,46.56990814208984,6589.336442541672,0.3288157731944126,328.81577319441266
case_00656,0.0937078435234976,0.6580084165847659,0.0185014949126019,0.2297822449791345,2.23015929624173e-07,-4.072969463046333e-07,1.4159069325424776e-06,16.47462272644043,24.61888885498047,7657.40810412713,0.2945020576465553,294.50205764655533
case_00657,0.2008515814622828,0.1446828982495749,0.2954752730722931,0.3589902472158491,-1.778786865109171e-06,2.3291620349801425e-07,-2.952930472556261e-06,44.14726257324219,62.61772537231445,24807.09908460684,0.4188897835668172,418.8897835668173
case_00658,0.0017261749906061,0.0721073732966674,0.4928207582407296,0.4333456934719968,-2.0654902628068213e-06,-3.233141572488735e-07,2.353831640188988e-07,20.32578086853028,26.025707244873047,10658.79867649472,0.2589186656633653,258.91866566336535
case_00659,0.3742844436441448,0.1583807885829897,0.3331819055611841,0.1341528622116812,2.2825314172416285e-06,3.889098837611825e-07,1.7626008421785234e-06,43.11880874633789,63.61469268798828,19563.83405718002,0.3533006516725857,353.30065167258573
case_00660,0.1171480354114815,0.0368559696753259,0.5039678402958012,0.3420281546173913,-3.976577830114738e-07,-1.7696952604603706e-07,-1.402630282095191e-06,14.56801414489746,21.37146377563477,13299.367178209486,0.2546715371400639,254.671537140064
case_00661,0.0114012186149529,0.1030484648632882,0.7253444146879371,0.1602059018338216,-5.274383422047649e-07,-2.7121946485231446e-06,6.197490636721041e-07,22.34243965148925,30.096954345703125,5550.149594960265,0.1726374587000217,172.6374587000217
case_00662,0.3026553959801233,0.3266881045329344,0.1250883799643105,0.2455681195226317,-2.7863270983629512e-06,2.292289116046192e-06,1.0134006337117071e-06,44.797637939453125,65.7768783569336,8320.874835622395,0.4095882881475907,409.58828814759073
case_00663,0.1837117603436827,0.0213955518221591,0.580553219745631,0.2143394680885272,-1.2142184475640748e-08,-3.336370865053811e-07,9.3014817843054e-07,8.22656536102295,11.96016788482666,5690.023724247481,0.2159403211510651,215.94032115106512
case_00664,0.3498940291562704,0.3848351239250951,0.0482703858357799,0.2170004610828546,3.250183296660006e-07,5.336618910440923e-07,-3.24902194807694e-07,9.711492538452148,21.00032997131348,4666.955811594905,0.3254529560541864,325.4529560541864
case_00665,0.1545286812372779,0.512902316741733,0.0587504561994247,0.2738185458215642,3.530452257279989e-07,-2.1648731834520776e-06,-9.205320727453248e-07,31.89554023742676,44.30977249145508,7879.517128620926,0.3266212206336618,326.62122063366184
case_00666,0.3762645369725306,0.1407121095767312,0.0590526331473543,0.4239707203033837,1.242187015937306e-06,-2.979672912104165e-06,2.015544438166881e-06,47.23285675048828,60.85311508178711,6590.879817430588,0.2853506517739976,285.3506517739976
case_00667,0.4117070118747796,0.1163760296093154,0.3176470973781646,0.1542698611377402,-1.935108990053929e-06,-1.5282594381381425e-06,1.5506757419991855e-06,32.31224060058594,54.61380386352539,10151.474634499034,0.3395208086987033,339.5208086987033
case_00668,0.3107540345304848,0.0552749478334511,0.5496643501824842,0.0843066674535799,-1.4866611946162871e-06,1.2275161928001014e-06,-1.072468959516525e-06,17.543027877807617,27.800270080566406,6018.618827245919,0.226073393788321,226.073393788321
case_00669,0.3366587369140772,0.0439411665270068,0.0868097373604109,0.532590359198505,1.8643827913824765e-06,-2.4048328193227284e-06,-2.381884833346764e-06,33.10095977783203,54.64262390136719,7109.212442337126,0.2342755846900549,234.27558469005493
case_00670,0.1194308551638784,0.692122702984102,0.005676811610817,0.1827696302412025,2.683023701060364e-06,2.4533246423188072e-06,-2.5691547273271848e-06,44.260623931884766,65.16944885253906,6014.0155098582745,0.2962179462476599,296.2179462476599
case_00671,0.3748918506564361,0.0177805103062714,0.1209942296013871,0.4863334094359052,-2.184403515796076e-06,-1.7098645838628929e-06,-2.434344132606384e-06,41.34912109375,68.09146118164062,17256.76265262301,0.260971241625916,260.971241625916
case_00672,0.2375548690898246,0.1812338153925874,0.2648596974885085,0.3163516180290793,-1.4102672968690973e-08,-1.7724383142493451e-06,4.972161671522567e-07,23.933794021606445,42.22273635864258,17357.733390245154,0.4609351390052308,460.9351390052309
case_00673,0.0021328211737018,0.1334000726246797,0.7079376503394454,0.1565294558621729,-1.714942483562479e-06,-1.910952230271027e-06,-2.690026945026062e-06,33.927982330322266,45.21226501464844,11477.57944157393,0.1776025831627924,177.6025831627924
case_00674,0.2529015228370115,0.0835200963291702,0.3323168440635655,0.3312615367702529,-2.639560989870105e-06,-2.916109722171812e-06,-9.784387502157698e-07,51.1297721862793,79.618896484375,28711.281502712005,0.3862270530323159,386.2270530323159
case_00675,0.1595150305251132,0.8077334208975772,0.0290503433776776,0.0037012051996319,-1.0469799712431876e-06,1.630832810869408e-06,1.5191982114853763e-06,25.60904884338379,39.98476791381836,6814.460302996912,0.2626222266392719,262.6222266392719
case_00676,0.4138394007930475,0.4632365570833071,0.0360454611100719,0.0868785810135733,-2.1378742488947235e-06,2.250207187471552e-06,-1.2339110009077314e-06,40.11432647705078,66.60242462158203,2769.453773956652,0.2694492727755816,269.4492727755817
case_00677,0.0068689031410289,0.134661476700399,0.5754125926073231,0.2830570275512488,1.2595984406054778e-06,6.849762156971933e-07,1.5798484630807788e-06,22.85228729248047,29.100425720214844,14975.174922269194,0.2390094901214711,239.00949012147112
case_00678,0.3421758381549202,0.3717205132817335,0.0010832857942886,0.2850203627690575,2.023524820286668e-07,-1.8708001099208265e-06,1.472802229242332e-06,33.433135986328125,60.16849136352539,4491.15450290186,0.3020389867738657,302.03898677386576
case_00679,0.1575741437020806,0.5542408229442951,0.2845663722632994,0.0036186610903247,-2.136993174058135e-06,-1.2883320183547216e-06,-1.5250372042007022e-06,42.1209831237793,51.74477005004883,9317.240913385867,0.2925346676429248,292.5346676429248
case_00680,0.3848856010306092,0.2571359538534525,0.2549605121329569,0.1030179329829814,-2.944550469566914e-06,-1.4443981581022042e-07,1.3729330805564724e-06,53.96794509887695,79.03397369384766,7318.593888182021,0.3535643224978145,353.56432249781454
case_00681,0.4245555110332122,0.3018688052717156,0.0568455179555275,0.2167301657395446,1.848942294145276e-06,2.7260757097398053e-06,1.4866598296326044e-06,55.74624633789063,76.67530059814453,10958.442731183924,0.2959502189481968,295.9502189481968
case_00682,0.0955608447423484,0.2233405647140949,0.4644080802140526,0.216690510329504,-1.942833563014515e-06,-1.5158917690935432e-06,-6.15276445997839e-07,30.11067771911621,39.57625198364258,17816.300699012456,0.3067566663083447,306.75666630834473
case_00683,0.0078169166154978,0.4152272698076071,0.3751863420250101,0.2017694715518848,6.372998533245957e-07,1.389875423519328e-06,-1.7374770975508909e-06,18.369037628173828,22.343685150146484,4487.242381568955,0.3412813185163851,341.2813185163851
case_00684,0.533252835511983,0.0883191201949206,0.369597954568624,0.0088300897244723,-9.784685215395266e-07,-3.633106602424781e-07,1.2762484135121465e-07,11.88504123687744,22.57877540588379,7508.546260483104,0.2053650928222716,205.3650928222717
case_00685,0.4213699903002955,0.2364029150191112,0.2017494300034868,0.1404776646771063,5.129156298902135e-07,-1.2129159098398692e-06,2.5283855280011785e-06,43.1845703125,65.08049774169922,7047.230913608108,0.3387379091714854,338.73790917148546
case_00686,0.2769658874847788,0.4322894404771631,0.2455431564307226,0.0452015156073354,-1.106078238106056e-06,-2.645043778673176e-07,8.377003945923716e-07,16.67101287841797,24.61067771911621,5756.674222078953,0.3388068692334683,338.8068692334684
case_00687,0.3885275280853201,0.2355593452061579,0.11452892638937,0.2613842003191519,-2.478362635846475e-06,-2.5727596947526047e-06,-1.962465014236433e-06,63.16008758544922,87.49797821044922,19271.411157080744,0.356314612028663,356.314612028663
case_00688,0.0844876088472297,0.118857033534255,0.7003148648430348,0.0963404927754803,-1.6622999486534785e-06,1.7921242255821745e-06,1.0965415484011192e-06,18.4249210357666,21.41539001464844,3756.272726164198,0.1758136780254706,175.8136780254706
case_00689,0.1534327039460373,0.53376683211046,0.2972792199159964,0.0155212440275063,-1.8716486011255464e-06,-1.5401884321021971e-06,-4.367818363089925e-07,34.625919342041016,46.615814208984375,9093.264664991102,0.2945182835434925,294.51828354349254
case_00690,0.0906647290223655,0.0044791534968344,0.567111182977221,0.3377449345035789,-4.31883885362137e-07,1.352472739157823e-06,5.491727841322381e-07,13.163374900817873,20.427122116088867,8161.022095925172,0.217871202886587,217.87120288658707
case_00691,0.0331928914959686,0.7294118166878196,0.1736440942628155,0.0637511975533961,9.49702700556944e-07,-2.589909771310832e-06,1.4043842101386472e-06,25.2745361328125,34.84980010986328,3929.4248921231338,0.2939422642022233,293.9422642022234
case_00692,0.3109403941707332,0.5097211352858338,0.0355124326828045,0.1438260378606282,-1.4171635503218548e-06,2.7305913369941165e-06,8.968410908666888e-08,32.933326721191406,57.84233856201172,3487.2590482220307,0.3100424104381195,310.0424104381195
case_00693,0.4545826624101081,0.1701184478185604,0.2185823559194078,0.1567165338519237,-2.9275803881962924e-06,-1.8419100875658084e-06,1.883903847439852e-06,49.15190124511719,77.89053344726562,7806.8964321210415,0.3114378375747151,311.4378375747152
case_00694,0.0427317643464708,0.1724986440986769,0.561374851298727,0.2233947402561253,1.1362418558854138e-07,2.2964524572424824e-06,1.3329334758997666e-06,26.32791519165039,38.9406852722168,11961.050791083426,0.2411878167852847,241.18781678528472
case_00695,0.0068763615340769,0.2488757235209665,0.5329155496754198,0.2113323652695367,6.345569361538325e-07,1.8568392576926071e-06,6.90440040111064e-07,20.698131561279297,32.815189361572266,13240.06206728907,0.2560345124827853,256.0345124827854
case_00696,0.3400739967003723,0.0490018372217507,0.5721339899713664,0.0387901761065103,2.7772229640108583e-06,2.8071595444884955e-06,-2.095243105005891e-06,39.837677001953125,51.634910583496094,6550.398196621772,0.2168976490703575,216.89764907035752
case_00697,0.2240170110127618,0.3897716080312347,0.0921200539681531,0.2940913269878503,5.368248185594811e-07,-1.3265603432550246e-07,2.01569466546941e-06,31.205427169799805,38.41183090209961,10634.13710478813,0.3640584213419222,364.0584213419222
case_00698,0.3219418209853948,0.1147692392315333,0.2194154762017116,0.34387346358136,-1.7296464373114914e-07,1.3643837630757092e-06,2.6154335119188966e-06,42.03585052490234,60.16557312011719,20144.93530431569,0.3821949176434318,382.19491764343184
case_00699,0.0145014937461167,0.1860741760983545,0.7591329991945502,0.0402913309609784,4.404097553862229e-07,-7.757360577732956e-07,-2.178209257144232e-06,18.67144012451172,26.16561508178711,5669.053777142671,0.1597257012122773,159.72570121227733
case_00700,0.1564118410130885,0.23712773523022,0.2860694280981855,0.3203909956585058,2.5674037791721624e-06,-1.893790571881837e-06,-7.055322339941674e-08,36.6610221862793,45.76691818237305,13716.463707351208,0.492770348795937,492.770348795937
case_00701,0.1205243330807565,0.6190834845058466,0.2315543805211948,0.028837801892202,1.9702688736098778e-06,-3.41544402399307e-07,-1.4466675481769732e-06,21.296142578125,26.75322723388672,4711.162129495654,0.3077910672380887,307.7910672380887
case_00702,0.2010801765374311,0.3931790349472337,0.0881741626350024,0.3175666258803327,-1.062127599817152e-06,-2.005505907669271e-06,1.527139844553388e-06,27.75090789794922,34.313106536865234,7278.665848180773,0.3472118838469167,347.21188384691675
case_00703,0.3063602574557119,0.049527029734569,0.2322232419050091,0.4118894709047099,-1.5764738180571766e-06,2.8922677367183035e-06,1.3297778160281998e-06,37.36699676513672,55.786128997802734,10909.252909381325,0.3230393538847839,323.039353884784
case_00704,0.5988115920391915,0.0105532931466624,0.0078689041699836,0.3827662106441624,-1.4241983258035582e-06,-2.4225210531557017e-06,-2.154689276577608e-06,38.10764694213867,57.03169631958008,10417.089298835945,0.1742113707029261,174.21137070292613
case_00705,0.632109080662723,0.0629722960112014,0.2440130420277131,0.0609055812983624,2.6526238291278297e-08,5.352703407157223e-07,2.262163627569823e-06,22.849124908447266,48.84616470336914,6813.279700788962,0.177821632771444,177.82163277144406
case_00706,0.1055348696333855,0.5123235161175916,0.3548792726881065,0.0272623415609163,1.4642967073714669e-06,7.587831315243356e-07,-1.9141616161319863e-06,24.11512565612793,104.56849670410156,3697.050217206386,0.2627804291344092,262.78042913440925
case_00707,0.2401650148161118,0.0126995358354712,0.2812598379651546,0.4658756113832622,1.9315243097772483e-08,2.2847725724432538e-07,1.7835541538886445e-06,19.18262481689453,27.341535568237305,12359.494808656138,0.277980038090293,277.980038090293
case_00708,0.0360982601913734,0.0975686886234471,0.1451638890354105,0.7211691621497688,-2.5932216250313245e-06,9.731153142710015e-07,-2.581178422319708e-07,20.97298240661621,26.17176628112793,4431.370583483815,0.1729295248448905,172.92952484489058
case_00709,0.7202060837846462,0.0066202291112631,0.2062128314417581,0.0669608556623324,1.3414842026398858e-06,-2.3029153499286544e-06,-1.0303662386510929e-06,22.301210403442383,30.27941131591797,2916.928903609117,0.1528702597563276,152.87025975632758
case_00710,0.0671377495465086,0.1890857869425424,0.3376528409245877,0.4061236225863611,1.835820772025724e-06,3.301111452317467e-07,-2.050564423954719e-06,29.11991310119629,33.916358947753906,11372.249776393384,0.4224270290991179,422.42702909911793
case_00711,0.2740530224904313,0.1406763769946439,0.4932422684414347,0.0920283320734899,-1.263012809281682e-06,-1.2767245732358308e-06,-1.994314463120224e-06,28.870237350463867,39.26968383789063,15888.282068945136,0.2502864884927967,250.2864884927968
case_00712,0.3171120924393661,0.1696042075433078,0.4082667957966851,0.1050169042206407,9.847544357001029e-07,2.64105637980634e-06,9.71343328205402e-07,39.30516815185547,54.552391052246094,16575.977545927344,0.3019984220315229,301.99842203152286
case_00713,0.0602665697365874,0.7095074747698332,0.0304228265453195,0.1998031289482597,-4.404485936736399e-07,1.5724299206383542e-06,3.025823276827232e-07,17.15386199951172,27.34503555297852,7940.696360485039,0.2907011412890258,290.7011412890258
case_00714,0.4812211310005113,0.0765695139585714,0.0707373486355457,0.3714720064053716,2.334716134364657e-06,2.8350868929584564e-06,-2.267487470092604e-06,43.195709228515625,60.92859649658203,6586.541450474731,0.2496009443472017,249.60094434720173
case_00715,0.3238581527416313,0.0533346255414509,0.4828046660878928,0.140002555629025,2.07135334896444e-06,-2.774663581558863e-06,-2.3238128373700488e-06,36.18763732910156,53.81428146362305,7959.417202397315,0.261279533667722,261.27953366772203
case_00716,0.1598014340406031,0.2416589531674077,0.2025022983843774,0.3960373144076118,1.5259198985785348e-07,-1.289200948915748e-06,-2.566136551363252e-06,36.829776763916016,61.49893951416016,16530.410750443887,0.3655146955920322,365.5146955920322
case_00717,0.0558890069181259,0.073315139138671,0.3779852329460539,0.492810620997149,1.149033274881567e-06,-1.827464480169906e-06,1.4626040842412648e-06,21.85581588745117,28.724170684814453,7356.845682173736,0.2696115317449532,269.61153174495325
case_00718,0.4518292516238228,0.110136797985567,0.3070094006607949,0.1310245497298152,2.300098206132624e-06,-2.933072476129017e-06,1.271292511375735e-06,46.67697525024414,52.22674179077149,6272.2214014215815,0.2999377331205036,299.93773312050365
case_00719,0.3411226345611478,0.1135082375144318,0.4432850214253958,0.1020841064990244,-2.5697939530347088e-08,-1.5460456185220715e-06,-2.6494140548725493e-06,36.09080123901367,49.451438903808594,13901.452589863118,0.279659418423289,279.659418423289
case_00720,0.1525880443945459,0.7315569071125542,0.0878929236023033,0.0279621248905964,-1.1204955570670685e-06,1.0726559011225732e-06,3.616204535818376e-07,13.577180862426758,18.311203002929688,4356.5900147438015,0.2914272501769637,291.4272501769637
case_00721,0.0173058213880602,0.6841022571713262,0.1711324575150792,0.1274594639255344,1.5219968274574872e-06,-1.6134664671925887e-06,-2.491943068543861e-06,37.20186996459961,47.76907730102539,8070.380018808166,0.3200091676317695,320.0091676317695
case_00722,0.3291972438173579,0.3571603974163581,0.079810931830649,0.233831426935635,-1.6796024712918494e-06,5.402067289570924e-08,2.4224746236536503e-06,43.44732284545898,77.45325469970703,5961.527062055407,0.3610566304085478,361.0566304085478
case_00723,0.3079271230155195,0.2220225755454772,0.0343302669285786,0.4357200345104248,-6.688131119637478e-07,2.326908689789992e-06,2.442704515080795e-06,39.641231536865234,48.82976150512695,10064.344723313528,0.2682282740310604,268.22827403106044
case_00724,0.4560048775015702,0.1954239529922072,0.3260258688388203,0.0225453006674019,2.194363422640762e-06,1.1625475220944517e-06,1.1893979388787803e-06,37.52145004272461,55.19818878173828,12463.561295133542,0.2582087826723646,258.20878267236463
case_00725,0.0643478956630637,0.6822194090392517,5.472255895016102e-06,0.2534272230417895,1.3465340416158902e-06,-6.322255805638081e-07,2.5571335286366995e-06,35.090572357177734,50.332855224609375,9443.336803803526,0.2751851273428674,275.18512734286736
case_00726,0.1584063242557699,0.0120396142987083,0.7746216474033103,0.0549324140422116,-5.771339685150044e-07,-7.651863665273502e-07,1.8687181824821435e-06,14.623720169067385,18.69436836242676,2992.483080640158,0.1576731252497267,157.6731252497267
case_00727,0.3669495744576219,0.3665771005398579,0.2649810986952191,0.0014922263073011,-1.7115329855498556e-06,-2.655851159490915e-07,1.971231455562296e-06,33.10649871826172,51.12182235717773,3701.050135118856,0.2955445715247678,295.54457152476783
case_00728,0.2158297570458243,0.5625795873368044,0.0419437314625722,0.179646924154799,-8.64189655006581e-07,-1.937751353640562e-06,4.182471034195993e-07,31.313491821289062,44.29697036743164,11372.332190028616,0.3328884733256395,332.88847332563955
case_00729,0.3262646622628757,0.4544882325909796,0.1323156982711105,0.086931406875034,-1.295375104635402e-06,8.040046044959285e-07,-1.163644810702945e-06,28.52412796020508,55.71452331542969,5692.725864534014,0.332069065530313,332.069065530313
case_00730,0.1112178573200779,0.3524541021310283,0.479678621534897,0.0566494190139968,-1.9434642723368765e-06,-8.150830853723671e-07,-1.6932053093014705e-06,28.34239959716797,34.270450592041016,11065.358296590422,0.2366770174367544,236.67701743675448
case_00731,0.0537769546536952,0.269409925713289,0.1906698939767605,0.4861432256562553,1.4599974813939398e-06,2.114192095572262e-06,-1.036799867766425e-06,23.29717445373535,28.302902221679688,8031.783364162977,0.2771078961299207,277.1078961299208
case_00732,0.3619023709328705,0.128818115010194,0.2303172432101814,0.2789622708467539,-1.487580678898971e-06,1.5393159603468982e-06,7.709725805343723e-07,25.341154098510746,36.170257568359375,11702.264251948058,0.4065783842657477,406.5783842657477
case_00733,0.0357303343754926,0.3438810897397035,0.5403136072946424,0.0800749685901616,-2.749951789934172e-07,6.630789845529605e-07,-1.9640607850056064e-06,18.359071731567383,22.29403114318848,5027.747506047466,0.2167577007092745,216.75770070927453
case_00734,0.2769233953477811,0.1600062387010913,0.5551572724348254,0.0079130935163022,-6.848433189833455e-07,-8.147866641029036e-07,-1.4481585801760705e-06,19.24748039245605,28.43156814575196,12684.046396016329,0.2155914643669162,215.5914643669162
case_00735,0.1088142366507443,0.3247477181332401,0.1241463271101373,0.4422917181058782,2.8924642718137847e-06,-1.7404090099590938e-06,-1.9163482322721341e-07,28.54804229736328,34.61582565307617,4702.1411748633445,0.2752419179821475,275.24191798214747
case_00736,0.4801727413363824,0.0364976655494496,0.2433788258730978,0.23995076724107,-6.53446535110677e-07,1.6569111846337374e-06,-1.6016994088523066e-06,24.73008155822754,30.95528221130371,6789.935034845532,0.3011384494938534,301.13844949385344
case_00737,0.0753718138756192,0.4418587497123917,0.2873933873809347,0.1953760490310542,-2.5201051032194715e-06,-8.154540605348098e-08,5.318620182963696e-07,31.713123321533203,50.518924713134766,13021.136809171432,0.422414859676415,422.4148596764151
case_00738,0.2238679137453665,0.1106682209093431,0.4535296104877664,0.2119342548575239,-2.461045484567496e-06,-1.651499770935855e-06,2.539056170737979e-06,32.18856430053711,55.1630744934082,7400.929838411278,0.2961530426599112,296.15304265991125
case_00739,0.2486998475538325,0.3768433039880642,0.0610152915559893,0.3134415569021138,5.445223281183887e-07,-1.8289523097599627e-06,1.488536194218759e-06,22.920692443847656,34.4846305847168,6260.886771575599,0.3375128539527299,337.51285395272987
case_00740,0.0444139101557684,0.0866232734365788,0.0836061544521492,0.7853566619555035,5.961813104295936e-07,-2.007594572991846e-06,9.985596848934782e-07,15.773712158203123,19.559616088867188,2838.83468027573,0.1563385452266453,156.33854522664535
case_00741,0.3681779254219342,0.2290360997473456,0.2462176868154677,0.1565682880152524,-4.874460571040702e-07,1.66296717723357e-06,4.963288559026728e-07,31.16325569152832,40.798587799072266,13012.530505856386,0.3906607793703946,390.6607793703946
case_00742,0.6864485686356837,0.1601444550106394,0.1118410325723138,0.0415659437813629,-4.089378461278218e-07,-1.62607688819813e-06,-7.231254445761072e-08,17.388566970825195,26.366079330444336,6064.500780139166,0.1622812799798799,162.2812799798799
case_00743,0.4565306238983324,0.3923713915935535,0.1435471841654566,0.0075508003426573,-2.676404502954773e-06,1.598535811511848e-07,-1.8806168421920416e-06,51.97480010986328,113.87184143066406,5689.731073281803,0.2457351244019235,245.7351244019236
case_00744,0.2780077304105273,0.0017480637341692,0.1851597588532095,0.5350844470020939,9.92790623355734e-08,-2.907218341616612e-07,2.368262732561194e-06,22.95858192443848,34.09061050415039,8125.017709336205,0.2350219759491642,235.02197594916427
case_00745,0.1529844163858175,0.0711821273785348,0.3243170397893853,0.4515164164462623,2.843685228211012e-08,4.776653953697032e-07,-1.508783987922982e-06,15.78308391571045,21.253963470458984,9802.653042204924,0.3055681193576978,305.56811935769787
case_00746,0.1594363143094667,0.6881392672231539,0.0106985197341327,0.1417258987332466,-2.102704088658333e-06,2.262929402227165e-06,-2.452146734531036e-06,39.823997497558594,60.09135055541992,6117.014707922056,0.2994347303154517,299.4347303154517
case_00747,0.2505052447114478,0.3923529395134044,0.0390432260307487,0.3180985897443988,-2.376963683334435e-06,2.206484340490384e-06,1.5000910753721712e-06,33.70297622680664,42.35215377807617,6118.090967510301,0.3216074184800797,321.6074184800797
case_00748,0.2328259948238427,0.1461701809176549,0.0408720345805055,0.580131789677997,-2.258565056403057e-06,-2.935435690508421e-07,-1.9463067940130017e-06,28.73594856262207,46.7958984375,11297.01716111543,0.2088333782925894,208.83337829258943
case_00749,0.058289134699788,0.126297419559811,0.1166905172984019,0.6987229284419991,-2.393830521052449e-06,-2.9078024955916603e-06,-7.686240027529439e-07,33.980594635009766,46.14752578735352,10464.344890631615,0.1774038159253122,177.40381592531222
case_00750,0.280718884455862,0.4003804926230969,0.0724629779064665,0.2464376450145745,6.582491732205588e-07,-4.413371657141809e-07,-2.8302904302541218e-06,45.84611511230469,68.57261657714844,7957.851409346192,0.3613527530276509,361.352753027651
case_00751,0.1691205699465203,0.3567216534112974,0.4717185493969117,0.0024392272452703,-1.8211040855824884e-06,6.371612245448425e-07,-2.177592344757312e-06,30.67100524902344,36.34128952026367,6980.282339003567,0.2309695581891087,230.9695581891088
case_00752,0.4853970117345261,0.0230493998383305,0.344684759137188,0.1468688292899552,-1.4914190868752193e-06,3.4658855458837066e-07,-1.960778215440528e-06,29.711654663085938,49.49485778808594,12023.668453019578,0.2703214147359539,270.321414735954
case_00753,0.1681303257529172,0.1997654999473109,0.4455559856255517,0.1865481886742201,-1.958567135091362e-06,9.080166348012336e-07,-2.6735392334989323e-06,35.044769287109375,48.68830490112305,11512.74405241565,0.3061035739566241,306.10357395662413
case_00754,0.3835466218386609,0.1506999549739786,0.0205821495441992,0.4451712736431614,2.7470118266910184e-06,-2.075545605161499e-06,9.399417397370712e-07,48.282901763916016,57.22678756713867,6591.746741629454,0.2686542038256608,268.65420382566083
case_00755,0.1365658035073226,0.2300830668047471,0.4693465549826148,0.1640045747053153,2.127704778911012e-06,8.792105926843953e-07,2.022046774818704e-06,30.78229522705078,43.549598693847656,16324.860443017176,0.2807668358892501,280.76683588925016
case_00756,0.0131091005748566,0.10538618035089,0.6504951630503443,0.231009556023909,-1.6170309758908747e-06,-1.9040902875373667e-06,-7.601075618043543e-07,24.82296371459961,34.623046875,12292.566415765908,0.1986435150160534,198.64351501605347
case_00757,0.3868697964700267,0.3476962158960163,0.0771145264630903,0.1883194611708667,-1.034602236467244e-06,1.5031438841804938e-06,2.2474588603092046e-06,40.78923797607422,65.7947998046875,5817.241536682092,0.3258018128383353,325.8018128383353
case_00758,0.6477815381615767,0.0498104200898355,0.1516983424509675,0.1507096992976201,-1.7406429461700171e-06,-9.6547432042392e-07,-1.719920552639241e-06,27.515932083129883,46.96586608886719,11333.235019958722,0.1778338021941469,177.8338021941469
case_00759,0.1067809375116073,0.7419850329707895,0.013192912798041,0.1380411167195621,-4.874424323505772e-08,1.2593726002887212e-06,-1.0476574586325631e-06,12.991689682006836,17.396644592285156,4045.913768773781,0.2867055141682504,286.70551416825043
case_00760,0.0452956074844232,0.8087197042193792,0.0275546777792494,0.118430010516948,-2.8823368051544784e-06,-2.7128064065633576e-06,-2.0955780418129896e-06,49.06747055053711,84.36688232421875,18678.9319638488,0.266934258750322,266.934258750322
case_00761,0.3789755701110128,0.345095961533424,0.1555114112845812,0.1204170570709819,1.0282080533807744e-06,-5.528398464545195e-07,7.233551725139916e-07,20.204235076904297,34.99576568603516,6393.007583448462,0.3457718354937439,345.7718354937439
case_00762,0.297558588966011,0.18017196019818,0.1349273714784975,0.3873420793573114,1.3894889890584984e-07,1.2302071335799963e-06,-4.807824547781588e-07,15.862969398498535,24.808364868164062,9518.552697265512,0.327408176635114,327.40817663511405
case_00763,0.0603688515397998,0.0654302220099443,0.2064355093798045,0.6677654170704511,2.39183356980662e-06,-1.6387769020110353e-06,6.797000810513918e-07,21.40257835388184,26.692371368408203,4353.916181948043,0.1890256146065524,189.02561460655244
case_00764,0.2252338310412214,0.0194959927861349,0.0191282091071716,0.7361419670654719,-2.013643894029515e-06,1.7717222687833354e-06,1.5700494323651017e-06,20.91747665405273,30.341663360595703,3560.2312524293,0.1664878437608384,166.4878437608384
case_00765,0.1507399883847463,0.0412660801014871,0.3904685540458212,0.4175253774679452,1.8246554763667904e-06,7.846783986295916e-07,2.74218096197691e-07,21.635576248168945,32.29596328735352,17740.157945939824,0.2985950401489537,298.59504014895373
case_00766,0.2212922258431433,0.0658565144925481,0.0032225800727946,0.7096286795915139,1.7517660868002944e-06,5.253706328987899e-07,7.657821294107273e-07,19.782833099365234,28.785531997680664,9839.00539664366,0.1717450343684779,171.74503436847797
case_00767,0.0806027973420598,0.3144865756390277,0.3421734332521987,0.2627371937667137,-2.2369128646986783e-06,-8.787068747739771e-07,2.6115018863659976e-06,38.44255065917969,51.400028228759766,11841.344802785396,0.4901376970178829,490.1376970178829
case_00768,0.1038823595390107,0.0875305675707107,0.2520280283756753,0.5565590445146033,-6.086446551352346e-07,-1.0529117771329464e-07,-1.2056141423469413e-06,13.537335395812988,19.145124435424805,12500.15155757533,0.2376384018302811,237.6384018302812
case_00769,0.480080523692985,0.0183267124397383,0.0275391218444844,0.4740536420227921,-1.9790841531328985e-06,5.840958058671186e-07,-8.450163681962813e-07,27.683971405029297,42.10212326049805,7713.16350799813,0.2207837513868071,220.78375138680715
case_00770,0.2904990841811274,0.4672795336658997,0.0493168313141101,0.1929045508388628,-1.4716769972547063e-06,-1.6522731651065722e-07,1.3062201702560212e-06,26.915456771850582,53.55961227416992,5431.088520952529,0.3382835840572449,338.283584057245
case_00771,0.4182664246544406,0.3947191472610229,0.1816415512786733,0.0053728768058631,-1.420522951016734e-06,1.1898799436433605e-06,6.678331023323205e-07,17.76698112487793,27.483295440673828,2328.745447461009,0.2648695133650685,264.8695133650685
case_00772,0.177569838133806,0.0592567068449234,0.1214876215223364,0.641685833498934,3.374183641546365e-07,-3.978184013582428e-07,-1.928802572761711e-06,16.826467514038086,28.58212280273437,6821.033799141538,0.1930131287788593,193.01312877885928
case_00773,0.138917255586277,0.4995983795488207,0.0569945663224965,0.3044897985424056,-5.315344094372072e-07,-1.7863609095478178e-06,-7.431161399370589e-07,28.14336395263672,40.06706619262695,10137.31468496181,0.3102655165210054,310.26551652100545
case_00774,0.8464719226297043,0.0241128085872427,0.0018746027896677,0.127540665993385,2.6863968240378324e-06,-1.7163973031937165e-06,-1.9297192125171045e-07,18.885942459106445,27.0125675201416,1272.6179209877691,0.1265964761408326,126.59647614083266
case_00775,0.0215709547822277,0.3062215877529383,0.5458890379732929,0.1263184194915409,-2.241779148317969e-06,-2.9651773869423537e-06,-4.836609721896638e-07,32.95909881591797,51.87240982055664,10885.110995599664,0.226073393788321,226.073393788321
case_00776,0.1383587650867746,0.2633805353946021,0.5940570490951598,0.0042036504234636,2.8421528091011924e-06,-1.194253706647965e-06,-1.9303511500677552e-06,26.691619873046875,30.9531192779541,3428.828947304205,0.1967004638578287,196.70046385782868
case_00777,0.2841850120309111,0.3032794820065028,0.3240812181170702,0.0884542878455158,-1.6161681587144164e-06,1.4935058428711177e-06,2.5465805507055736e-06,41.75357818603516,55.57570266723633,9197.705782293628,0.3578601287119274,357.8601287119275
case_00778,0.3411840790444874,0.0261188264565043,0.0605632119208067,0.5721338825782016,1.6372436182911182e-06,1.7649762530256568e-06,1.573912570163855e-06,31.929399490356445,46.35748291015625,14590.0861529913,0.2182038337737988,218.2038337737988
case_00779,0.7128417731064746,0.007351033230199,0.1516420872185826,0.1281651064447436,-9.661804429630715e-07,-1.7851947474255e-06,-1.118650073528866e-07,19.31876945495605,24.22344398498535,7352.5268300648495,0.1568739998255716,156.8739998255716
case_00780,0.2469159350950759,0.2223802329285539,0.0504804044601437,0.4802234275162262,-2.1415116274961166e-06,2.754263981228446e-06,1.0803661698410193e-06,32.074363708496094,37.07880783081055,5532.908433952263,0.248079766509343,248.07976650934307
case_00781,0.381934252284612,0.270134751239287,0.3234342556495241,0.0244967408265766,2.147335111477439e-06,1.4416760880760574e-08,2.383696032813131e-06,47.30133056640625,55.67539596557617,10391.758229347575,0.3023269964445003,302.3269964445004
case_00782,0.3683087617976707,0.2219102402258188,0.1990302358230887,0.2107507621534217,-1.1468346045812208e-06,2.501872494111016e-06,-2.182955145830573e-06,44.12933349609375,54.35212326049805,9285.771395682312,0.4015037349986512,401.5037349986512
case_00783,0.5782349733326235,0.1683698586240713,0.0478863269980871,0.205508841045218,9.531324253610532e-07,1.240591691169787e-06,-1.497761695758134e-06,17.294677734375,28.41440391540528,2593.9234113063208,0.2002214834931922,200.2214834931922
case_00784,0.3874843193327791,0.3820288420093048,0.2102556541159204,0.0202311845419953,3.986621105197594e-07,1.3346005381344785e-06,2.562074835398704e-07,20.54858589172364,27.58616828918457,5936.569065211799,0.2913664030634493,291.3664030634493
case_00785,0.0997379910720447,0.5452123800254486,0.1888404700145337,0.1662091588879728,-1.6946214365475417e-07,-2.489738272163573e-06,1.7940622281141522e-06,32.45210266113281,45.0983772277832,6759.275021318242,0.3908230383397662,390.82303833976624
case_00786,0.0758612908393522,0.1113364684341797,0.5468016188283621,0.2660006218981058,-2.5083164108765284e-08,-1.680053238618416e-06,-2.782470627350836e-06,33.18501663208008,42.09934997558594,12644.76117227292,0.247309036404828,247.309036404828
case_00787,0.4508025716731507,0.1763776402127783,0.2896842118485537,0.083135576265517,1.3934274845537252e-06,-2.947111000233164e-06,2.904108901178163e-06,49.45255661010742,76.54644775390625,5305.423677905541,0.288255087325749,288.25508732574906
case_00788,0.3581932045167132,0.1634917119468022,0.1712439945671985,0.3070710889692861,-2.473362515259357e-06,1.296765842860425e-06,-2.7056038270561706e-07,38.09669494628906,47.26874542236328,11066.232502080533,0.3852534992160863,385.2534992160864
case_00789,0.5611160197280437,0.0134806807798263,0.3549185331985507,0.070484766293579,1.009083971747431e-06,-9.333702694289404e-07,-8.44613156269662e-07,13.866835594177246,18.72195625305176,4063.118952447689,0.2033287427566582,203.3287427566582
case_00790,0.3523322200917857,0.0133027637066152,0.215040786190943,0.4193242300106561,2.374872608391472e-06,1.7199150964580805e-06,-1.2436533729613687e-06,33.56532669067383,45.42659759521485,11683.386946721936,0.3106062603566857,310.60626035668577
case_00791,0.0166928671139585,0.1950328953785861,0.7561185611441013,0.032155676363354,-2.653270817880815e-06,-9.663826803778424e-07,-1.9538597540947702e-06,30.71689796447754,48.901851654052734,9491.70266817714,0.1600786144706605,160.07861447066054
case_00792,0.4330007441659456,0.1578539036777267,0.3188715581632989,0.0902737939930286,-2.1560799645979995e-06,1.916002513793167e-06,1.7494434535801673e-06,36.479042053222656,45.74519348144531,6684.501926969443,0.3000148061309551,300.01480613095515
case_00793,0.2770613800712427,0.2789033887012482,0.1165653860788379,0.3274698451486711,1.2997916202121889e-06,-2.215810477510122e-06,2.7324849884765795e-06,41.42425537109375,51.89116287231445,9183.205996216384,0.3772379061291297,377.2379061291297
case_00794,0.1799619902972547,0.3519849909472985,0.2774855880132604,0.1905674307421863,-3.763101105322947e-07,-1.959761059454951e-06,-5.18131470927611e-07,32.70271682739258,53.107818603515625,27689.86793311077,0.4777167729124876,477.71677291248767
case_00795,0.1047832000480835,0.3056540196079464,0.3320132499533386,0.2575495303906313,-5.787082751178698e-07,-9.54740762496381e-07,2.7145241685207377e-06,37.257930755615234,62.53003692626953,13419.257525606105,0.4920523528564677,492.0523528564677
case_00796,0.3055057893673991,0.3237831270835464,0.186369602559362,0.1843414809896923,-2.1782001927345847e-06,-5.490756667063602e-07,1.9427856926102047e-06,35.20505905151367,46.732608795166016,10280.846978304273,0.4433827749934589,443.38277499345895
case_00797,0.2872327278697493,0.2536458528213756,0.0599182142288331,0.3992032050800417,4.062024430672867e-08,-9.077831349421298e-07,-1.136932351420902e-07,12.474014282226562,16.607036590576172,9907.4243710381,0.2943965893164638,294.3965893164638
case_00798,0.6650867658396119,0.0861670605156945,0.0953116208568613,0.1534345527878323,-2.2407281328217367e-06,1.581882195139319e-06,1.044157074756796e-06,18.79210090637207,26.40900421142578,1803.1433086959369,0.1701548964686363,170.15489646863637
case_00799,0.5122269617583544,0.3779944921914449,0.0195716389124876,0.0902069071377131,-1.4027726213675776e-07,-2.418291644239712e-06,-3.9009492497722243e-07,36.04790115356445,70.49376678466797,5657.579534997793,0.2218343782134881,221.8343782134881
case_00800,0.2191091168841401,0.1901323518516304,0.0585816022730764,0.532176928991153,1.58169179376994e-06,-8.926978821690717e-07,3.523404492753146e-07,15.631220817565918,22.69272804260254,5364.359356796041,0.2277446611728484,227.7446611728484
case_00801,0.1797352603791849,0.2894410393298477,0.3113498587466024,0.2194738415443647,-1.450413852677019e-06,2.023439997092756e-06,-2.651721977888977e-06,41.33924102783203,72.45742797851562,14146.667119989092,0.4768405744778811,476.8405744778811
case_00802,0.2054026386393867,0.3348785345865111,0.0620702033875827,0.3976486233865193,-1.1528299092163613e-07,-2.5992175364269683e-06,1.1775808518031986e-06,28.09395980834961,50.35129928588867,5884.109039247508,0.28636477033257,286.36477033257
case_00803,0.1117663202525617,0.6698970886722823,0.1475820796219026,0.0707545114532532,2.952095816381014e-06,2.6540610460281444e-06,-2.68305213309518e-06,50.15852737426758,63.59387969970703,6926.54762390128,0.3192830587438316,319.2830587438316
case_00804,0.0652359363719526,0.0007200559971656,0.4580324244697069,0.4760115831611748,1.1199025401242237e-06,2.917901053632077e-06,1.902509681517897e-06,35.20756912231445,51.47842025756836,14801.779529282674,0.2320688627066013,232.0688627066013
case_00805,0.7191448606338655,0.174925286403728,0.0867310005668099,0.0191988523955965,2.048140627831192e-06,-2.46859095704952e-06,1.9496815767633446e-06,29.908472061157227,46.01973342895508,1829.1285581019056,0.153016292828762,153.01629282876203
case_00806,0.0582674693505789,0.7122132899928193,0.0888902332241099,0.1406290074324919,-5.109143606367253e-07,-1.2523648664655783e-06,-1.5775362746627125e-06,24.778076171875,46.66558074951172,19511.827924861245,0.3048176716243542,304.81767162435426
case_00807,0.0548085088304966,0.1238255626336571,0.360583295026855,0.460782633508991,1.6071655387551322e-06,-7.65596003787863e-07,-1.0580233137851983e-06,18.221134185791016,22.178998947143555,8509.514943070006,0.3205649046018672,320.5649046018672
case_00808,0.2550320501525701,0.053873648564534,0.4493487552016986,0.241745546081197,-2.756944962352069e-06,1.6583482119163562e-06,-1.1213772865024033e-07,29.36135673522949,40.86660385131836,7696.105851835971,0.2956257010094536,295.6257010094536
case_00809,0.0473510252547282,0.6142045469538889,0.1829739162081753,0.1554705115832073,-2.2625329047465302e-06,5.755608727004031e-07,5.799774415948888e-07,24.26373672485352,35.20905303955078,6553.729551390595,0.3560266023580284,356.02660235802847
case_00810,0.1751639475855594,0.1825943580169283,0.2537164668204456,0.3885252275770667,-1.7815764424796272e-06,8.661942029554042e-07,-1.2758780295480197e-06,24.878646850585938,36.68230056762695,16730.88365150366,0.4051870136033863,405.18701360338633
case_00811,0.4615927392934639,0.071792288405839,0.2642573055590986,0.2023576667415983,-5.882884523086825e-07,1.5450589369110355e-06,5.549184277915502e-07,22.630266189575195,26.65424537658692,10359.484895552449,0.3133484369390656,313.34843693906566
case_00812,0.5207891743793011,0.2542685792723906,0.1937059273455852,0.0312363190027232,2.0744692699545795e-06,-2.2921260033778458e-06,-1.2132775606242068e-06,32.22562026977539,47.1357650756836,2886.372205228451,0.2256920852102977,225.69208521029776
case_00813,0.5741713007555401,0.0769241083680067,0.253794342104996,0.0951102487714571,-9.22403695272417e-07,1.9992567414615747e-06,-2.667055673573636e-06,29.479047775268555,49.96909332275391,3552.9755373075686,0.2072554098154507,207.25540981545072
case_00814,0.2827076987015746,0.0554400005556179,0.1193692740624656,0.5424830266803418,9.277271610927774e-07,1.2337188250808645e-06,-2.9848347010085463e-06,27.64638900756836,44.437782287597656,4985.031305299608,0.2301298680226108,230.1298680226108
case_00815,0.1524507483419833,0.4728402162482693,0.3625089719191946,0.0122000634905527,1.2558857688209005e-06,4.640503511782216e-07,-2.3930936524894286e-06,31.83163833618164,88.44906616210938,4199.833999816028,0.2670397270804135,267.0397270804135
case_00816,0.5059245344544486,0.0229984432216662,0.2066745689611657,0.2644024533627194,5.170941245300486e-07,2.3384120086983404e-06,1.7535042009841094e-06,35.94429397583008,54.13035583496094,15705.095771461847,0.2738829991136604,273.8829991136604
case_00817,0.402627289811131,0.4745180649163656,0.1187759850525868,0.0040786602199162,-8.565481909791827e-07,1.2018381233028426e-06,2.768587874300023e-06,47.275611877441406,87.60716247558594,4738.956966343102,0.2660540038414811,266.05400384148106
case_00818,0.2301984640325943,0.1373895297056608,0.323912952872971,0.3084990533887737,4.623200502812657e-07,-1.7898002242138476e-06,-4.382028043126849e-07,22.58588409423828,34.413963317871094,18977.77482609693,0.4297976427828224,429.7976427828224
case_00819,0.4127006637764582,0.1477885376855127,0.0903751619649535,0.3491356365730755,-9.464064432615228e-07,-4.215277135459997e-07,7.610372069965679e-08,16.44715118408203,20.718196868896484,12819.40876792406,0.307880309671243,307.880309671243
case_00820,0.123103338598403,0.0415663565867847,0.3960280432407476,0.4393022615740644,-2.496757568687928e-06,-3.5742798385600274e-08,-2.118910985559444e-06,32.79825592041016,47.77177047729492,16095.42535505814,0.2823813126344974,282.3813126344975
case_00821,0.2223046062674272,0.027868024690641,0.1737324705733405,0.5760948984685912,2.956823869116086e-06,-2.668694239497566e-06,3.061881160809423e-07,31.397092819213867,34.057899475097656,4488.285828533407,0.2178671464123527,217.8671464123528
case_00822,0.4920738263307032,0.0482415641928516,0.0147001367151265,0.4449844727613184,-2.2369052782049345e-06,2.7278250801603347e-06,-2.132070587958139e-06,43.069915771484375,58.16020584106445,4814.887578045591,0.2183093021038903,218.3093021038904
case_00823,0.1030619654720714,0.163029414178611,0.7195178261609899,0.0143907941883275,-2.565909696983656e-06,-2.2285364352187294e-06,6.672859871929804e-07,27.763654708862305,45.320343017578125,6804.047169294639,0.1676236565464395,167.62365654643955
case_00824,0.3243945539832316,0.0239005337766317,0.1461301573295476,0.5055747549105889,2.2711844952429355e-06,1.1847676033603612e-06,2.599552005485123e-06,39.08818817138672,67.19548034667969,16198.97388763809,0.2496090572956703,249.6090572956703
case_00825,0.0743142629189527,0.7679339145496022,0.1070903304971235,0.0506614920343215,-1.1889920346426294e-06,3.738621654528109e-08,-1.8258087641817624e-06,24.67597389221192,49.04326248168945,13852.782938739194,0.2815051141998909,281.5051141998909
case_00826,0.2042021212280667,0.3545009196826618,0.3828230872663837,0.0584738718228878,9.01781844441046e-07,-2.8462065006934644e-06,1.587382308342612e-06,30.40238571166992,56.0732650756836,5092.664715811013,0.2918531799715641,291.85317997156415
case_00827,0.1342155610235318,0.1815489663869968,0.3731806990176251,0.3110547735718461,-1.0259656220266028e-06,2.5484848551861703e-06,-2.858985463090056e-06,41.582275390625,50.42868423461914,13163.144174909465,0.4415249097941542,441.5249097941542
case_00828,0.4797721329945303,0.0032664134869371,0.0954682491568389,0.4214932043616936,-6.512743752331733e-07,2.111020852913599e-06,-7.470165520702742e-07,29.666091918945312,36.64689636230469,5767.4255348063925,0.2457797456185007,245.7797456185008
case_00829,0.1749833906516169,0.0014090229803344,0.4316658931862713,0.3919416931817774,-1.427322167899221e-06,1.4554756742301333e-07,-2.335508953016946e-06,26.436777114868164,37.03214263916016,14477.336515398034,0.2748646658783585,274.8646658783585
case_00830,0.2488425074648032,0.0215272099891029,0.4553148182932579,0.2743154642528358,-9.41735965241939e-07,-1.6263459831633283e-06,-8.851473504258033e-07,25.048608779907227,35.80873489379883,19899.61830954699,0.2881049977790803,288.10499777908035
case_00831,0.2889664392458258,0.2643458058930724,0.3082208098581135,0.1384669450029882,-5.357975964807414e-07,-2.270262655919434e-06,-1.958778482166699e-06,46.88327407836914,65.26753997802734,21867.6923146992,0.4018891000509088,401.8891000509088
case_00832,0.0421407216803065,0.3099723275420563,0.2700210318894067,0.3778659188882303,1.3224964145540571e-06,-8.196451234072404e-07,-7.601700592626754e-07,16.848934173583984,20.9832706451416,11547.540216954338,0.471603666241413,471.60366624141295
case_00833,0.0465433124304624,0.0542167707936426,0.5527126730571172,0.3465272437187775,6.921716540875059e-08,-1.467430313723457e-06,-4.948631633548179e-07,14.623065948486328,21.389217376708984,10866.642411705052,0.2350990489596157,235.09904895961577
case_00834,0.4131460586137714,0.2459340024156063,0.1572708612690451,0.183649077701577,2.661391302941862e-06,4.0147206037792256e-08,-1.19645326331449e-06,43.64189910888672,67.08322143554688,6649.893021452039,0.3498161403053308,349.8161403053308
case_00835,0.5193403435594222,0.2041734592775675,0.2363043905665948,0.0401818065964154,-2.748717636967347e-06,2.7984557767405737e-06,9.397316968387748e-07,35.95710372924805,57.45879364013672,2985.417292870203,0.2294159285573757,229.41592855737576
case_00836,0.262759953374453,0.5155265410829771,0.1292734905395604,0.0924400150030093,1.8409935792169187e-08,4.497209593778483e-07,2.5131123075534585e-06,42.65821075439453,60.46778869628906,12251.999055635884,0.3491995562217188,349.19955622171875
case_00837,0.2600778957231894,0.1908767344545094,0.1670852530645858,0.3819601167577152,5.053487329903088e-07,2.3395863353405874e-06,-5.964277553683661e-07,31.096630096435547,46.42365646362305,12159.307569580664,0.3485545768184667,348.55457681846667
case_00838,0.7054234490922583,0.2092905911480652,0.0615879345813579,0.0236980251783185,2.5211819164456432e-06,9.05273024974664e-07,-1.845941061149872e-06,27.532485961914062,40.98391342163086,2019.3715377877384,0.1566184419488113,156.61844194881135
case_00839,0.2661280736410583,0.1078058660818701,0.3853769021924042,0.2406891580846672,-2.7050488582714346e-06,-1.485208404767971e-07,-1.3756634508241e-06,41.20074844360352,67.5573501586914,21063.14598301479,0.3629266650305554,362.9266650305554
case_00840,0.4687662769050755,0.093522292825939,0.347362944815544,0.0903484854534414,4.409975096112964e-07,2.127645376400228e-06,2.124004940978214e-06,36.18119812011719,53.27347183227539,14560.695795265863,0.2679767726285345,267.9767726285345
case_00841,0.6195763263666535,0.224010389828821,0.0868733116128025,0.0695399721917227,2.1217795711677425e-06,-1.7179133896201506e-07,4.298383396208874e-07,23.52595901489257,36.206451416015625,5343.563632805927,0.1842511444327933,184.25114443279327
case_00842,0.0830986996011135,0.4652819403545732,0.0968070897293904,0.3548122703149229,-1.5484336312845806e-06,2.211769023062166e-06,-2.699338061582565e-07,22.28238105773925,27.328706741333008,3907.859127881211,0.2908755696811003,290.8755696811003
case_00843,0.0670528267631049,0.2365954078056794,0.3680135075928435,0.328338257838372,2.257754091143625e-06,-1.2505393825454084e-06,-2.10217967094644e-06,35.22671127319336,45.05946731567383,13889.833496740548,0.4723216621808822,472.32166218088224
case_00844,0.4880174889597241,0.0709214939081103,0.0315655652469226,0.4094954518852429,-2.885739544354249e-06,-2.2271215574220714e-06,-3.016361500573084e-07,40.35595703125,58.91720199584961,11599.467094747535,0.2295416792586387,229.5416792586388
case_00845,0.3383437103344343,0.4170189988127107,0.0233051199279605,0.2213321709248945,1.394727774802378e-06,2.1318867861776304e-06,-1.32904797985568e-06,37.01155471801758,86.61827087402344,4167.493885796012,0.3108212534911031,310.8212534911031
case_00846,0.0105677119768797,0.6519890318372257,0.0860421986299487,0.2514010575559458,2.598679327011918e-06,5.244909827560005e-07,2.658978767120096e-06,44.29760360717773,62.71133804321289,17427.46635604055,0.3017793724228712,301.77937242287123
case_00847,0.0104327081187881,0.2884141399403028,0.1023672121717839,0.5987859397691252,9.431859698403736e-07,2.334554389493761e-06,2.304420656494388e-06,29.11947631835937,46.78962707519531,11165.832199017985,0.2034626064063897,203.4626064063897
case_00848,0.2094448638842072,0.0376252049831763,0.2211040483417344,0.5318258827908822,-3.658245361173124e-07,2.626963241954299e-06,-2.496584749030812e-06,29.472488403320312,40.62099838256836,5183.829224838396,0.240534724433564,240.5347244335641
case_00849,0.3670637504045762,0.3919125198058466,0.0602245952931586,0.1807991344964186,-2.730713901163692e-06,-2.678229657771305e-06,9.992093556745736e-08,66.02107238769531,152.59063720703125,8018.269989495044,0.3201024665391581,320.1024665391581
case_00850,0.0094462597804303,0.0135307765012592,0.9233672006207716,0.0536557630975388,2.520682879935773e-06,5.815811153209923e-09,-1.6496499269119677e-06,20.90308380126953,26.01377868652344,2472.211759312064,0.1320037562951409,132.00375629514093
case_00851,0.1251568191626651,0.1491411919543432,0.1771629233547454,0.5485390655282464,-1.782226638505515e-07,-7.502127055528244e-07,-5.353374628542564e-07,9.0894136428833,12.366314888000488,13643.61313352283,0.2379264115009157,237.9264115009157
case_00852,0.280160752640701,0.041746726146601,0.5368456466356553,0.1412468745770428,-2.826019533984312e-06,7.551503824207028e-07,2.2610879895087388e-06,30.674522399902344,35.08958435058594,4905.12336044556,0.233549475802117,233.5494758021171
case_00853,0.0079975127734165,0.157598648852944,0.5399331717672843,0.2944706666063553,1.1389264279725711e-06,1.7615471832139408e-06,1.6508711933126898e-07,23.02416229248047,30.13275718688965,14462.946111469835,0.2657335423769722,265.7335423769722
case_00854,0.218603997610245,0.6191029875413918,0.1538507724877979,0.0084422423605653,-1.0897647854245109e-07,-1.3164587041537864e-06,-9.947082397754412e-07,24.80181121826172,38.31865310668945,14248.986866402947,0.3058115078117552,305.81150781175523
case_00855,0.3706801054490256,0.2506766422307264,0.3684579434689356,0.0101853088513124,-2.253928095345536e-06,3.407903062390297e-07,-1.7526698753700175e-06,42.54366683959961,57.04575729370117,9880.75049577273,0.291151409929032,291.151409929032
case_00856,0.3954020589245273,0.2105492660231638,0.1805661247089429,0.2134825503433658,-1.7143691441384426e-06,1.252371479429397e-06,1.8019491564389355e-06,35.963165283203125,52.70168685913086,8850.717452771234,0.3764509501276775,376.4509501276775
case_00857,0.2371095293042411,0.1049103044474742,0.1032030774314979,0.5547770888167866,-2.6130559172649224e-06,-2.193413502985596e-06,7.471080921860827e-07,30.377731323242188,48.51081466674805,9258.17828202536,0.2243250533933421,224.3250533933421
case_00858,0.3800487141706489,0.1569904416551966,0.3304059056554746,0.1325549385186797,4.457612382514412e-07,1.8844014357076013e-06,-1.9160723744261282e-07,32.79110336303711,40.48038101196289,14032.43754846453,0.3512967534008466,351.29675340084657
case_00859,0.0403015294818101,0.1408665437711312,0.4083754253819605,0.4104565013650981,7.321768755120556e-07,6.366575991178386e-07,-1.6950938768221318e-06,19.01694679260254,25.12833976745605,9915.390514783425,0.3609227667588162,360.9227667588162
case_00860,0.0611746317701143,0.1096701064567392,0.0347677186623516,0.7943875431107947,3.4453790132666255e-08,2.6972246226819106e-06,-9.945217550572122e-07,21.25944709777832,31.36069107055664,3618.98601259928,0.153198834169305,153.1988341693051
case_00861,0.5021345242066578,0.1326218475882345,0.2064119400188529,0.1588316881862546,1.9026127980156896e-06,-9.628264852158405e-07,2.7590605604311115e-06,40.65260696411133,84.77853393554688,9019.784467313682,0.2677658359683514,267.7658359683514
case_00862,0.3350755497119789,0.0204263969784984,0.225985536036228,0.4185125172732944,2.166052927848082e-06,-2.351124345976808e-06,1.205396256350058e-07,31.35547065734864,40.83415603637695,7777.798018382093,0.3128900553505909,312.89005535059096
case_00863,0.244759864602407,0.1009974788850007,0.6146333389100129,0.0396093176025792,6.937463800987597e-07,3.900720622155169e-08,-5.958043125404822e-07,7.100553035736084,8.285595893859863,3874.309698845371,0.1988666210989394,198.86662109893945
case_00864,0.1688930982617164,0.2857712015969365,0.2907445733438772,0.25459112679747,-2.923461121755417e-06,-2.485135369743367e-06,1.285322540899435e-07,54.201148986816406,96.86255645751952,31623.589027756105,0.4947417952738018,494.7417952738018
case_00865,0.1332255031729199,0.0702774709660516,0.4180866038349481,0.3784104220260803,1.171377934486414e-06,2.817159139944041e-06,1.6739310353976517e-06,41.22681427001953,62.6785888671875,22419.673717901245,0.3193560752800488,319.35607528004886
case_00866,0.0631903569892192,0.3904129860049012,0.1941385158629722,0.3522581411429074,-4.920046984778905e-07,-2.767890250456851e-06,-9.59346380982787e-07,43.688507080078125,67.50336456298828,16401.323108879304,0.3777003441918388,377.7003441918388
case_00867,0.5142808372787782,0.0526672987690116,0.0054735058910042,0.4275783580612061,3.933448993583221e-07,1.5210234066438485e-06,-1.9277632744043472e-06,25.92206382751465,33.79598617553711,3844.234343509822,0.2072675792381536,207.2675792381536
case_00868,0.1683572370075539,0.215229891286347,0.325879366266775,0.2905335054393239,8.944836121133067e-07,1.5061438885346402e-07,5.096167100342866e-07,14.356935501098633,24.597139358520508,37518.15188016506,0.4837162983050022,483.7162983050022
case_00869,0.6241797471734084,0.1478038627587462,0.1290655293895381,0.0989508606783071,-8.985803140375394e-07,-7.882760850102678e-07,9.91224620886403e-07,12.612918853759766,18.61612701416016,2575.280474524451,0.1850056486403712,185.00564864037125
case_00870,0.0429692450277453,0.2188884403442493,0.0835236033137517,0.6546187113142535,2.5025910310307657e-06,-2.604947012948072e-06,1.2763080177512976e-06,26.67902946472168,40.42979049682617,3483.6847430594617,0.1869243609531903,186.9243609531904
case_00871,0.3862919987122231,0.3966311044095009,0.1935100769917227,0.0235668198865532,-2.196150799501313e-06,7.330015450416465e-07,2.2919255445967783e-06,29.757661819458008,48.464202880859375,2599.7794427587387,0.2908187790418202,290.8187790418202
case_00872,0.020102960898703,0.3430584923552809,0.055062159071008,0.5817763876750078,1.0290708436862248e-06,5.113219763457315e-07,-7.729552758653218e-07,10.909640312194824,12.896207809448242,3999.690458996641,0.1997631019047174,199.76310190471747
case_00873,0.3809875483797759,0.3839318672893643,0.1926066165794194,0.0424739677514402,-2.9738425202605176e-06,-1.3147003615944016e-06,-2.547870622626649e-06,68.19001770019531,133.3687744140625,8305.483003889392,0.3049921000164287,304.9921000164287
case_00874,0.3477326766607063,0.3800306503142518,0.0383059836166232,0.2339306894084186,2.547906632431085e-06,2.4613302084618726e-06,2.7500915017856533e-06,74.21842956542969,99.84658813476562,9285.70908150966,0.3220090094292743,322.0090094292744
case_00875,0.0428286604757313,0.2058625319233337,0.7474412887657214,0.0038675188352136,-2.324975200571451e-06,-1.175339955942979e-06,-3.8992843537514897e-07,22.63895606994629,34.81391143798828,8287.76059880336,0.1599934285117404,159.99342851174046
case_00876,0.3034308434813433,0.1298886999048093,0.48331087668951,0.0833695799243375,-2.430694619114552e-06,-3.016475364473633e-07,7.395450580387878e-07,26.710521697998047,41.943302154541016,7728.072326412695,0.2548054007897955,254.8054007897956
case_00877,0.776146603975097,0.0265997276099838,0.1686133985332323,0.0286402698816868,-1.0019542016865347e-06,2.625747355119342e-07,9.978319387697535e-07,8.590145111083984,13.267369270324709,1404.9360030318007,0.1390944732566794,139.0944732566795
case_00878,0.3667806061730285,0.1682123614182114,0.1896209007454536,0.2753861316633064,-7.586022837655163e-07,-2.3986087309422834e-06,2.790822522072211e-07,41.195274353027344,55.59111022949219,17481.208590707953,0.3957232592147883,395.7232592147883
case_00879,0.1003364886285297,0.5494945983898154,0.0831217049295794,0.2670472080520755,-1.7141995660627282e-06,2.592970315281794e-06,-1.7684548215823794e-06,33.39152526855469,45.83568954467773,5533.430587177003,0.3278462758524174,327.84627585241736
case_00880,0.1984431167462366,0.4822773180217298,0.2382028209614578,0.0810767442705756,5.107299655627481e-07,-7.527830852937533e-07,1.5308583006968489e-06,26.617206573486328,47.062042236328125,8661.054191433279,0.3624845093390178,362.48450933901785
case_00881,0.034062803103962,0.0296045282410432,0.6716937528389965,0.2646389158159981,-3.425154117482187e-07,-2.5153247167539383e-06,1.8225118458244896e-06,22.689382553100582,28.02096176147461,4097.6978773353485,0.1864984311585898,186.49843115858988
case_00882,0.5781044248096532,0.097516012747842,0.0549122308618155,0.2694673315806891,-2.794946465753476e-06,-6.762529579480201e-07,3.17853516104639e-07,30.02416229248047,39.58553695678711,6644.814031375376,0.1988098304596594,198.8098304596594
case_00883,0.3421392540791932,0.3082568634590609,0.2292682033869648,0.1203356790747808,-1.0820876264681962e-06,6.012152825554842e-07,-6.863303649095051e-08,20.50442695617676,36.57620620727539,8093.54683301368,0.3914599047945497,391.45990479454974
case_00884,0.154278984433703,0.2285527591892606,0.5835321790823635,0.0336360772946725,1.862597481439024e-06,8.191603092797746e-08,-2.316370901232088e-06,23.24003791809082,25.67635536193848,3666.587271278249,0.2044402166968535,204.4402166968536
case_00885,0.0956783201474986,0.6701756942950433,0.0643231295010529,0.169822856056405,1.1382092091712118e-06,1.1672518442236438e-06,-2.496290031001297e-06,24.91232109069824,36.594181060791016,4606.214248363017,0.3162123077484742,316.21230774847425
case_00886,0.6855413441491672,0.0576999138242605,0.0296026051006779,0.2271561369258941,1.3492251214792831e-06,-2.667096347592536e-06,-9.626109266188278e-07,25.700178146362305,47.83974456787109,3258.5516864541714,0.1586061143236133,158.60611432361335
case_00887,0.1214607002026008,0.2795083527290678,0.5492805113993441,0.0497504356689872,1.188701544501141e-06,-1.2927563383676633e-06,-1.1349230668956403e-06,16.519187927246094,19.33440399169922,4700.298573740862,0.215364301809796,215.364301809796
case_00888,0.321065486830663,0.2601373023050238,0.0574693013680129,0.3613279094963002,-1.1341618717018002e-06,1.915383461040614e-06,2.721938705779627e-06,46.73293685913086,58.8535270690918,9919.59885320504,0.3200578453225809,320.057845322581
case_00889,0.1891677253352376,0.3959007616458939,0.0507988838804833,0.364132629138385,-2.402016467539345e-06,-2.520637873251835e-06,1.7017364546605786e-06,40.67251205444336,77.33853912353516,6950.348857368718,0.2965870854029803,296.5870854029803
case_00890,0.13578586574192,0.6412154862768261,0.021768119607383,0.2012305283738707,-1.365196895801424e-06,2.1329157281757456e-06,9.595457715543591e-07,28.779953002929688,41.04429244995117,6809.559100325702,0.3106062603566857,310.60626035668577
case_00891,0.1589426514715843,0.3345846820122538,0.2213253224923513,0.2851473440238104,1.990711801110956e-06,-2.4486234475373625e-06,1.0588853410563041e-07,35.22878646850586,51.89284133911133,11156.186093263748,0.4936222083851379,493.62220838513787
case_00892,0.3240279134750213,0.4279136416896283,0.081329761723847,0.1667286831115031,2.8828247866984266e-06,2.0067252893501773e-06,-1.995794815640092e-06,58.43954849243164,93.8625946044922,5005.50269171363,0.3440072692018278,344.00726920182785
case_00893,0.2025189336212255,0.5028278936572279,0.2433547821772562,0.0512983905442904,-3.6917911550631854e-08,-8.352695935276401e-07,2.870740033105703e-06,34.94755172729492,45.27552795410156,5968.885724141575,0.336478453022986,336.478453022986
case_00894,0.0743287414122813,0.2301050159028868,0.4633248499322862,0.2322413927525456,-2.941797870461747e-06,6.732543795432947e-07,-7.497558105587398e-07,33.856903076171875,42.0382194519043,10595.83604908205,0.3154334646954906,315.4334646954906
case_00895,0.134850390234135,0.3721483349392109,0.0916248306865346,0.4013764441401195,-2.159731127194626e-06,-2.082677306112011e-06,-2.358446385316532e-06,42.36290740966797,55.37944793701172,12771.369098442172,0.2821906583454858,282.1906583454859
case_00896,0.1762773232001402,0.1342906726105411,0.2042551952855729,0.4851768089037458,-1.0675165481024053e-06,-2.602987669648915e-06,-3.720662570552344e-08,31.00588035583496,41.279109954833984,13264.707546962309,0.2764831990978401,276.48319909784016
case_00897,0.0377101642033193,0.0612305958217551,0.8470274289128557,0.0540318110620699,4.715120915576984e-07,-1.7043707758791896e-06,2.2439880696784995e-06,20.06057548522949,26.941970825195312,2813.948024371452,0.143735079780707,143.73507978070705
case_00898,0.2458015375135213,0.2537646742483986,0.1971246659243682,0.3033091223137118,-2.5494381251681164e-06,-2.2328770925478268e-06,2.3237460106639765e-06,46.61520767211914,67.5879135131836,13501.063398827386,0.4498853031910254,449.8853031910255
case_00899,0.0998699686021853,0.3076495881976712,0.178021820099855,0.4144586231002884,2.66014379225929e-06,-1.1255646139222094e-06,-2.9342045036613165e-06,33.79085922241211,44.349708557128906,5667.641637436295,0.3212869570155707,321.28695701557075
case_00900,0.0995219466452686,0.5530291741071296,0.133940187757113,0.2135086914904888,-8.094979602935959e-07,8.629947906612094e-08,2.3177744685083987e-06,27.343524932861328,36.48685073852539,8865.628543227811,0.3732869002249315,373.2869002249315
case_00901,0.0974669344761994,0.0797390863925849,0.6899217956018981,0.1328721835293175,2.4755053075489385e-06,5.32556781390057e-07,-1.371094695000849e-06,21.05158424377441,25.77647018432617,4279.400731191136,0.1798295875174174,179.82958751741748
case_00902,0.3676125722651788,0.4918514745025358,0.118875152641881,0.0216608005904043,1.6831308165421307e-06,1.7392086442784577e-06,-2.7661658161894618e-06,39.90648651123047,65.8368911743164,2683.98895350504,0.2858090333624723,285.8090333624723
case_00903,0.1793624169089255,0.6108287678335993,0.1750133747006179,0.0347954405568571,1.5326236350934868e-06,9.374393594901516e-07,2.086741622177246e-06,42.47605895996094,69.0477523803711,19245.14626826617,0.3243090303201166,324.3090303201167
case_00904,0.1824191854537559,0.4181293275135129,0.3562911702406838,0.0431603167920472,6.403174786933919e-07,6.525499507773177e-07,2.18320053592925e-06,31.641407012939453,55.29630661010742,10528.0875134984,0.2950780769878245,295.0780769878245
case_00905,0.3031912226142495,0.0676117012663104,0.0668131716143128,0.5623839045051272,7.607029023110677e-07,-5.29307835085352e-07,5.773864790540999e-07,9.055907249450684,12.649045944213867,6395.187361827469,0.2195019055287715,219.5019055287716
case_00906,0.1088537107325398,0.115774445445237,0.0002476920461965,0.7751241517760266,8.280194112974887e-07,-1.5714939023916778e-07,4.466025437781502e-07,7.698403835296631,10.602356910705566,6315.173626738974,0.1560667614529479,156.06676145294793
case_00907,0.3825186033311575,0.2400184599082212,0.3373572283925088,0.0401057083681124,7.723283221534928e-07,-5.128750236589136e-07,1.878721635728516e-06,34.35555648803711,44.261695861816406,8932.330240824129,0.3080587945375518,308.0587945375518
case_00908,0.3387213699213093,0.2390387203582424,0.054402880007005,0.3678370297134432,3.223693883901675e-07,2.052996180368299e-06,1.7178573162616788e-06,40.008033752441406,50.189361572265625,14179.519645054668,0.3144355720338553,314.4355720338553
case_00909,0.8039850131805496,0.0129662960770203,0.1092746315557246,0.0737740591867053,2.918484110897333e-06,-1.619997284709601e-06,2.340632840656224e-06,32.13779067993164,41.46237182617188,3295.597351194648,0.1353584604868986,135.3584604868986
case_00910,0.0693550756682765,0.6095828544697179,0.1609544692056632,0.1601076006563422,1.3937434045541766e-06,-2.9656744107482125e-06,3.164846855802206e-07,33.23513412475586,53.47392272949219,6245.79782098814,0.3593042335393346,359.30423353933463
case_00911,0.5055899000686145,0.0593536040216146,0.2362562128286326,0.1988002830811382,1.6616783303551269e-06,9.07919383357436e-07,2.805882556396852e-06,39.0351448059082,74.37603759765625,15975.401118875145,0.2716438253363324,271.6438253363324
case_00912,0.0856626931885056,0.7281756874479839,0.1383356667173099,0.0478259526462004,2.234776890502045e-06,-1.7852268981670116e-06,2.9768809856000307e-06,44.46338653564453,59.59468078613281,7910.1090691232785,0.2950375122454816,295.0375122454816
case_00913,0.7973059304634194,0.0849094534722357,0.0140336883189034,0.1037509277454414,-1.706161423644905e-06,2.340690817858856e-06,-2.3007323400082046e-06,25.809505462646484,36.73662567138672,1740.6635321816707,0.1357478820133904,135.7478820133904
case_00914,0.0924708383007299,0.158777937848268,0.2121778977333893,0.5365733261176127,-2.4971750454296354e-06,2.1542779782399367e-06,2.0972625573247328e-06,5.826481342315674,7.11040735244751,1145.1989538917169,0.2508625078340659,250.8625078340659
case_00915,0.4766905328991538,0.46509151060984,0.0344616956969282,0.0237562607940778,-1.02633380408408e-07,-2.539635768430765e-06,-1.066453508465877e-09,29.02460670471192,49.75537109375,4026.768443896443,0.2314563350972235,231.4563350972236
case_00916,0.2369878288101049,0.1705683488219331,0.5406250443828198,0.0518187779851421,8.448417371563894e-08,-2.361669567515536e-06,-6.746019702010073e-07,24.939817428588867,38.87942886352539,9140.184519719063,0.2237895987944158,223.78959879441584
case_00917,0.0268061977875336,0.6318593278183715,0.2873935131391625,0.0539409612549323,1.9750906796995066e-06,-2.897044652000221e-08,6.784338592962898e-07,26.68919944763184,34.904903411865234,11498.472919175429,0.2829532755015323,282.95327550153235
case_00918,0.4820432889878178,0.0442317471944067,0.3503798783189986,0.1233450854987766,-3.3729852430598586e-07,6.553359766161279e-07,-2.6642066564279577e-06,36.22126007080078,58.46962738037109,8418.310266593773,0.266151359223104,266.15135922310407
case_00919,0.0684790083144129,0.1716498489700734,0.5809981527427095,0.178872989972804,4.251181532658765e-07,-1.3505499751065556e-06,3.87667126024792e-08,11.95819091796875,18.726945877075195,5504.469788087085,0.2243696746099193,224.3696746099193
case_00920,0.4241502165463766,0.0409342710606046,0.4523645957440807,0.0825509166489378,1.6242563108075005e-07,1.3007863001962238e-06,2.2253434201600004e-06,31.40837860107422,44.2504997253418,13543.40388215345,0.264723480292634,264.72348029263406
case_00921,0.2217162869218169,0.1634880184328215,0.5187818226905636,0.0960138719547979,-2.770783297455654e-06,5.694961255132292e-07,-1.7192309031661872e-06,29.820703506469727,41.29727554321289,9763.020489537115,0.2388837394202081,238.8837394202081
case_00922,0.0264785471390375,0.0074811908360257,0.6783072550914071,0.2877330069335296,6.912893795814841e-07,-1.0510553415086715e-06,-4.4166063138344923e-07,9.789591789245604,12.355280876159668,4783.282023138047,0.1822878109033971,182.28781090339712
case_00923,0.6743241873687805,0.1206716817006765,0.1911962393323934,0.0138078915981492,1.9682597146455133e-06,-2.8477710717461067e-06,2.636885326289253e-06,32.58896255493164,54.46554565429688,2141.3994117228863,0.1616728088447364,161.6728088447364
case_00924,0.4416845769316753,0.149478040739604,0.366991927231663,0.0418454550970575,-2.054996711545177e-06,1.500901687791106e-06,-4.286169731658161e-07,32.920372009277344,40.823360443115234,5722.653958701024,0.2679686596800659,267.9686596800659
case_00925,0.217486803982418,0.2610567467315672,0.0878961224360451,0.4335603268499696,5.659904035595747e-07,-1.7114780050495038e-06,-8.497942060056102e-07,20.13341522216797,26.540401458740234,8823.859187063506,0.2788927447930082,278.89274479300826
case_00926,0.4343089622352553,0.31925932169148,0.1984314002286535,0.048000315844611,5.616632666784861e-07,2.0068424607757707e-06,-3.5678011125973045e-07,27.88039970397949,44.99601364135742,5590.361896387656,0.2818215191901654,281.8215191901655
case_00927,0.0674084739487759,0.673903875318522,0.0021068765922183,0.2565807741404836,-2.014890215661848e-06,-4.782584396744689e-07,1.1671659910533813e-07,26.39805030822754,32.934139251708984,9883.593711758873,0.2761383987879255,276.1383987879255
case_00928,0.1703866929650318,0.1355688981450974,0.6420539062225754,0.0519905026672952,-2.259218557615584e-06,4.624646557905926e-07,7.919480647888133e-07,18.933881759643555,23.46839714050293,3994.387448234448,0.1902506698253079,190.250669825308
case_00929,0.2999688962516629,0.0593691729593461,0.4222421094135891,0.2184198213754019,2.880311657858909e-06,2.237692382454012e-06,1.8041568055003868e-06,54.00361251831055,69.78799438476562,21867.79592874773,0.3129022247732937,312.90222477329377
case_00930,0.0814255019440107,0.3482675264620804,0.5305355256666061,0.0397714459273025,-6.376849820817749e-07,2.1817380055197203e-06,-2.8738676541411457e-07,19.6579704284668,23.664770126342773,4235.474887359436,0.2138918016627488,213.8918016627488
case_00931,0.1426629850118159,0.8081396306474687,0.0195312402325309,0.0296661441081843,-1.6354696276588244e-06,-7.708825485385604e-07,1.9048856105408416e-06,21.30227851867676,28.01714515686035,3710.2160434194416,0.2651047888706573,265.10478887065733
case_00932,0.0378887474114362,0.1928526371855819,0.0347739923017731,0.7344846231012087,-1.9720527332737506e-06,-1.7466666437109414e-06,2.023239681124837e-07,20.976428985595703,30.479616165161133,7500.302844326333,0.164593470293425,164.59347029342504
case_00933,0.268062445932678,0.3153027794937831,0.1282776817459897,0.2883570928275491,1.0056102814994105e-06,1.6508764663715685e-06,-9.69116937792134e-07,27.309877395629883,44.418556213378906,11317.786352995005,0.4083429505576638,408.3429505576638
case_00934,0.2287951003992601,0.2934723153855543,0.295766399424757,0.1819661847904285,6.56671783963673e-07,-4.015187783872131e-07,9.477049687164852e-07,16.293983459472656,23.70248413085937,17941.50408153669,0.4565886268631893,456.5886268631893
case_00935,0.4252285518744539,0.3080747477927506,0.256331889881347,0.0103648104514483,8.613127379245048e-07,-1.847748038645976e-06,1.3063335284609487e-06,24.618453979492188,34.13411331176758,3236.4940342256605,0.2734732952159971,273.4732952159971
case_00936,0.0037014139166909,0.1280824878037082,0.5841555889452746,0.2840605093343262,-2.4719638349312866e-06,2.4265520539029018e-06,3.482938537769251e-07,26.029438018798828,30.648239135742188,5015.017765675547,0.2333142002965282,233.31420029652827
case_00937,0.0702180665349742,0.294491989910294,0.3081214872872271,0.3271684562675045,2.361207500990622e-06,-1.811374834553476e-06,-2.6603101611916595e-06,43.30778884887695,64.6490478515625,16535.731261845845,0.5061769961402648,506.1769961402648
case_00938,0.181130185892042,0.5647851925005878,0.1524006110004407,0.1016840106069294,-6.644016191457104e-07,-2.8451569908526136e-06,-1.9807027490350507e-06,53.321102142333984,85.28345489501953,20799.1135928598,0.3614136001411653,361.4136001411653
case_00939,0.0689016285469257,0.1413413412722939,0.1897241285879159,0.6000329015928645,-1.1197835614178524e-06,-2.8783201573954803e-06,-1.2882136746586309e-06,31.887346267700195,49.01910400390625,12614.951214213295,0.2162405002444025,216.2405002444026
case_00940,0.0500198495711239,0.520036296572774,0.2969329583244346,0.1330108955316674,-2.258313165135647e-07,7.338921387255857e-07,-1.3042463642910414e-06,15.786371231079102,22.731460571289062,6979.270568001959,0.33902591884212,339.02591884212
case_00941,0.2703755370621468,0.1420171446824276,0.3610418061833623,0.2265655120720633,-6.596036055142306e-07,9.70050364305182e-07,1.0405248014812232e-06,18.113819122314453,26.259904861450195,14413.776166886377,0.386340634310876,386.340634310876
case_00942,0.0524908800062075,0.036226256764019,0.2312227136090202,0.6800601496207531,2.181462018834875e-06,-1.1337497696580966e-06,-2.8899080299582046e-06,27.434932708740234,36.06168746948242,4299.317367568697,0.1838779488032386,183.8779488032387
case_00943,0.0766607621987646,0.2401515366137786,0.1954810746828808,0.4877066265045758,2.575565851187353e-06,-1.0799340645176196e-06,1.5340906622971191e-06,28.17212104797364,36.19741821289063,8684.855295594869,0.2793632958041859,279.3632958041859
case_00944,0.2909259895972183,0.1413998899590936,0.1809745512209156,0.3866995692227724,-1.1792807013023629e-06,-9.630365096403437e-07,-1.407945151158401e-06,26.590316772460938,39.79912185668945,23049.111706765285,0.3405714355253844,340.5714355253844
case_00945,0.191129652541957,0.1482890256603775,0.0040734744255368,0.6565078473721286,2.183614844759729e-06,1.0809512805532724e-06,-1.1398689227033857e-06,21.177934646606445,27.64172744750977,5166.2725998682645,0.183630503874947,183.630503874947
case_00946,0.5031789704315037,0.0343864257396891,0.2680683415177356,0.1943662623110716,1.689138777198403e-06,-2.6511972538390287e-06,1.674589676635457e-07,34.78936767578125,43.09567642211914,5606.710368878619,0.2741304440419521,274.1304440419521
case_00947,0.0288609225347509,0.9000449958505468,0.055197969142711,0.0158961124719912,2.584846034068571e-06,2.5746981161479543e-06,-1.704446394366255e-06,38.72092819213867,49.35056686401367,6371.999671401212,0.2393137256890428,239.31372568904283
case_00948,0.2693578476031786,0.4003062784402041,0.0098327433590307,0.3205031305975864,-1.525498126884673e-06,-1.6648737349353213e-06,2.306827881453165e-06,29.858474731445312,40.89889144897461,5499.663880698212,0.305864241976801,305.864241976801
case_00949,0.4004692668873449,0.0574397745496131,0.0997997049185924,0.4422912536444494,4.617549007258745e-07,2.998039231452553e-06,-2.4877873240406083e-06,47.09701919555664,65.82078552246094,7144.05266405547,0.2827626212125207,282.76262121252074
case_00950,0.0392566666133403,0.3111322552587821,0.190743490250046,0.4588675878778316,-1.3527324915573322e-06,-1.970863837276878e-06,-3.337058261936106e-07,22.1173038482666,29.359947204589844,13707.131029835433,0.2908147225675859,290.81472256758593
case_00951,0.0627774274889636,0.7302492312674134,0.1178220431556406,0.0891512980879823,1.9445669429062453e-06,1.6292787438742643e-06,2.09653361672934e-06,40.495872497558594,69.67863464355469,21262.811095149485,0.2982340139421019,298.2340139421019
case_00952,0.0272486638434859,0.0285921021781827,0.6211718200550133,0.3229874139233181,-2.9680548565736147e-06,-1.6595247304222498e-06,6.950633665274146e-07,29.661903381347656,38.22260665893555,8515.036707588008,0.2030245071890864,203.02450718908645
case_00953,0.1087422752157034,0.4029678986570809,0.1234084425006499,0.3648813836265657,3.889149773183766e-07,-2.514919190140476e-06,-1.2460229049441994e-06,33.20699691772461,41.442420959472656,8448.916920755171,0.3114702893685895,311.4702893685895
case_00954,0.0978716147337596,0.3814858449545061,0.3779547685361614,0.1426877717755729,-9.647794123684925e-07,2.249599946103893e-06,-4.754387533412357e-07,22.045225143432617,31.83479690551757,4930.660974915599,0.3147763158695357,314.7763158695357
case_00955,0.1480347857936048,0.1542882522505523,0.561387754945713,0.1362892070101298,-1.0638977575330788e-06,2.1525075551453514e-06,1.2401662820550875e-06,21.859792709350582,30.086963653564453,6875.531959094746,0.2259070783447151,225.9070783447152
case_00956,0.1456979488010615,0.0549728278174477,0.3905397669642308,0.4087894564172599,8.694379431895022e-07,-5.78577645302392e-07,2.8395644601833963e-06,30.67584991455078,44.99360656738281,13674.710855440671,0.3114824587912924,311.4824587912924
case_00957,0.4355756885722787,0.0592489585058804,0.1136486670476429,0.391526685874198,2.1089066958839632e-06,1.2143768552425608e-06,2.358832310276601e-06,40.94881439208984,65.18025970458984,17829.398430857986,0.2857522427231923,285.7522427231923
case_00958,0.5428096081071444,0.1518812702888355,0.1922570505411103,0.1130520710629096,6.551723483599574e-07,3.423955961035028e-07,-9.454031497057396e-07,9.410523414611816,11.792236328125,2827.380763765679,0.2298743101458505,229.87431014585053
case_00959,0.403137651173179,0.0188817842273478,0.4058093587110723,0.1721712058884009,2.119037871880335e-06,2.117736682042493e-06,2.9891872757271454e-06,52.86729049682617,89.3803482055664,20979.888343331364,0.31338088873294,313.38088873294004
case_00960,0.3867487016864465,0.01693323148218,0.3291831557597336,0.2671349110716396,-1.4124173287138205e-06,-1.1096641840880737e-06,-2.9789720188136507e-06,46.66006851196289,78.22223663330078,28338.189686367463,0.3818217220138772,381.8217220138772
case_00961,0.0313057489477998,0.1902335646691728,0.6313802710076911,0.1470804153753361,1.170111285898869e-07,1.4203439999391106e-07,-2.834221465149509e-06,24.345861434936523,31.691240310668945,6135.4491941017,0.2009800441750044,200.9800441750044
case_00962,0.6304398012387052,0.0356360597990704,0.2717527690326463,0.0621713699295779,-2.967807655975439e-07,-8.776577277269708e-08,1.943043091027163e-06,17.337913513183594,30.74456787109375,4139.124588575909,0.1773348558633292,177.3348558633293
case_00963,0.1935860530928092,0.5689280936598914,0.2211811213240849,0.0163047319232145,-2.9301306029814227e-06,-8.765650424588477e-07,-1.803223879001688e-06,88.05461883544922,152.29627990722656,14716.410792361978,0.3155470459740507,315.5470459740508
case_00964,0.1234539154643687,0.2254881925576468,0.1454954729887889,0.5055624189891954,3.408728588444406e-07,2.348730387338233e-06,-2.635384389622555e-06,28.243288040161133,32.980953216552734,4548.920258692608,0.2546471982946582,254.6471982946582
case_00965,0.4966040280965398,0.2787952531940836,0.1377425340859938,0.0868581846233827,9.691459448770496e-07,-2.004732452024787e-06,-1.5771115605809868e-06,36.25185394287109,53.845516204833984,5562.750479276705,0.2508868466794716,250.8868466794716
case_00966,0.0506433670309659,0.1983696457901995,0.2412153369318654,0.5097716502469691,5.514864265144203e-07,-2.102948162875823e-06,-4.433990761148389e-07,21.817455291748047,30.240966796875,8967.172421931338,0.279128020298597,279.12802029859705
case_00967,0.5803239687171613,0.0392971170760743,0.2719153115338546,0.1084636026729096,1.417679392700529e-06,4.614572119365081e-07,1.3833976226004288e-06,21.6959285736084,34.82563400268555,11855.01158016747,0.2051135914197457,205.1135914197457
case_00968,0.0678757875143522,0.6988739649347548,0.0170395669440946,0.216210680606798,4.280371707184626e-07,9.449653799096516e-07,7.46013159307233e-07,15.987907409667969,24.921113967895508,18059.384939676973,0.2871638957567251,287.16389575672514
case_00969,0.0545471559828859,0.6263355019841422,0.2411742422341943,0.0779430997987776,-2.5994984708954587e-06,-1.832284474052609e-06,-1.5742726946374774e-06,45.53336334228516,72.019775390625,20907.553548517244,0.3131050484850083,313.1050484850083
case_00970,0.1284340914600334,0.2419322898779487,0.5838116322794221,0.0458219863825957,-2.3013268554917314e-06,-6.556953464722554e-07,1.9622688603506657e-08,22.02986526489257,30.084022521972656,8107.562606971211,0.2047079439963167,204.70794399631671
case_00971,0.2591151167275219,0.3246424787341388,0.2959353697775653,0.1203070347607741,5.788474652637144e-07,2.6793830578724625e-06,2.5572846323914125e-06,60.49372482299805,89.89952087402344,18154.09203239476,0.3974756560840015,397.4756560840015
case_00972,0.2712491934752918,0.140894505873093,0.3810201213888476,0.2068361792627673,-1.350124848158159e-06,-1.520295463855956e-06,1.890046661902546e-06,26.312484741210938,36.06612396240234,9305.034238479528,0.3575112719277785,357.5112719277785
case_00973,0.2384168378409684,0.1178781836007255,0.2770687111256623,0.3666362674326437,-2.522129225791405e-06,1.010164212704364e-06,-1.0608612910092396e-06,30.51912307739257,43.78925323486328,16229.688895095727,0.3955975085135253,395.5975085135253
case_00974,0.0345180166572534,0.3900872855918997,0.1694286359591776,0.4059660617916692,-4.2238353930871945e-07,1.4408963621855453e-06,2.893587368134178e-06,36.47204208374024,43.083309173583984,9074.998243205671,0.3014142897417851,301.4142897417851
case_00975,0.1486859353550473,0.1255255407615587,0.6495910298671056,0.0761974940162885,3.259355885019323e-07,-3.112278032090429e-07,1.251722402610786e-06,10.859155654907228,14.492436408996582,6250.220315874684,0.1891067440912382,189.1067440912382
case_00976,0.5148113530028261,0.1832150755830186,0.1998436307186061,0.1021299406955489,-1.0275240699023606e-06,2.6251559205574977e-06,-2.625303865999309e-06,34.46614074707031,50.860260009765625,3326.3973990610566,0.2475970460754626,247.5970460754626
case_00977,0.5312749100915695,0.2455495951262136,0.0250079761324552,0.1981675186497618,1.322602213354668e-06,1.419940411312743e-06,-2.789035720268168e-06,27.44405746459961,37.51697540283203,2315.906557661808,0.2186906106819136,218.6906106819136
case_00978,0.0008293622748179,0.4967471232582316,0.4372635428236696,0.0651599716432809,8.626236486074677e-07,-2.524525208346128e-07,-1.98955230593982e-06,19.940763473510746,24.023311614990234,3892.719940200372,0.2325231878208417,232.5231878208417
case_00979,0.2911391924826881,0.0947929737149095,0.248397761590418,0.3656700722119844,-1.003089833449968e-06,4.160112106565637e-07,1.3671352083008812e-06,17.869611740112305,22.696683883666992,11484.493164757778,0.3783696624404966,378.3696624404966
case_00980,0.555212645902728,0.0967696663743266,0.2894937736056406,0.0585239141173047,1.5292351734513636e-06,1.155680660550604e-06,-1.8975664449454329e-06,21.144195556640625,35.06584167480469,3316.792491668007,0.2104478550378367,210.44785503783675
case_00981,0.6957492277605795,0.0039155799726886,0.1387537266560239,0.161581465610708,8.921702551982124e-07,5.531410825753094e-07,6.892061525300092e-08,10.14189910888672,13.576067924499512,7847.617512682082,0.1623056188252856,162.30561882528562
case_00982,0.2720282109321633,0.0299546532902796,0.6513374480870406,0.0466796876905164,8.246722723074121e-07,2.272185502956456e-06,-2.44043927891501e-06,26.39145851135254,30.49486351013184,3760.55250171366,0.1892690030606098,189.2690030606098
case_00983,0.4088372124672729,0.1056415588024538,0.1539289963810257,0.3315922323492476,3.205662047224083e-07,-8.586680263175931e-07,2.5253169469811704e-06,40.6180305480957,50.48699188232422,10787.24175682184,0.3375493622208385,337.54936222083853
case_00984,0.3740177980857796,0.1209700778331883,0.1298625550380636,0.3751495690429684,-2.931661991468684e-06,-1.2006855596651706e-06,-9.362363184985948e-07,47.89241409301758,67.10935974121094,18721.563436914552,0.3299110212376708,329.91102123767087
case_00985,0.3303781583180985,0.5325861966073784,0.0205056209706339,0.1165300241038892,1.1790431008613344e-06,-1.7169666630284145e-06,2.448792339363785e-06,41.66121292114258,78.5757827758789,3691.068825116394,0.2925306111686905,292.5306111686905
case_00986,0.0496239999640272,0.0078601348049485,0.5091792254105459,0.4333366398204784,-7.437492533450613e-07,-2.773302191612429e-06,2.6692538514632656e-06,33.44115447998047,40.714881896972656,5994.638093165338,0.2290873541443983,229.08735414439832
case_00987,0.0784019330710591,0.1173375544559783,0.010570827242445,0.7936896852305174,2.6556582609519334e-06,-2.741916213719668e-06,-2.9632281161179152e-06,31.9813175201416,42.00246047973633,3675.722073701945,0.1524240475905557,152.42404759055572
case_00988,0.6013889867302622,0.0238092184856815,0.0430658944496642,0.3317359003343918,1.907908626463232e-06,2.220331158655697e-06,-2.1518887680760773e-07,29.350244522094727,57.45609664916992,7893.85601303193,0.182133664882494,182.1336648824941
case_00989,0.8040101024656631,0.1676067305147897,0.0160029406718313,0.0123802263477158,5.261668171878731e-07,1.0703588784354436e-06,-2.852063665758643e-06,21.572120666503903,44.32643508911133,1537.4694104077237,0.1350177166512182,135.01771665121825
case_00990,0.378090599642936,0.2211531866875977,0.0128826356054243,0.3878735780640417,-1.4869081090843835e-06,9.631944926189165e-07,2.452156597817435e-06,45.14768981933594,53.307010650634766,6888.063739367205,0.2858374286821123,285.8374286821124
case_00991,0.0057800445763015,0.7872622754314941,0.1860630954942903,0.020894584497914,-1.7776956403340006e-06,6.878569136093162e-07,1.1044526840745517e-07,16.609554290771484,22.73443031311035,4781.191762775562,0.2696277576418904,269.6277576418904
case_00992,0.1524469109375396,0.0870749160458068,0.6255311304304871,0.1349470425861665,-9.576909739347054e-07,2.0953148681646296e-06,-2.55033592380902e-06,25.269210815429688,29.496553421020508,4323.467498293712,0.1998766831832776,199.8766831832776
case_00993,0.0762727882125044,0.2928384884731101,0.0750509331167213,0.5558377901976641,-1.4059233851988884e-07,-1.1839844600623509e-07,-2.338339630340599e-06,21.62594413757324,28.86066055297852,7190.946203827561,0.2151452522011443,215.1452522011444
case_00994,0.2504302810380698,0.4257131090430086,0.0276781392362189,0.2961784706827026,-1.2236069397663174e-06,2.222464971349802e-06,-6.989458530435659e-07,27.263643264770508,37.81499099731445,5489.195159950742,0.3196724802703234,319.6724802703235
case_00995,0.4539402577520793,0.4163560863144727,0.0645630616681386,0.0651405942653094,8.95769723548965e-08,-8.43329842906565e-07,2.6414051572373367e-06,33.67008209228516,55.69391250610352,3673.666997294297,0.2542902285620407,254.2902285620408
case_00996,0.3357526116582326,0.5263541969248625,0.0197941619959198,0.1180990294209849,-2.0077774469208843e-06,2.560245026034543e-06,1.1574549094084852e-06,43.039207458496094,77.12358856201172,3358.5465140570345,0.2918369540746269,291.83695407462693
case_00997,0.147997853522221,0.7353883185264225,0.0313565865625308,0.0852572413888257,2.866276876953e-06,1.191941880487441e-06,2.2057131971347945e-06,49.834957122802734,92.41165924072266,18081.40842146541,0.2913298947953407,291.3298947953407
case_00998,0.5150591130543324,0.0194246625247359,0.2502327513871738,0.2152834730337579,-2.3524526702100366e-06,-1.4569371838534364e-06,-8.012601219601219e-07,35.02672576904297,52.33952713012695,15866.633906284049,0.267116800090865,267.116800090865
case_00999,0.2212607123539015,0.2727628820257089,0.4103216192144282,0.0956547864059612,2.591664837926233e-06,3.845095301317508e-07,-2.7407178027000103e-06,34.16136932373047,44.39077377319336,5637.050869530953,0.2956297574836879,295.6297574836879
case_01000,0.2079700884195597,0.4011700223487346,0.349904734109942,0.0409551551217634,2.48146806841617e-06,1.981833689295334e-07,2.8459058232264845e-06,49.254390716552734,63.29331970214844,10846.341597260523,0.3037427059522675,303.7427059522675
case_01001,0.1117171432686973,0.215790236460705,0.3096189834435645,0.3628736368270329,1.52162890916988e-07,-2.1726070696179964e-06,-2.896962056025783e-06,44.31190872192383,78.75318908691406,32361.22481131301,0.4687114001123643,468.71140011236434
case_01002,0.6582532444064901,0.033737000664092,0.0204029157344741,0.2876068391949438,1.349461631016506e-06,5.474574345036846e-07,2.6859099184865338e-06,30.326141357421875,49.88555908203125,8373.934976106071,0.1628897511150233,162.88975111502336
case_01003,0.4365699681812541,0.0785642846439517,0.3749074807853839,0.1099582663894102,-3.8371021216447306e-07,-1.1112862576982523e-06,-7.879354569051318e-07,17.49391746520996,26.134126663208008,17053.62429479344,0.2892083587708072,289.2083587708072
case_01004,0.4304282056189482,0.4478796487264654,0.0699061907393608,0.0517859549152256,7.802074652546292e-07,-2.6859073991423856e-06,-2.9394575698687108e-06,64.74065399169922,116.5103759765625,6590.357262465459,0.2636525710947816,263.6525710947816
case_01005,0.1443733462583667,0.0749697748821216,0.3040661765314114,0.4765907023281002,-9.56544375473288e-07,2.691936946239389e-06,1.1349433903470495e-06,29.315309524536133,42.449249267578125,10986.025682116437,0.2862674149509471,286.2674149509471
case_01006,0.3164537388669174,0.4922709163283587,0.1431656803357954,0.0481096644689284,-1.193045881287328e-06,8.489422143857266e-07,2.883241824188125e-06,44.60953521728516,67.3816909790039,4794.371108082625,0.3165469668728031,316.5469668728031
case_01007,0.4166368414767959,0.1390721222399348,0.3461089430002311,0.098182093283038,4.693787170170824e-07,2.261513591225082e-06,2.793754337025555e-06,49.839725494384766,66.99114990234375,16178.78562715817,0.3083508606824207,308.35086068242066
case_01008,0.0088093570366473,0.5099145854438782,0.0176606651861811,0.4636153923332932,-1.1221954896117884e-08,1.0563360300795186e-06,-2.0343779327854896e-06,18.832841873168945,22.567188262939453,3280.812966712246,0.2129912643827364,212.9912643827365
case_01009,0.5182190000949529,0.2162147020060958,0.1474910590217223,0.118075238877229,4.772182148998866e-07,-8.580978471593225e-07,-1.91251316360307e-06,25.95418930053711,44.75812911987305,7005.161954809333,0.2446520457813682,244.6520457813682
case_01010,0.5091772691014895,0.0865314459257183,0.1596692583625519,0.2446220266102401,-1.280036512277862e-06,7.61284339728687e-08,3.932334877179607e-07,16.360107421875,18.29533767700196,5979.373410354833,0.2633077707848669,263.3077707848669
case_01011,0.2284049496490242,0.2405081532692699,0.1728833844388314,0.3582035126428745,-7.982530090980286e-07,1.0544805620830628e-06,8.238289585699463e-07,17.776643753051758,24.69194602966309,11411.075364337714,0.3881782171390093,388.1782171390093
case_01012,0.3158292351931951,0.0373912706476099,0.4526848426678824,0.1940946514913123,-2.4966122362265443e-06,2.761513951208625e-06,1.4365074819951937e-06,34.83432388305664,54.20844268798828,7447.409898079644,0.2847543500615569,284.754350061557
case_01013,0.4254406448442845,0.199412068188644,0.3711379711632574,0.004009315803814,-2.686341766366766e-06,-1.4779832452698213e-06,-1.913697837167115e-06,49.458534240722656,70.6440200805664,12845.78757413019,0.2646139554883082,264.61395548830825
case_01014,0.1943543518769133,0.0046675197532334,0.2513953453627277,0.5495827830071255,-1.4792572219619026e-06,2.249862351744706e-06,2.754042520586607e-06,32.7381706237793,51.80879592895508,8021.901627137942,0.2284261488442091,228.42614884420908
case_01015,0.1497269896990367,0.1015243206185959,0.6233187816237424,0.1254299080586248,-2.554518844016725e-06,2.544466831765617e-06,8.324355377354274e-07,27.21383285522461,31.5224666595459,3909.616213379524,0.2003147824005809,200.3147824005809
case_01016,0.3278698834664917,0.0177318645773894,0.0219963260861076,0.6324019258700111,-2.377351748191556e-06,1.0224930879537396e-06,2.0822815132233293e-06,26.86357688903809,43.00834655761719,4106.282343687015,0.1968911181468403,196.8911181468403
case_01017,0.2480052846514524,0.4154024539003645,0.0867846324445887,0.2498076290035943,1.8775704323636227e-06,2.5875997644080268e-06,2.4039429170503084e-07,51.48509216308594,80.62890625,12028.107068996478,0.3720375061607702,372.0375061607703
case_01018,0.235503284303962,0.2412993090167146,0.2995701860014451,0.223627220677878,-2.766757817899864e-06,-6.127284751357893e-07,-5.143389144607044e-07,45.28682327270508,63.59203720092773,27423.86172069584,0.4637462756495936,463.74627564959366
case_01019,0.2152863388926786,0.1240138970987673,0.5621609413126717,0.0985388226958823,9.536567636084566e-07,2.718097056242657e-06,2.8630974395699755e-06,39.0543327331543,60.2862663269043,13366.292323267837,0.221075817531676,221.075817531676
case_01020,0.310139249507077,0.0699052589447887,0.2582839771191307,0.3616715144290036,-1.364653507107597e-06,1.2166972629958492e-06,4.927282249190162e-07,20.189271926879883,23.104473114013672,10448.287251887725,0.3754652268887451,375.4652268887451
case_01021,0.1787978164958032,0.0447803165504386,0.1016960088460429,0.6747258581077151,2.2292740842487587e-06,-2.7479653954871288e-06,2.2012414967950734e-06,28.6212215423584,35.59346008300781,3892.150720203602,0.1824744087181744,182.4744087181744
case_01022,0.5142663654860964,0.0125048510907167,0.3598295952609985,0.1133991881621883,-9.004629253500272e-08,2.4412369909143163e-06,2.71975437819774e-06,40.52390670776367,60.15751647949219,11486.460687771283,0.2392001444104827,239.20014441048272
case_01023,0.1505872282046362,0.6112989272423769,0.0933044564431749,0.144809388109812,-1.1665412440330456e-06,-9.31631458008445e-08,1.0521277620519557e-06,14.57270050048828,19.610485076904297,5603.22440980217,0.3462018217625786,346.2018217625786
case_01024,0.0323136356761018,0.1996507274273125,0.7017812775623067,0.0662543593342789,1.0583361413660701e-07,-2.380380913330029e-07,2.9363207111204976e-07,2.7930777072906494,3.555215358734131,3462.6588724182006,0.1738178927022,173.81789270220003
case_01025,0.3928831492525334,0.2188151781996082,0.312737059073715,0.0755646134741431,-7.082518857283873e-07,3.987996358778056e-07,-2.978934894536096e-06,56.112091064453125,74.7846450805664,10361.974110449644,0.3251243816412089,325.1243816412089
case_01026,0.0722894070000743,0.2245901099329248,0.6924624838149368,0.0106579992520639,3.858063880189812e-07,-2.1036927193726325e-06,-2.759882155565964e-06,28.30151557922364,43.3499641418457,7306.172899198394,0.1717612602654151,171.7612602654151
case_01027,0.4811774913176866,0.1872021755533563,0.1806348336957648,0.1509854994331924,-2.31280279004191e-06,-1.850037085956084e-07,-1.794892703693302e-06,40.124053955078125,72.1209716796875,13445.2204649186,0.2829451625530637,282.9451625530637
case_01028,0.0478939887855033,0.0627151318337824,0.6117146583334552,0.277676221047259,2.9819430168753064e-06,1.986763300306474e-06,-1.8839494088640288e-06,31.0380859375,39.902530670166016,6413.524370455978,0.2108940672036086,210.89406720360864
case_01029,0.5634591856955147,0.1179916307636506,0.0349644407966587,0.2835847427441759,-4.466647338196947e-07,-2.907105245174908e-06,-1.471447228800928e-06,38.77700805664063,72.74803161621094,9775.09423432909,0.2019292591458282,201.9292591458282
case_01030,0.0755713407824899,0.1622385691309853,0.260470783235515,0.5017193068510096,-9.10616161755788e-07,-1.3624970380537723e-06,-1.170392173814035e-06,24.404800415039062,31.31053733825684,19137.91719323243,0.2856062096507578,285.6062096507578
case_01031,0.2325911690281987,0.1670079426780348,0.1685123023972904,0.4318885858964759,1.2612590898975892e-06,-2.985272481336935e-06,-8.396070386956303e-07,35.11636734008789,51.15602493286133,9217.921392298682,0.3054220862852634,305.42208628526345
case_01032,0.3833111183273446,0.0012160887644039,0.346878852218666,0.2685939406895855,-8.166035610280051e-07,-5.057321451009101e-07,-4.76773859586741e-07,14.83603286743164,22.184045791625977,29471.908203261497,0.370913862797872,370.913862797872
case_01033,0.3608044538103666,0.3342202168422071,0.2995254880850233,0.0054498412624029,1.9996458301725456e-06,1.369893062962408e-06,-2.406801969263912e-06,43.41529846191406,68.17304992675781,4779.8156669159325,0.3004853571421327,300.4853571421328
case_01034,0.3621765690579998,0.1084926598678954,0.3036023826900288,0.225728388384076,-2.743756538374483e-07,1.7926309746877708e-06,-2.745828408283308e-06,40.979270935058594,55.6229248046875,11795.60816220632,0.3986682595088827,398.6682595088826
case_01035,0.1716896471929328,0.0591317577663114,0.0405753192152539,0.7286032758255018,1.3173504795926096e-06,2.671138566762039e-06,1.0436666944381409e-06,30.265596389770508,40.44179534912109,10204.512318707984,0.1674330022574279,167.43300225742792
case_01036,0.5997109493949707,0.2510985235120094,0.0261297920742278,0.123060735018792,-2.3552807013486806e-06,6.510276778247193e-07,2.240089490584661e-07,23.03668594360352,34.23285675048828,2782.050554555205,0.1888268473690722,188.82684736907223
case_01037,0.4433289315648008,0.5139341204382318,0.042726515458635,1.043253833242311e-05,2.0767151133306707e-06,-1.4722388000826272e-06,-3.3513478667928205e-07,24.756481170654297,42.10132598876953,2222.251870830293,0.2397112601640032,239.71126016400328
case_01038,0.6248504921199731,0.2212757880709219,0.1473599461911927,0.0065137736179121,1.414307920668659e-06,2.544887694820193e-06,8.06639647010114e-07,38.29733276367188,51.349708557128906,8321.226085300881,0.1773024040694549,177.30240406945495
case_01039,0.1163882389464923,0.285260569883048,0.4734352772796182,0.1249159138908415,-1.729699329228206e-06,1.6518945232822567e-06,1.966076443221243e-06,25.342384338378903,30.0730209350586,5750.40622187883,0.2626546784331462,262.6546784331463
case_01040,0.3464550287897618,0.0426263351448464,0.3817047181762966,0.229213917889095,-2.1282839415252804e-06,4.46570898018867e-07,-4.338425453027724e-07,28.453418731689453,49.55165863037109,14194.06162835937,0.3445224414295826,344.52244142958267
case_01041,0.5187292348257942,0.2732813280329974,0.1525892663630159,0.0554001707781924,-1.1022459076462535e-06,1.1738412943136162e-06,8.467167903118758e-07,19.54671287536621,28.848220825195312,3036.2966417644984,0.2317281188709209,231.72811887092087
case_01042,0.0749905317937178,0.0201524289617454,0.0385986943157845,0.8662583449287521,2.8564235161914257e-06,2.545898130044576e-06,2.7214333430109524e-06,46.70123291015625,69.62611389160156,9639.0411361988,0.1404128273828236,140.41282738282368
case_01043,0.0664693523281116,0.0859220054763406,0.2341533046056677,0.6134553375898801,-1.4590105525976483e-06,1.2743641708375304e-06,2.037746975169364e-06,20.704795837402344,24.65265464782715,5695.542061328844,0.2106790740691912,210.67907406919127
case_01044,0.2641507488477354,0.5058959753215696,0.1196625063268138,0.110290769503881,-2.6323674632020045e-07,-7.897529544915962e-07,-4.439951369855432e-07,16.74114990234375,25.86981773376465,18233.45602267446,0.3546879658607128,354.68796586071284
case_01045,0.163257314108993,0.353633909301851,0.3631432683544968,0.1199655082346592,-2.8198786456959822e-06,1.27816921373458e-06,8.683010268884579e-07,30.33591079711914,59.37371063232422,5503.419613666391,0.3295662209277562,329.5662209277562
case_01046,0.0666483716457024,0.4665574806013315,0.0640288244144436,0.4027653233385222,-6.166348226026047e-07,-2.758331023587673e-06,-1.937574468504361e-06,39.49077224731445,45.59222030639648,8087.342713920431,0.2531016816113938,253.10168161139384
case_01047,0.2020638627990938,0.2061195047779712,0.2393216341121611,0.3524949983107739,4.279200925986166e-07,-6.815066290165125e-07,3.631331093705393e-07,9.183222770690918,13.975319862365724,11356.915532279809,0.4411841659584739,441.1841659584739
case_01048,0.2182667515052979,0.4126386382334995,0.3040360114603998,0.0650585988008028,2.7187476750477906e-06,-5.620618089265245e-07,2.8879697468306567e-06,53.1497802734375,66.87674713134766,10050.32990286206,0.3377684118294902,337.76841182949016
case_01049,0.0136537044845643,0.1756627399474815,0.3070401347932612,0.503643420774693,1.0041626964038653e-07,-1.998970593474992e-06,1.0989069121513348e-07,20.86585998535156,28.858253479003903,10768.850232403282,0.3016455087731396,301.6455087731397
case_01050,0.3411988851106741,0.0392961611444217,0.0241322415382488,0.5953727122066553,1.9146439570661265e-06,-2.861487116689379e-06,2.5658297951408834e-06,33.08523941040039,45.90778350830078,4781.234959216657,0.208869886560698,208.86988656069803
case_01051,0.0471360494447506,0.2683852590152442,0.3631227772379645,0.3213559143020406,2.827658554134033e-07,-2.199712580173544e-06,-5.55990476980436e-07,28.53129768371582,45.85345077514648,26223.05030684193,0.4845478755230316,484.5478755230316
case_01052,0.0788400432016593,0.0514595243939018,0.0976929307873938,0.7720075016170449,-2.755289919386892e-06,9.277289747823304e-07,2.993068963107787e-06,28.63903045654297,35.59772109985352,3038.7378386480555,0.1585574366328018,158.55743663280185
case_01053,0.2077813397746991,0.0703782122514949,0.2684404540182751,0.4533999939555309,-1.109950348861356e-06,1.8137328981821248e-06,4.75320211365347e-07,20.038482666015625,35.88509750366211,8692.840143555062,0.3007003502765501,300.7003502765501
case_01054,0.0193775578698035,0.3145693127787263,0.5333794016526743,0.1326737276987959,4.532970469866194e-07,2.929220956361845e-06,-2.7463860345843926e-06,30.29521369934082,36.167022705078125,3780.0474468105385,0.2315861422727208,231.5861422727208
case_01055,0.0699139547362594,0.1807500438800011,0.4337612615007574,0.315574739882982,2.7035637955867464e-06,-9.218189813490344e-07,5.205287801483283e-07,32.057498931884766,43.79230499267578,14545.81839900683,0.3841176864304852,384.1176864304852
case_01056,0.2388490402779646,0.3576410095295889,0.123890424449871,0.2796195257425753,2.1547821585074e-06,5.962753335666103e-07,-1.3525638259224203e-06,32.97129440307617,58.13991928100586,9093.12427772043,0.4054547409028495,405.4547409028495
case_01057,0.2193907278746649,0.0736227117768182,0.4228382325747399,0.2841483277737769,-1.629866314926914e-06,2.622869800890732e-06,-2.805112067784632e-06,36.63479995727539,46.027828216552734,9616.962406087025,0.3333144031202399,333.31440312023994
case_01058,0.1359171011116928,0.7414820742847008,0.0064743933941138,0.1161264312094924,-1.679341019885019e-06,-1.9977493119710845e-06,1.92511982816798e-06,31.63269805908203,39.98667907714844,5538.792473453422,0.2870584274266335,287.0584274266336
case_01059,0.0187296038868295,0.4652367994818938,0.3873073503726746,0.128726246258602,-1.7929621973165955e-06,1.305873518056456e-06,-1.3456221781154644e-06,25.93927574157715,30.26171875,4817.244708816531,0.2780246593068702,278.02465930687026
case_01060,0.3087265492125341,0.1382112679172439,0.3870495916922197,0.166012591178002,2.534993377815019e-06,1.5298723988949788e-06,1.779291324278991e-06,44.211875915527344,75.20026397705078,22074.20892170081,0.3336632599043889,333.6632599043889
case_01061,0.1445120688332593,0.7420552123956637,0.0785375174953166,0.0348952012757602,2.1159969186103243e-06,-2.46614678478397e-06,-1.2706945022647983e-06,32.70523834228516,43.80219650268555,5222.86961750822,0.2896748533077505,289.6748533077505
case_01062,0.1792172994709311,0.7108905664826283,0.0968249725411839,0.0130671615052568,1.6493005935176923e-06,2.1674963110983904e-06,-1.8340418767573544e-06,33.4422607421875,47.878902435302734,5967.250803500795,0.2919140270850784,291.9140270850785
case_01063,0.1749208663430863,0.2975738292824574,0.0745517019966995,0.4529536023777566,-6.435893146546346e-07,1.8786302826650628e-06,2.843613444626565e-06,35.28395462036133,50.34648513793945,8915.39495785638,0.2604317305527555,260.4317305527555
case_01064,0.7971807842946276,0.0785869247717129,0.0572835635879234,0.0669487273457362,2.628422579260083e-08,-2.799581960535393e-06,-8.301280334698825e-07,26.57352828979492,43.015811920166016,5197.715092601211,0.1363198448804252,136.31984488042528
case_01065,0.0371162280973892,0.6516876086373634,0.1625774820326693,0.1486186812325778,-2.14009531229083e-07,-2.453493510719691e-06,6.082572686589626e-07,28.587158203125,42.70331954956055,9149.624747975084,0.3379712355412047,337.9712355412047
case_01066,0.3891953415394406,0.210667619024705,0.3772398144566375,0.0228972249792167,-1.4796113546437642e-06,-2.705238636648886e-06,6.598889568868295e-07,49.22142791748047,60.40079498291016,9503.835635827732,0.2887986548731439,288.798654873144
case_01067,0.1945012599422985,0.3265963699287449,0.1210973724410627,0.3578049976878937,3.0168276892601895e-08,-9.915388092038268e-07,3.62840893041011e-07,12.653646469116213,31.809345245361328,7892.075069905938,0.3460314498447384,346.03144984473846
case_01068,0.0630192990944478,0.2490638062846015,0.3533944855947449,0.3345224090262058,-2.817020712883473e-06,5.57339440795572e-08,2.488174461127288e-06,42.30978393554688,48.85057830810547,13019.09550357304,0.4815541975381258,481.5541975381258
case_01069,0.3292994124378482,0.2647261001528144,0.0870096176519519,0.3189648697573854,-2.209137759015245e-06,1.94086367727773e-07,1.0466464282012107e-06,36.29991912841797,49.026309967041016,7960.838697445443,0.3533777246830372,353.37772468303723
case_01070,0.0987487686461617,0.7373835391759734,0.1302978730485166,0.0335698191293483,2.3195375770136786e-06,-1.393999441383344e-06,-5.776019753704188e-07,21.84479331970215,30.42388153076172,4158.407872145364,0.2910337721762376,291.0337721762376
case_01071,0.1738427826979854,0.1956128192745503,0.4444687302720621,0.1860756677554021,1.5100786021885396e-06,2.4695813193616447e-06,2.174282307145644e-06,41.87484359741211,57.37367248535156,19504.79481640188,0.3064321483696016,306.4321483696016
case_01072,0.145744538986784,0.5586311819094312,0.2672219746381047,0.0284023044656799,-4.627895456454778e-07,-7.904232607685208e-07,-1.913622605304214e-06,29.700834274291992,39.500587463378906,8573.494561655729,0.3072718385360996,307.27183853609955
case_01073,0.2046684615805506,0.585322410944896,0.1238016287914803,0.0862074986830729,1.0290217370326357e-07,-2.7266990642078853e-06,2.654205456625046e-07,34.056209564208984,47.83370590209961,9600.968231395596,0.3433298380047014,343.32983800470146
case_01074,0.0864383358507041,0.0916602301733642,0.3164681402992227,0.5054332936767086,-7.800066842401354e-07,-1.1986373307516818e-06,2.7033022316625383e-06,26.63734436035156,33.494468688964844,6902.828951054818,0.2729865183078823,272.9865183078824
case_01075,0.0162237052096491,0.5416693044872126,0.2715911979782867,0.1705157923248516,1.444679202964035e-06,1.866565352649331e-07,7.523857792824761e-07,20.441875457763672,33.40205001831055,20783.82644592887,0.3648169820237344,364.8169820237344
case_01076,0.5052826740781214,0.0239582009553015,0.1857004032609757,0.2850587217056013,1.7051230753924775e-06,-5.506690644706078e-07,1.9018107028492573e-06,30.15520095825196,39.62582015991211,11056.084062843867,0.2699766144260393,269.9766144260393
case_01077,0.2736374942584975,0.2373337783102962,0.0503266623348877,0.4387020650963184,1.5797111412189546e-06,-1.356944885404445e-06,9.213643532711572e-07,20.130146026611328,25.393287658691406,6232.433666854256,0.2689057052281868,268.9057052281868
case_01078,0.0223291009661078,0.3498608253133921,0.5950210936439233,0.0327889800765768,1.3356703490066972e-06,-2.2120605014140955e-06,2.0362251812273422e-06,24.224515914916992,32.547218322753906,3417.295133765028,0.1927656838505676,192.7656838505676
case_01079,0.4986547536588578,0.0160144191919625,0.2024825689710318,0.2828482581781477,-1.772973967843225e-06,1.914987000577379e-06,2.666927279071462e-06,42.71187210083008,55.67487335205078,8201.99630638397,0.2795214982993231,279.5214982993232
case_01080,0.161266739775033,0.509924321529479,0.2070036712377498,0.1218052674577381,-9.721801245571275e-07,2.9768714527451514e-06,-1.3624696348035791e-06,33.50716781616211,46.11306381225586,6998.873798983458,0.3901577765653427,390.1577765653427
case_01081,0.1899378815385315,0.3442014914864101,0.002554595533988,0.4633060314410702,-1.8092739009795041e-07,-1.0227471988567076e-06,-1.9820335124596867e-06,24.958261489868164,37.87662506103516,8857.662441501807,0.2369447447362176,236.9447447362176
case_01082,0.0401217527015086,0.7501852350736197,0.1465407044645444,0.0631523077603272,-1.0152420514340665e-06,-7.102737349403764e-07,-9.60554980047607e-08,14.160037994384766,19.53583335876465,15945.361783032924,0.2891475116572928,289.14751165729285
case_01083,0.2698208944130231,0.4807860774024881,0.2232701327530986,0.02612289543139,1.5296412009499738e-06,7.082251480617424e-07,1.211174560945295e-06,32.60314178466797,41.405059814453125,8711.647481251306,0.3241548842992136,324.1548842992136
case_01084,0.2305306868910005,0.5862918240011618,0.1217566564397478,0.0614208326680901,-1.023878854500272e-06,1.3106488484132478e-06,-1.6368524809067034e-06,26.892831802368164,42.06970977783203,6855.780849131402,0.329521599711179,329.5215997111791
case_01085,0.1424687191652604,0.0120841563085036,0.4186830613897784,0.4267640631364576,-2.170607479287977e-06,-6.478227911784526e-07,-2.9753912974189976e-06,38.2333869934082,53.3995475769043,16711.41669862432,0.2684148718458377,268.4148718458377
case_01086,0.2371175834725049,0.1164734259517913,0.4300835805457191,0.2163254100299846,-6.057572877101757e-07,2.429577101890892e-06,-9.42389304979768e-07,26.558534622192383,34.84918594360352,7810.959920202069,0.3163989055632515,316.3989055632516
case_01087,0.3366296387305734,0.1921995721002213,0.2954335014467596,0.1757372877224455,2.8794865966942818e-06,3.600239353735103e-07,2.813156012806731e-06,59.6178092956543,115.38957977294922,23485.074002075413,0.4031506635377728,403.15066353777286
case_01088,0.0988032860049207,0.5855648168542363,0.1439434133910011,0.1716884837498418,-1.6447115223985446e-06,-2.976595415644143e-07,1.1698047636350806e-06,21.465126037597656,27.92829704284668,6692.872165450009,0.3684678088345952,368.4678088345953
case_01089,0.1090697680368198,0.4302447821824199,0.37119666700587,0.0894887827748901,6.729519536593743e-07,8.800365189594306e-07,-5.920473363526564e-07,13.313937187194824,15.837485313415527,5421.37249634063,0.2864134480233815,286.41344802338153
case_01090,0.0193659412071489,0.2922875190925003,0.4547430073721747,0.2336035323281759,-4.02161700961762e-07,2.71682308949504e-06,-1.844543415918958e-06,27.723276138305664,32.302303314208984,5342.758446179237,0.3207880106847531,320.78801068475315
case_01091,0.1271947632324121,0.5431268947535011,0.0412949460592593,0.2883833959548273,-2.5738525941040404e-06,1.7673137665302326e-06,-8.634619574715181e-07,30.41475296020508,43.09489822387695,5025.22066649402,0.3023310529187346,302.33105291873466
case_01092,0.1625677676867925,0.1858398597472118,0.2059924713899925,0.4455999011760032,-7.274036401164294e-08,-2.7599212167892538e-06,-1.9809634001925123e-06,39.45647430419922,51.7089958190918,16066.22792914417,0.3125533679891448,312.5533679891449
case_01093,0.0271092842816639,0.2618543550594071,0.3701194053029158,0.3409169553560132,1.2129859718898751e-06,-1.0061405355602422e-06,-2.362165072122292e-06,32.34555435180664,43.60357284545898,18982.31430925265,0.4749380880619991,474.9380880619992
case_01094,0.1521505496417943,0.576161527651924,0.0495156649090863,0.2221722577971953,7.931985496691272e-08,-1.7673189029266364e-07,2.440454235435323e-06,32.85238265991211,49.47765350341797,10062.13670747256,0.3306736383937173,330.67363839371734
case_01095,0.0350837301663377,0.0404324099756627,0.467239655923234,0.4572442039347654,2.2326363824794864e-06,-1.1128945667453684e-06,2.985902030252841e-06,32.38039779663086,45.83762741088867,10439.764693656884,0.2487571977064694,248.75719770646947
case_01096,0.3402478479069579,0.1319844943714034,0.5196948278508303,0.0080728298708085,-1.2663779000545042e-06,1.201125364982739e-06,-2.015313362425258e-06,28.74726104736328,38.67587661743164,6846.393457488438,0.2319147166856983,231.9147166856983
case_01097,0.0910877827845635,0.0397965536981824,0.1809466532177002,0.6881690102995538,-2.4825049721762106e-06,1.9576148991754862e-06,-2.6728646467303217e-06,28.624855041503903,36.74283981323242,5194.823089144044,0.1806692776839154,180.66927768391548
case_01098,0.1773578981504112,0.0079777850858592,0.4989841055736913,0.3156802111900383,2.619393669948037e-06,1.3880705711116292e-06,-1.021613357122726e-06,27.76668357849121,36.19138717651367,9686.20433390782,0.2531097945598624,253.1097945598624
case_01099,0.4665629415634669,0.1065196348763291,0.2468997216592026,0.1800177019010014,-7.308219028306859e-07,2.935999720969652e-06,-2.3004491543150815e-07,43.762393951416016,48.1806869506836,7891.4598102811,0.3046797515003884,304.6797515003884
case_01100,0.0828489322154008,0.4602857431270745,0.1776724450227392,0.2791928796347854,4.584333087218002e-07,-1.3647141126418254e-06,-1.7710725175448732e-06,29.29806327819824,41.4450798034668,18058.480910056427,0.4079575855054063,407.9575855054063
case_01101,0.5155290028273063,0.1304418853754151,0.3366294329712227,0.0173996788260558,1.7520187567811757e-06,2.249936970146529e-06,-1.1914505292086494e-06,30.1030387878418,44.459171295166016,6113.028181735285,0.2199602871172463,219.9602871172463
case_01102,0.3502703333634351,0.5885785797986004,0.0580984604519228,0.0030526263860414,-1.0541180167465167e-06,1.599735991046917e-06,-1.794775585850054e-06,34.00016784667969,65.08763885498047,3104.5232043428005,0.2697048306523419,269.7048306523419
case_01103,0.3324969357423254,0.3075558002120236,0.1584543498592067,0.2014929141864444,1.2969872290656668e-06,-8.269274546511235e-07,1.6455634105947078e-06,36.30192947387695,50.48891067504883,13880.57214115495,0.420747648766122,420.747648766122
case_01104,0.4610075771495461,0.0208632477359869,0.3507800143284958,0.1673491607859711,-2.187486901093032e-06,1.4047472619418122e-06,1.2754676594835648e-06,32.00457763671875,35.740074157714844,7101.206054274946,0.2935487862014972,293.54878620149725
case_01105,0.0189668610311008,0.5748161501799789,0.1674416696734432,0.238775319115477,-1.2522375167669684e-06,-2.3755442614905184e-06,8.097090945658907e-07,33.427364349365234,47.738677978515625,12585.678077222454,0.3636608868669618,363.66088686696185
case_01106,0.3029174507822848,0.3993422768134452,0.2161920536056373,0.0815482187986327,-2.1317361831808804e-06,1.736000894043314e-06,-6.766928575247717e-07,39.6716194152832,88.3471908569336,6640.374960715862,0.367372560791337,367.372560791337
case_01107,0.053060343368249,0.4295714623613902,0.3044212159508781,0.2129469783194825,1.8673833504081471e-06,1.9398361552261565e-07,2.454245647885416e-06,40.62475204467773,58.82512283325195,26569.67997380441,0.4269378284476481,426.93782844764814
case_01108,0.1787370915398812,0.708990782905433,0.020941642855874,0.0913304826988117,-1.6641045886392875e-06,-1.246258963744481e-06,2.81719524921012e-06,28.09465217590332,34.730995178222656,4227.256142691693,0.2938124570267261,293.81245702672607
case_01109,0.0604386411470947,0.2140345060662049,0.6868910826489586,0.0386357701377417,1.3044213324312614e-06,9.346638107050808e-07,-1.958164124247528e-06,17.214954376220703,20.31026077270508,3044.602032960881,0.1751889809933899,175.18898099338998
case_01110,0.4495117964647955,0.3848590829685512,0.0551509459915133,0.11047817457514,2.659790383473916e-06,8.49719992286454e-07,-1.6619241515287317e-06,41.54360580444336,73.66085052490234,3364.11361300054,0.2630765517535124,263.07655175351243
case_01111,0.0855834636292829,0.6213691357789175,0.0323998402865563,0.2606475603052431,1.6663325441326224e-07,-1.7430826636824017e-06,1.537861680022179e-07,21.433799743652344,28.968170166015625,7434.889691222022,0.2940031113157377,294.00311131573767
case_01112,0.1300506531545986,0.4196618226158829,0.1741701774218506,0.2761173468076677,2.401751535641263e-07,-2.817615511130844e-06,-2.452496584306528e-06,55.60497283935547,82.13787841796875,22990.325093660653,0.4334809213875575,433.4809213875576
case_01113,0.325434416768328,0.2968582574247464,0.366515937891861,0.0111913879150647,-2.337985914131279e-07,-3.982644785899569e-07,-3.8130960706132293e-07,8.82248306274414,12.16476345062256,12749.265958152972,0.2966803843103689,296.680384310369
case_01114,0.4425319258712971,0.0566618571306261,0.2019666070358483,0.2988396099622283,-1.0446591396381436e-06,4.170712160665272e-07,4.907475886662609e-07,15.322345733642578,18.80906867980957,7981.610133099053,0.3288522814625212,328.8522814625212
case_01115,0.0730405834133731,0.1039004154701497,0.8024709521722466,0.0205880489442302,-1.4606981445049717e-07,2.2596316702235907e-06,1.3244142682399865e-07,18.21595573425293,25.20887756347656,5134.199748956024,0.1512071053202688,151.2071053202688
case_01116,0.5785497136550455,0.2592071939200123,0.0733782083575404,0.0888648840674017,6.168451936005566e-07,2.5693007738855664e-06,-1.0145485015318438e-06,30.312894821166992,48.86760330200195,3689.4970834905134,0.201073343082393,201.07334308239308
case_01117,0.2434626381985833,0.1728769163293487,0.1939998484206398,0.3896605970514282,2.915949433023956e-06,1.7283130894059824e-07,2.546748364632411e-07,40.14830017089844,51.00947189331055,15033.11704888234,0.3521648388869846,352.16483888698457
case_01118,0.0957210356786114,0.1799690810078999,0.4533373863718563,0.2709724969416322,2.6265873559093453e-06,1.5228209026112697e-06,2.7528057255530867e-06,54.73226165771485,93.50603485107422,23639.373924678806,0.3382876405314792,338.28764053147927
case_01119,0.197595049241851,0.1614702677483555,0.3284517582659855,0.3124829247438078,2.1729177497587305e-06,-3.641803660320183e-07,-1.7638955742517437e-06,31.70099639892578,36.552764892578125,12636.26795651778,0.4493985262829106,449.39852628291067
case_01120,0.0714320109448429,0.2588755841293554,0.3270606785124427,0.3426317264133588,2.33478321422915e-06,1.476492939437358e-06,9.28988150364022e-07,39.56631088256836,68.08353424072266,43895.65997637793,0.4902593912449116,490.2593912449116
case_01121,0.1147463794862512,0.6596284511597056,0.0124166236168637,0.2132085457371794,-1.9290490024774218e-07,-1.7711908503649985e-06,-2.739619835063689e-06,43.95888900756836,64.85948944091797,14774.348016302563,0.2991061559024742,299.10615590247426
case_01122,0.3950776369430217,0.2163970750586989,0.0789264059917974,0.3095988820064817,9.446659630647886e-07,-7.736115911788115e-07,-2.6015015731113904e-06,49.09589767456055,62.24971008300781,8874.774385541512,0.3257734175186952,325.7734175186953
case_01123,0.1783281979776525,0.3385640567941094,0.2826535948586417,0.2004541503695963,2.3704003376172846e-06,8.053679928816888e-07,3.109693453415103e-07,40.15915298461914,66.4522933959961,28820.897435073515,0.4857485918963814,485.7485918963814
case_01124,0.403775377418407,0.0861631453620324,0.1826080845104772,0.3274533927090833,-6.422954100518815e-07,-2.891052206357528e-06,-2.3703649180323035e-06,51.91056823730469,82.48639678955078,21412.914775742644,0.3525299215680706,352.5299215680707
case_01125,0.46144444301514,0.363763442224972,0.1715198428444955,0.0032722719153923,2.7705748700728125e-06,1.3347678620337238e-06,-2.865919269438856e-06,40.8515625,70.7850570678711,2346.8573807559364,0.2435933060062185,243.59330600621857
case_01126,0.2889654003332724,0.1417524707581425,0.5590672958912861,0.0102148330172988,-5.052836275849021e-07,2.0132130076090005e-06,-1.970922014111867e-06,22.84890365600586,27.560043334960938,4367.95018211668,0.2150276144483499,215.0276144483499
case_01127,0.1933278234344878,0.6242109537657484,0.0421499976773238,0.14031122512244,6.064959923592939e-07,-6.051500334362915e-07,3.890950259974468e-07,9.24875831604004,13.02134895324707,5880.448081179257,0.3208529142725018,320.8529142725018
case_01128,0.0399245771186909,0.4092000178802846,0.3330110860974232,0.217864318903601,1.2588282796342317e-06,-3.12345496937014e-07,1.2200457271135945e-06,22.902074813842773,33.04478073120117,20515.271766367656,0.4194698593823207,419.4698593823207
case_01129,0.226923655567488,0.6987498160661326,0.067297783063226,0.0070287453031531,2.70355207845563e-06,2.1076932732991862e-06,-1.78512861515172e-06,44.92314147949219,77.03881072998047,6651.528434874349,0.2834116570900071,283.4116570900071
case_01130,0.3318531229037136,0.1443891241679059,0.3713120425347904,0.15244571039359,-1.5323023556864038e-06,1.6539278119562008e-06,1.0095566232490469e-06,23.6508903503418,33.99916458129883,9306.757866590617,0.3411596242893564,341.15962428935643
case_01131,0.274587505584383,0.0927993717274434,0.2290021814939926,0.4036109411941807,1.4767858694318533e-06,-1.27110306579975e-06,-1.905142013404624e-06,26.33504676818848,37.53472900390625,10357.341782563884,0.3372248442820953,337.2248442820953
case_01132,0.5363253801317874,0.1259813948992002,0.1977863846938033,0.1399068402752089,1.248935168644933e-07,-1.056143360630766e-06,6.807445597875429e-07,11.566396713256836,14.067042350769045,3325.7953695748424,0.23793046797515,237.93046797515004
case_01133,0.1208401790870326,0.155954958927147,0.3452496063565209,0.3779552556292994,-1.3886571562761537e-06,1.0732693943435795e-06,-5.282419206252068e-07,19.20073890686035,26.30315017700196,12931.718800754885,0.412362916523845,412.362916523845
case_01134,0.3292688256168218,0.5659223859092987,0.0503943721155506,0.0544144163583289,1.659641038778343e-06,3.791885546889672e-07,9.227970560017002e-07,32.13650131225586,52.31318664550781,9764.201692647395,0.2883686686043092,288.3686686043092
case_01135,0.1263328918707368,0.4891340693336999,0.1613478849089759,0.2231851538865872,3.133336810430794e-07,-2.0266225734210184e-06,2.970316514875484e-06,38.66461944580078,54.26981735229492,8081.853962513285,0.4131579854737657,413.1579854737657
case_01136,0.1576306998170467,0.5149888408239159,0.0043031131939716,0.3230773461650656,9.65842923898055e-07,-1.1404205446250016e-06,2.626901791395372e-06,33.63962173461914,44.27705383300781,5643.377604801318,0.282920823707658,282.92082370765803
case_01137,0.2036328705222053,0.2952872957234209,0.4973317872131429,0.0037480465412309,-1.0625935885325938e-06,2.3998996612719247e-06,-2.974309452983378e-06,31.964242935180664,41.11019515991211,4530.945171459071,0.2280245578950143,228.0245578950144
case_01138,0.0441168370570756,0.5741309991662836,0.1620749358280357,0.2196772279486049,-1.1235628903436977e-07,1.1290466203335809e-06,2.312632586173835e-06,32.02278137207031,46.2806282043457,17869.56587199339,0.3693521202176704,369.3521202176704
case_01139,0.1016483865969503,0.1062057157375087,0.2508553834732184,0.5412905141923227,7.041255059284026e-07,2.915845906113117e-06,-2.601055228951401e-06,30.364561080932617,34.09954833984375,5598.725571093786,0.2478566604264571,247.85666042645715
case_01140,0.3368419793381425,0.0895538539816131,0.5602541620497817,0.0133500046304626,-5.705351143809361e-07,1.6020751798846168e-06,2.7182795169590697e-06,31.43118095397949,43.360450744628906,8946.17042498777,0.2180294053817243,218.0294053817244
case_01141,0.0851815736642457,0.7380597013692068,0.0959446911973458,0.0808140337692013,-1.809764760913792e-06,2.651846592861541e-06,-1.309045925401892e-06,29.57198715209961,40.30500411987305,4195.20564889064,0.294161313810875,294.161313810875
case_01142,0.0378685478883991,0.4992710987467385,0.176614244641079,0.2862461087237833,2.7698429538918245e-06,-1.7028685567771475e-06,-7.077910175323743e-07,32.20792388916016,41.4514274597168,6066.840114376669,0.3804181819288129,380.41818192881294
case_01143,0.0781900182011797,0.4061007044501136,0.408434553663862,0.1072747236848445,6.880524025570446e-08,1.6289092489015542e-06,-2.450170768945633e-06,24.523094177246094,28.978466033935547,4175.752588278283,0.2734732952159971,273.4732952159971
case_01144,0.0951950146344813,0.0423651337210121,0.6756943204958923,0.1867455311486142,1.403522221726203e-06,-2.8786948791132155e-06,-2.3263634500265423e-06,29.66120719909668,41.84314727783203,6303.26164799958,0.1841375631542332,184.13756315423325
case_01145,0.4497122296681658,0.0596327990715986,0.251177367263772,0.2394776039964635,-5.337168386636511e-07,1.0245601302692037e-06,1.3604433913759176e-06,22.341537475585938,30.544034957885746,13179.095077643942,0.3307142031360602,330.7142031360602
case_01146,0.2267981906615252,0.649786586089447,0.0964110325749457,0.027004190674082,-8.692094158457019e-07,-1.8430633127855173e-07,2.66599341448975e-06,30.40023422241211,45.28531646728516,5945.35823088386,0.3020673820935058,302.0673820935058
case_01147,0.3175051719904291,0.3724988516715234,0.243948995101933,0.0660469812361141,-5.570142091972499e-07,-9.194395684795884e-07,6.644909697258572e-07,17.488359451293945,27.641033172607425,6636.340853771412,0.3514792947413896,351.4792947413896
case_01148,0.2629309827275418,0.1401510089243058,0.2088486387691606,0.3880693695789917,-5.448201372861014e-07,2.174426113758535e-06,1.2951000931608667e-06,32.61515426635742,53.39886474609375,15396.251460774994,0.3523027590109504,352.3027590109504
case_01149,0.5547228632318925,0.1072086389166167,0.2108571025162197,0.127211395335271,2.6508069565172173e-07,2.125606155945184e-06,1.5718184675829214e-06,29.76513671875,48.16382598876953,11666.801701882294,0.223834220010993,223.83422001099305
case_01150,0.0480006276868554,0.3315827457821949,0.5201807422762326,0.1002358842547169,2.608192198881789e-07,-2.8661897706081385e-06,-1.4231143526823498e-06,30.216676712036133,41.88619613647461,8331.876711587725,0.2293672508665643,229.36725086656432
case_01151,0.2424968925089285,0.3961344948385071,0.3261836563858035,0.0351849562667607,-1.7077104702769864e-08,6.57030734696586e-07,-2.7286222144787108e-06,35.94431686401367,56.84414291381836,6944.568591370916,0.3156809096237823,315.6809096237823
case_01152,0.7668837362113303,0.1158058394475065,0.1015168548859798,0.0157935694551831,-2.1912852904953714e-06,-7.930066540742616e-07,-2.988763536484989e-06,41.29237365722656,74.97412109375,7830.050708722159,0.1415040189518476,141.5040189518476
case_01153,0.4597883851027436,0.0797026472282191,0.1973036737680546,0.2632052939009826,-2.3547128996813075e-08,-5.060339909973052e-07,-8.961043022758883e-07,13.390286445617676,19.9405460357666,15963.311972565136,0.3142733130644837,314.2733130644838
case_01154,0.2732576386551723,0.3440728279479663,0.0594888389728221,0.3231806944240393,-1.985376597476091e-06,1.992244435312656e-06,-1.5512146308047035e-06,31.47235107421875,38.96630859375,7134.3606360709055,0.3364094929610031,336.4094929610031
case_01155,0.4120439616240379,0.3062367361695197,0.0335808261220049,0.2481384760844373,-2.243185282225409e-06,-1.1409613708339304e-06,-2.6260936497048863e-06,52.994876861572266,79.13786315917969,9821.383299380655,0.292790225519685,292.790225519685
case_01156,0.5637701942957474,0.2229934497284684,0.0783007368975569,0.1349356190782273,2.595874304047007e-06,2.6582928638257213e-06,-1.9228302450379995e-06,47.231258392333984,73.34931182861328,4235.565614607696,0.2108616154097343,210.8616154097344
case_01157,0.4603661745046816,0.3169934506339366,0.0566893762064214,0.1659509986549603,6.297000788862253e-07,-1.922197041767156e-06,-2.2530066103923134e-06,43.56713485717773,69.27947998046875,6434.543586129934,0.2664718206876129,266.47182068761293
case_01158,0.2388015636754666,0.2910544233828038,0.0217504830367901,0.4483935299049394,9.56940348747506e-07,9.76334540209067e-07,2.4892702837042223e-06,34.985740661621094,47.5953254699707,11431.341605518046,0.2530692298175195,253.0692298175195
case_01159,0.0876502609935549,0.2386537478350653,0.3063572173430016,0.3673387738283779,-5.892379779998172e-07,1.0326304020825885e-06,-2.1583967192449865e-06,28.93681526184082,37.7500228881836,18052.22803000868,0.4755222203517368,475.5222203517369
case_01160,0.5410440129323238,0.0696793728685763,0.3630607097655774,0.0262159044335224,2.453885351489185e-06,-1.4868290314324909e-06,2.258907839260751e-07,28.160400390625,39.91559600830078,3933.035210951042,0.2051947209044315,205.1947209044315
case_01161,0.3053253889016348,0.3387835752791406,0.2831749446313306,0.072716091187894,8.275829374779931e-07,-1.0514963461967883e-06,5.586357306729874e-07,16.592422485351562,21.93168258666992,6808.43063651094,0.3564809274722689,356.48092747226895
case_01162,0.5784588376055048,0.051838045899527,0.0154505645111548,0.3542525519838134,1.6150192171415252e-06,2.008790955479643e-06,2.609367462518026e-07,27.143156051635746,48.394317626953125,9519.159067405632,0.1862996639211097,186.2996639211097
case_01163,0.2013820432714975,0.5902062402320979,0.1509062223140287,0.0575054941823757,-7.886251858337169e-07,1.5708315297297144e-06,-2.4056613947040725e-06,32.206642150878906,48.33062362670898,6949.354929908719,0.3349572751851273,334.95727518512734
case_01164,0.4426063305354972,0.1946070845125695,0.0512690898317683,0.3115174951201649,2.760071284914753e-06,-1.0254247181114425e-06,-1.0872098294966928e-06,43.830833435058594,54.56121826171875,4891.277521189208,0.2797729997018491,279.7729997018492
case_01165,0.1777951096632857,0.2303433248098656,0.1535034060258096,0.4383581595010388,1.9227677409498906e-06,2.037392816096032e-07,-2.69237800522108e-06,29.545726776123047,40.92040252685547,5761.666227263693,0.2984124988084107,298.4124988084107
case_01166,0.3580321307805336,0.2500554201395107,0.0225375480401783,0.3693749010397772,2.123690778087262e-06,-2.6299182224814275e-06,-6.259805154221038e-07,45.26118087768555,57.496238708496094,6297.188978259001,0.2980839243954332,298.08392439543326
case_01167,0.2282323360124982,0.2451413832520505,0.0925788705369033,0.4340474101985479,-1.9668343954454744e-06,-1.7475247056082246e-06,-1.868406412370448e-06,34.91991424560547,52.567359924316406,16425.538589146596,0.2809412642813246,280.9412642813246
case_01168,0.3143944071581989,0.0290589997866353,0.1274459096857065,0.5291006833694591,-1.374220752772683e-06,-8.50766468376055e-08,3.697951997062788e-07,13.189599990844728,22.89238929748535,7251.555513372942,0.2369771965300919,236.977196530092
case_01169,0.0088904183002255,0.5985447265987109,0.2090482091085322,0.1835166459925312,-1.2862404018985376e-06,-2.4841575883247306e-06,1.156850363094603e-06,35.6419563293457,52.53302764892578,10563.488169353615,0.3636730562896647,363.6730562896647
case_01170,0.0829313420983322,0.0752015487059399,0.7487538157758311,0.0931132934198965,-1.374544660518773e-06,2.0599941293516245e-06,1.9271916122823882e-07,17.726139068603516,21.22481346130371,3273.5732982123254,0.1640945239626074,164.09452396260744
case_01171,0.6935292482040686,0.2318539471911577,0.0696154939883566,0.0050013106164171,2.132448972625728e-06,1.3080372606458873e-06,-3.945798203316258e-07,29.787681579589844,43.38672256469727,5037.338071367743,0.1587034697052363,158.7034697052363
case_01172,0.1452832638818735,0.6878491591351226,0.0851675472493097,0.081700029733694,-2.8086912287484475e-06,2.6618020238909684e-06,-6.759994748598456e-07,34.81894302368164,45.07320785522461,4948.908175506967,0.3139528515999748,313.95285159997485
case_01173,0.1093313162175651,0.190569712800636,0.1506214350291517,0.5494775359526471,-2.543400066115354e-06,1.160801435784163e-06,2.0501506085820224e-06,25.516016006469727,29.74197006225586,4397.170330543759,0.2339875750194203,233.98757501942035
case_01174,0.125282375768593,0.1260890055035829,0.0264940690537355,0.7221345496740884,-1.3565107762205775e-06,2.642408233573113e-06,-1.6837916096083795e-06,23.042320251464844,26.130590438842773,3019.8505195522084,0.1684998549810461,168.49985498104613
case_01175,0.1220534955859157,0.0323307496301188,0.4617037089909727,0.3839120457929927,-1.800762152103338e-06,3.270753341457904e-07,1.405310037173213e-06,20.902549743652344,24.520008087158203,7006.845095326513,0.2699319932094621,269.9319932094622
case_01176,0.1888626148842684,0.1931306061302817,0.5413203433892427,0.076686435596207,-1.6088423167029098e-06,6.013116663718164e-07,1.5448939484407137e-06,18.370450973510746,22.53954124450684,4365.075673690744,0.2262234833349897,226.2234833349897
case_01177,0.438036900598846,0.2670398544540718,0.1385807568255173,0.1563424881215648,1.7876591355198e-06,2.8618263277575657e-06,-4.847999563755933e-07,48.41017532348633,76.4993896484375,10003.830077148168,0.3140218116619577,314.02181166195777
case_01178,0.106016713357979,0.4985789579101564,0.2570964327918636,0.1383078959400008,3.787595633522816e-07,8.527748811855624e-07,-1.216196404646164e-06,14.636096000671388,19.5975284576416,6359.453801563898,0.3809333541565677,380.93335415656776
case_01179,0.0957251263275859,0.5762936249335289,0.0603407554251421,0.2676404933137432,-2.965376032242192e-06,-2.815280586835521e-06,-1.767510837241487e-07,74.52916717529297,112.0478744506836,15197.038518271673,0.3114540634716523,311.4540634716523
case_01180,0.3384154740254271,0.045016581020583,0.1827136341532858,0.4338543108007041,-4.240634057748285e-07,1.34281665978314e-06,-2.440716444643809e-06,27.830039978027344,45.43886947631836,8406.663205967983,0.2955121197308935,295.51211973089346
case_01181,0.0542599499554243,4.968067539698064e-05,0.5393586568839157,0.4063317124852629,-5.526904388978465e-07,2.432812152824494e-06,-2.7244198066254603e-06,31.21839904785156,42.33310317993164,5639.9698344863855,0.2206052665204984,220.6052665204984
case_01182,0.7802228048110983,0.1057038709863986,0.0737951101166191,0.0402782140858838,-2.316328383332739e-06,1.7734814987659597e-06,-2.330380803288649e-06,30.77180290222168,55.415958404541016,2806.982369015293,0.1398124691961488,139.81246919614878
case_01183,0.2786860425216688,0.5719732877835728,0.1218808923605389,0.0274597773342193,1.0568507316087432e-06,5.029996357525356e-07,-1.877129811226643e-06,31.25790977478028,52.505615234375,4357.475755637,0.307040619504745,307.04061950474505
case_01184,0.2775238954783374,0.1657571522351846,0.1814972328954631,0.3752217193910147,1.2125831302769464e-06,1.0278210785610976e-06,2.506092202825818e-08,20.44678497314453,29.65973281860352,19335.05771704507,0.3557101973677539,355.7101973677539
case_01185,0.1923427048099555,0.0177743275010783,0.0054953635033243,0.7843876041856417,1.325359314312586e-06,2.9411507355100303e-06,2.094819816966733e-06,38.6710090637207,53.17298126220703,9977.346176277622,0.1555678151221303,155.5678151221303
case_01186,0.4643123330733585,0.0969825172753528,0.3690585598046009,0.0696465898466875,1.3708256733515525e-06,-2.45602746894397e-06,-1.586146008001878e-06,38.04103469848633,52.26797866821289,7746.138939624852,0.2606751190068128,260.67511900681285
case_01187,0.1592021921716138,0.5191340030357416,0.1336326570103029,0.1880311477823413,-2.999683038406219e-06,1.003468971799437e-06,2.6109720644806687e-06,41.145751953125,56.6582260131836,6922.83900819687,0.3938086033762035,393.8086033762035
case_01188,0.1933091417686027,0.1221077612826127,0.3393990583247919,0.3451840386239928,2.723524823080333e-06,-1.299613832576437e-06,2.729447453610021e-06,44.45114135742188,65.86308288574219,18566.28040415329,0.402327199268212,402.327199268212
case_01189,0.0015026769127167,0.2271013049393053,0.0931685808097537,0.6782274373382241,1.885252602327978e-06,8.405423795170208e-07,2.753427629071231e-06,29.17484664916992,44.69002532958984,10173.546103032088,0.1811195463239216,181.11954632392164
case_01190,0.0987443746526442,0.6483875532604725,0.2101156823484093,0.0427523897384739,2.423890179535712e-06,6.457414553036327e-07,2.025376408057943e-06,43.39897918701172,63.622501373291016,18204.34462311116,0.309811191406765,309.811191406765
case_01191,0.1007944417486299,0.631774826038003,0.2540740918031035,0.0133566404102636,-2.9061402281553952e-06,-2.079259007351028e-06,-8.170497552136765e-07,65.58676147460938,85.3800277709961,15632.631796160043,0.2899385241329793,289.9385241329793
case_01192,0.5639146163929394,0.1951156088999089,0.0032243150578422,0.2377454596493093,2.6031527747144366e-06,-1.7595201255585652e-06,-2.5638965339842618e-06,35.07071304321289,51.12866973876953,2793.9647139844574,0.1976091140863096,197.6091140863096
case_01193,0.0645486157735911,0.4121852163545412,0.0992695293912174,0.42399663848065,1.8587311721286284e-06,7.297774682592812e-07,4.1291239059896934e-07,22.083740234375,25.6516227722168,9275.478224345505,0.2613363243070021,261.3363243070021
case_01194,0.0006569214742902,0.4040788062597557,0.3031032445691961,0.2921610276967578,2.023314857752192e-06,-2.2306203161773554e-06,3.520886636234023e-07,30.46834945678711,43.81730270385742,8280.415139224153,0.45725591687473,457.25591687473
case_01195,0.0492788052578401,0.1445630634574088,0.5658378557118549,0.2403202755728961,-2.440275691668189e-06,-1.408914749218063e-06,2.099854602657573e-06,26.253374099731445,35.0502815246582,5757.105093038562,0.2387377063477737,238.7377063477737
case_01196,0.0990008430264968,0.0866771056321728,0.3823924259733998,0.4319296253679305,1.4326681735115862e-06,2.0114732864280142e-06,2.9759463056766314e-06,47.3841438293457,67.513427734375,22226.919891984824,0.3161149523668513,316.1149523668513
case_01197,0.1594633324295446,0.0940848460899914,0.0265190661596479,0.7199327553208159,2.759500137852546e-06,-1.0374509639901683e-06,4.8943839360885563e-08,22.52725410461425,33.38289260864258,4057.5658474058296,0.1689785189406923,168.9785189406923
case_01198,0.0537524619661106,0.3057466850865056,0.3062592839220232,0.3342415690253605,1.0712840485089645e-06,-7.163906238202235e-08,-9.287758137612944e-07,15.94030475616455,19.480302810668945,13015.632719498512,0.5042866791470857,504.2866791470857
case_01199,0.0630526230933976,0.5370393946820773,0.0459099841910703,0.3539979980334547,4.233684277476387e-07,2.646842010875042e-06,-1.884589730662398e-06,27.667783737182617,33.628902435302734,3462.135412408373,0.2602410762637438,260.2410762637438
case_01200,0.0469196855306567,0.0259582203120213,0.852285342632062,0.0748367515252598,2.673778066493981e-06,-1.6371054669783223e-06,-2.971201051095776e-06,27.78253173828125,31.63145446777344,2985.5560646025947,0.1427453000675403,142.74530006754028
case_01201,0.3020342529113652,0.1379943865876303,0.0142186522539689,0.5457527082470355,-3.423772695933842e-07,-6.622438958519376e-07,5.468215493327481e-08,8.416409492492676,12.01827907562256,9636.686525657797,0.2202807485817552,220.2807485817552
case_01202,0.0651162939177112,0.4507894516760112,0.042447693723947,0.4416465606823304,5.957613978628724e-07,6.387466532612737e-07,3.331120002155747e-07,10.269048690795898,11.858687400817873,8838.590129720096,0.2345757637833924,234.5757637833924
case_01203,0.0027024475903663,0.145499331611827,0.2977512149417987,0.5540470058560079,-1.4197023903380277e-07,1.532033577023833e-06,1.949630878904385e-06,25.945161819458008,34.184261322021484,12568.464109771225,0.2549514338622299,254.95143386222995
case_01204,0.3676827843646004,0.2624864582491064,0.3357817734735635,0.0340489839127296,2.597077328161795e-06,2.4099203202762306e-06,2.7461807356803533e-08,54.023624420166016,69.09417724609375,11404.529273505344,0.3098436432006393,309.8436432006393
case_01205,0.2028198298407615,0.2068879887122884,0.2871203562969005,0.3031718251500495,-2.5434916394069563e-06,2.492837925441091e-06,2.4988100919963394e-06,46.82536697387695,64.32535552978516,16593.048582001105,0.4823533229622809,482.3533229622809
case_01206,0.3391019021188326,0.0751131023803557,0.506708755255422,0.0790762402453896,6.7182049520890076e-09,1.659840446235738e-06,7.685008594286128e-07,20.6263427734375,33.41184997558594,11817.372154731944,0.2448629824415512,244.86298244155128
case_01207,0.0926876504806817,0.1746069344291246,0.3971349506933558,0.3355704643968379,1.12171464831263e-06,-1.6300149804401374e-06,2.0420174293264987e-06,28.53753471374512,44.28934097290039,13824.449874268776,0.4181920699985194,418.1920699985194
case_01208,0.4962529853731798,0.0810230789915116,0.3789388816366496,0.0437850539986587,1.7514392305334216e-06,-2.8511440197446053e-06,-2.1101895911535173e-06,40.87174606323242,60.29978561401367,6554.770517026601,0.2325657808003018,232.5657808003018
case_01209,0.3462841266005831,0.3900044656782506,0.0296923604276498,0.2340190472935163,4.981118846648182e-07,-6.973564178662573e-07,2.1320167818138884e-06,33.80597686767578,86.50216674804688,4922.654819982302,0.315705248469188,315.705248469188
case_01210,0.4674463489049508,0.4607741358561251,0.0651696012231632,0.0066099140157607,2.453506464728724e-06,-2.15070689407306e-06,1.0508631266630905e-06,40.91501235961914,65.943603515625,2543.021788399892,0.2353505503621417,235.3505503621417
case_01211,0.0519365255745981,0.1310437853019649,0.7769600592761711,0.0400596298472659,2.65194868130323e-06,1.2623258846297883e-06,-1.9786018053700167e-06,24.521373748779297,30.22696685791016,3516.569529421899,0.156837491557463,156.83749155746298
case_01212,0.239731360034341,0.0191294099142724,0.6612251565022074,0.0799140735491792,-2.614084660838499e-06,9.667835209543005e-07,-1.8614186511239348e-06,26.760963439941406,38.21097946166992,6939.124309026363,0.1861374049517381,186.1374049517381
case_01213,0.4794535110322842,0.1347267473107004,0.3173358318393636,0.0684839098176517,-5.857767627517538e-07,-2.736170150271271e-06,2.559003714265328e-06,40.81480026245117,49.12699508666992,4646.55338183278,0.2591417717462513,259.1417717462513
case_01214,0.0207129472284928,0.3650096155366169,0.3276233663934424,0.2866540708414478,-2.859245869673073e-06,2.019562674785707e-06,-2.8067078372977627e-06,53.63014221191406,73.88008880615234,17221.40417005576,0.4789053198631345,478.90531986313454
case_01215,0.3154639607962497,0.5305967997194767,0.0229809109731026,0.1309583285111711,-1.0235000557533423e-06,-1.5075404022529064e-06,-2.2479034022576361e-07,31.93330764770508,46.78504943847656,9204.390765011734,0.2992968101914858,299.29681019148586
case_01216,0.1894704183840709,0.5081606956395487,0.2214540773248205,0.08091480865156,2.21209307823613e-07,-4.066375470537468e-07,-1.119148260395391e-06,18.4003963470459,29.63041305541992,12499.482174317594,0.3624845093390178,362.48450933901785
case_01217,0.2822774709853188,0.5238323434234042,0.1497604561268828,0.0441297294643942,2.464769583059693e-06,1.0076024127344548e-06,9.90464639990568e-07,58.2740478515625,83.72010040283203,14381.56185838114,0.3244550633925511,324.4550633925511
case_01218,0.1167370072850387,0.1445170010800914,0.1900353562406029,0.548710635394267,2.079325934792417e-06,-4.234872788864802e-07,2.0377763254139515e-06,27.446504592895508,47.527122497558594,10529.28172905347,0.2391190149257969,239.11901492579696
case_01219,0.213784921467609,0.2771607945384954,0.1047690553582461,0.4042852286356493,-2.2350016399680857e-06,-3.522731832003396e-07,-8.377312706605825e-07,28.856687545776367,46.47196578979492,13195.44430040158,0.3021363421554887,302.1363421554888
case_01220,0.0853611472386589,0.236739276731298,0.603615628124057,0.0742839479059861,-2.441817751554626e-06,-2.606232027985558e-06,-4.385874760629767e-07,30.660852432250977,46.7822265625,10526.91778413682,0.2016493624236622,201.6493624236622
case_01221,0.0303121069394848,0.560360877655354,0.1093830334768539,0.299943981928307,5.356040325400024e-07,-5.913387044399772e-07,2.8915067070084856e-06,36.41447830200195,48.64616775512695,9439.895423455084,0.3121477205657159,312.1477205657159
case_01222,0.0157102497108425,0.716714945981191,0.2324807042186791,0.0350941000892873,1.9270783475269604e-07,1.5890873593199008e-06,1.703499058075217e-06,26.546241760253903,38.557411193847656,15039.095242915218,0.2800326140528437,280.0326140528437
case_01223,0.5258545494190571,0.153932561782581,0.2732706467235369,0.0469422420748249,-1.401734151419857e-06,2.4910580231195863e-06,2.3832247855907486e-06,38.41398620605469,54.165077209472656,6063.695301245639,0.2260409419944467,226.04094199444668
case_01224,0.0526379105802732,0.1169864471919621,0.0310980378700472,0.7992776043577172,2.3967185073230115e-06,-5.190171776197693e-07,-3.674266760902216e-07,18.69409370422364,24.58173179626465,3594.788843756094,0.1518480282492865,151.84802824928656
case_01225,0.0051988587859824,0.5668890270371436,0.1127392061191132,0.3151729080577606,2.5641984567693205e-06,-4.58485038725527e-07,-1.5955427760953087e-06,26.9487419128418,34.0433235168457,4643.765146872936,0.3022174716401745,302.2174716401745
case_01226,0.4077324383335853,0.0276110651545081,0.5285854762004444,0.036071020311462,-5.843313699590241e-07,1.2157626379419129e-06,-5.2881920768129e-07,18.005516052246094,27.073917388916016,5464.426043751866,0.2387336498735394,238.73364987353943
case_01227,0.2647981414344107,0.1548244241122239,0.4223690034773437,0.1580084309760216,2.3418153426811214e-06,2.65663200663166e-06,1.2965515069890809e-06,44.784122467041016,68.989990234375,19504.908262103472,0.3071907090514137,307.19070905141376
case_01228,0.2097083740863883,0.0596359624732218,0.0498506977315057,0.6808049657088842,-6.963066344221643e-07,-1.3976343585638388e-06,-2.3434175709841243e-06,27.95640754699707,50.87926483154297,10754.91415857677,0.1798701522597603,179.87015225976037
case_01229,0.1469839270128349,0.1721770450359497,0.527758189234372,0.1530808387168433,1.4209009909782009e-06,-3.591347607723788e-07,-1.377185366300947e-06,15.871452331542969,17.825489044189453,4707.083727572084,0.2441612123990191,244.16121239901915
case_01230,0.4097112607487123,0.1806072189195746,0.1227147946230511,0.286966725708662,-1.4434669471365513e-07,1.775839461313807e-06,-2.720184597230458e-06,47.485939025878906,58.47813415527344,7358.36787819246,0.3375128539527299,337.51285395272987
case_01231,0.041330160773681,0.241378617907525,0.508158154689153,0.2091330666296409,-2.264501060956902e-06,6.581614162442311e-07,-4.059135699712107e-07,21.8776912689209,27.33038711547852,7674.478003177064,0.2713558156656978,271.35581566569783
case_01232,0.2809784342620965,0.5189424953449965,0.1137043835222114,0.0863746868706955,2.5676052074221296e-06,-2.336481936216272e-06,1.9646744158776795e-06,58.0559196472168,81.34878540039062,6327.11799747632,0.3359064901559511,335.90649015595113
case_01233,0.6580342401851075,0.1188513744637337,0.1356048928581339,0.0875094924930246,-2.754204397347804e-07,7.663964133735945e-07,-2.8520178702119355e-06,25.28158187866211,58.1873664855957,3752.237367820324,0.1718829544924438,171.88295449244382
case_01234,0.3783569898214757,0.1325059562351849,0.2261409004937531,0.2629961534495863,1.406922241934422e-06,-1.8795222924160384e-06,1.0519411608429965e-06,28.915075302124023,35.942588806152344,10628.281948834485,0.3971024604544468,397.1024604544468
case_01235,0.1257990020939843,0.1709978685998465,0.5674605148198894,0.1357426144862798,-7.96957113412247e-07,6.129560447042504e-08,2.5949752470824377e-06,23.54405975341797,30.423322677612305,5749.893931655119,0.2236313962992785,223.6313962992785
case_01236,0.2343889761842823,0.4199521182806547,0.1448371841428963,0.2008217213921665,-2.8867147285425923e-06,1.7461960596263077e-07,-1.5784328309329065e-06,53.1529655456543,77.23155212402344,19950.71241169261,0.4266295364058421,426.6295364058421
case_01237,0.4032608189577288,0.4598148482550677,0.1239469965537191,0.0129773362334843,-2.3968178478489846e-06,2.257220173349909e-06,1.1618090443658892e-06,39.96913528442383,68.2017822265625,2590.1774335921173,0.2703619794782968,270.3619794782968
case_01238,0.1421855051032741,0.3098766360502838,0.1655668857234477,0.3823709731229942,-2.2683123060453693e-08,-2.2503435592537097e-07,2.8506114066012023e-06,30.968250274658203,59.1014289855957,9371.90559181912,0.3459462638858183,345.9462638858183
case_01239,0.1453137362718788,0.3314296473736797,0.067891595112719,0.4553650212417224,1.1397861427581743e-06,-1.3233454665846347e-06,2.77366836091478e-06,31.48374366760254,34.491756439208984,6000.187800682083,0.2528380107861649,252.83801078616497
case_01240,0.2876207696527113,0.083202336509532,0.1258352551303591,0.5033416387073975,-9.915880405243254e-07,-1.6142019107038106e-06,-1.5904248418251404e-06,26.3483943939209,44.22523880004883,16472.080434742482,0.2496009443472017,249.60094434720173
case_01241,0.1181421058760205,0.0436369265264341,0.613084685054307,0.2251362825432382,1.1729307550659018e-06,2.245511260106017e-06,-2.398013680727588e-06,25.349109649658203,32.58858871459961,4462.790779547929,0.2060181851739923,206.01818517399232
case_01242,0.4748065297568308,0.0839739387689822,0.0971635679208235,0.3440559635533632,1.1918135365917363e-06,-1.97393487349063e-06,-2.110304772624505e-06,32.39958572387695,51.20889663696289,8621.842526972696,0.2659566484598581,265.9566484598582
case_01243,0.2607344589269034,0.4302247639881115,0.1017603819837208,0.2072803951012642,1.2236154439669851e-06,-4.447886347011375e-07,1.212214010892853e-06,29.50498962402344,48.8585205078125,13570.898306697098,0.3900401388125483,390.04013881254826
case_01244,0.326620127972354,0.5717445231098748,0.0023397133714739,0.0992956355462972,-4.486887587694936e-08,-1.876961310438318e-06,1.3545532527196535e-06,24.497371673583984,38.62762451171875,2761.182645483368,0.2808601347966388,280.8601347966388
case_01245,0.5423898500857282,0.0397746203946779,0.1560087154625667,0.2618268140570272,2.489316900729024e-06,1.6398242406862523e-06,1.0454193697691945e-06,35.29459381103516,52.30159759521485,14254.197046520536,0.2365431537870229,236.54315378702293
case_01246,0.25113038256423,0.0521817832827214,0.4088464481584366,0.2878413859946119,-6.482089211630628e-08,-1.537641601522861e-07,-9.835296735465717e-07,11.161459922790527,16.231229782104492,17441.30490413031,0.3398007054208693,339.8007054208693
case_01247,0.1790091434327155,0.2000709015952343,0.5048082855771101,0.11611166939494,-2.984088390201708e-07,-8.931378566591277e-07,-1.9813383614512675e-06,21.89386940002441,34.89491271972656,12423.039769137751,0.2487612541807037,248.76125418070376
case_01248,0.1096770244829463,0.2743059238153501,0.0186016902408943,0.597415361460809,-1.8037150859362384e-06,-8.334021562411991e-07,4.845665517135188e-07,17.96611785888672,26.850032806396484,6378.528855855771,0.1960554844545766,196.05548445457663
case_01249,0.0406761504195809,0.127106938264316,0.541186283699369,0.291030627616734,-1.154069475861981e-06,2.1132852403378768e-06,-9.791732545280097e-08,20.36853408813477,24.1492862701416,6290.30521556622,0.2577625705065928,257.7625705065928
case_01250,0.1435472400127836,0.1840363001465016,0.553187704218348,0.1192287556223668,-2.74599304489018e-06,3.2264372576662855e-07,1.373004882733821e-06,25.017263412475582,30.651531219482425,4574.373093141843,0.2272457148420307,227.2457148420308
case_01251,0.3697624059248617,0.0167434508477351,0.2721556876435231,0.34133845558388,8.012117616970216e-07,1.3072071067875815e-06,-3.518395278862714e-07,16.712629318237305,26.860042572021484,19231.59291042235,0.3743294141031439,374.329414103144
case_01252,0.0924511655453445,0.2592552917359944,0.0833531184177304,0.5649404243009305,-1.5087855364374429e-06,2.382231097504107e-06,-9.681618318811896e-07,22.082670211791992,24.856369018554688,3663.501502188554,0.2149748802833041,214.97488028330417
case_01253,0.3434130967582058,0.4519651890609805,0.0980156828817435,0.1066060312990701,-1.1750684730872095e-06,2.4104500562438525e-06,-1.2391285358459136e-06,29.629770278930664,49.684818267822266,3016.8353221902184,0.3225809722963092,322.5809722963092
case_01254,0.013232420684818,0.1213588352213482,0.2561381259389136,0.6092706181549202,1.6248871299859274e-06,-1.0289456739728211e-06,-1.7311780797015208e-06,18.625837326049805,27.180274963378903,5081.513774463848,0.218248454990376,218.248454990376
case_01255,0.1831877198977953,0.0952485972097712,0.509903145983395,0.2116605369090383,-1.0366729010312767e-06,2.714707578878312e-06,-1.4055217428800317e-06,26.93833541870117,55.1494369506836,5532.645161675982,0.2575232385267696,257.52323852676966
case_01256,0.7068585022263938,0.1991551238666997,0.0795728122780398,0.0144135616288665,-1.546824647921147e-06,-2.850744707912368e-06,-2.431017366935392e-06,48.480464935302734,68.18702697753906,8779.456703008065,0.1558761071639363,155.87610716393633
case_01257,0.5087774783930149,0.0508075993686545,0.1416974219267596,0.2987175003115708,-1.9856535051977658e-06,-7.389866339030059e-07,-9.188579344266628e-07,26.36332130432129,43.36017227172852,14791.509901082483,0.2573934313512724,257.3934313512724
case_01258,0.3450911658908348,0.3810843097921494,0.0755018713683758,0.1983226529486398,1.6491504130917352e-06,2.3747931450530494e-06,-2.780581125822251e-06,48.981388092041016,108.72149658203124,3899.1923870775454,0.3449727100695888,344.9727100695888
case_01259,0.1154094557810147,0.4207286221388621,0.1563184803641732,0.3075434417159497,-2.221762452059839e-06,-1.3521787210981025e-06,-1.8815169170020392e-06,85.54777526855469,162.962890625,23366.91489935369,0.3879794499015291,387.9794499015291
case_01260,0.3941689220196737,0.2458231042632136,0.0585122155096182,0.3014957582074946,-2.774774384978788e-07,-1.3615112980720898e-06,1.4806226677165746e-06,28.002593994140625,34.84523391723633,5644.036992393521,0.3177740503286758,317.77405032867586
case_01261,0.2937695500069699,0.2775141052514944,0.2024385917192848,0.2262777530222507,4.158069646316653e-08,-1.1842662895086677e-06,-1.047186067940264e-06,23.21950912475586,37.40180969238281,24936.801723766897,0.4513618598123069,451.3618598123069
case_01262,0.1359179518579673,0.2445534277766754,0.0734767303353169,0.5460518900300403,1.1243394761142876e-06,6.738803090815333e-07,1.009422101864063e-06,15.2462797164917,23.71473693847656,13085.413729776898,0.221258358872219,221.25835887221905
case_01263,0.1058678746269329,0.0457397263849242,0.295234306938438,0.553158092049705,7.997008939979728e-07,-3.700033463138773e-07,1.3013050535836643e-06,14.032774925231934,22.1867790222168,9687.483123662603,0.2338537113696888,233.8537113696888
case_01264,0.2686940852594108,0.1512089557071878,0.3812040861530705,0.198892872880331,1.864324037671049e-06,1.360409018120055e-06,4.871120563926812e-07,31.79320526123047,47.670780181884766,22098.266113726047,0.3558562304401883,355.8562304401883
case_01265,0.4249891240694758,0.4026880910110569,0.1098078270736483,0.0625149578458189,-2.731491396442571e-06,2.369463855387995e-06,2.7521864481923905e-06,58.489356994628906,100.67726135253906,3371.466367937294,0.2782072006474133,278.2072006474133
case_01266,0.5504294746776024,0.0154090962766788,0.2652718198046586,0.1688896092410601,-1.2213556513236168e-06,1.0451962496571635e-06,-2.8713608002613205e-06,36.08844375610352,48.36612319946289,7014.290725744325,0.2327422374294934,232.7422374294934
case_01267,0.5389409689385186,0.0025698673716361,0.1712690753250752,0.2872200883647698,-1.3191952873477216e-06,-1.773199678814547e-06,1.431915903528853e-06,26.92107963562012,32.6413459777832,5773.557428152203,0.2408267905784329,240.82679057843296
case_01268,0.1307659403356726,0.0175908655737911,0.7078307745859579,0.1438124195045782,-2.1238985664473505e-06,2.596091414163013e-06,2.752719863642448e-06,29.419776916503903,40.396881103515625,4834.077407824315,0.17384628802184,173.84628802184005
case_01269,0.3897385766987409,0.1104828678029661,0.2703600298926459,0.2294185256056468,-1.2649304768613412e-06,-1.413042759915129e-06,2.173630376117636e-06,33.476806640625,40.22971725463867,10480.21906060054,0.389293747553439,389.293747553439
case_01270,0.0341265224375712,0.0491976047596729,0.7964752530193677,0.1202006197833881,-1.1414081151425797e-06,-2.100634228031052e-06,-1.99264384916992e-06,28.70022773742676,38.400272369384766,10111.545173124585,0.1541886138824717,154.18861388247177
case_01271,0.0885844858563783,0.2871724171821193,0.5981211834920287,0.0261219134694737,1.3130677156486977e-07,-2.4601963268342345e-06,-1.0390781624896076e-06,24.1927547454834,36.39434051513672,7591.318794930115,0.1960635974030452,196.0635974030452
case_01272,0.7975644577637115,0.1177307280402941,0.0344486906971215,0.0502561234988727,9.822268735575366e-07,3.803024439969934e-07,-1.9652889607412074e-06,14.43492317199707,28.14792823791504,1369.6762558241255,0.1365632333344826,136.56323333448267
case_01273,0.7061150410327311,0.049333366771091,0.0181572972371172,0.2263942949590603,-7.133969183291158e-07,-2.317425225116089e-06,6.078501828882246e-07,21.83153533935547,44.95439910888672,4268.899971949333,0.1522496191984812,152.24961919848127
case_01274,0.675425357859063,0.1106520938118359,0.1991110194924187,0.0148115288366822,1.316821387880287e-06,-2.1673446953242154e-06,1.2731278918769535e-06,18.61263084411621,27.29875564575196,1750.4495709522196,0.1615997923085192,161.5997923085192
case_01275,0.2201338281681194,0.3182329649800628,0.3124165997577839,0.1492166070940337,-9.8300796852252e-07,-1.1998171164270202e-06,-1.0975573838216507e-06,30.687538146972656,45.51719284057617,24737.91958075989,0.4179081168021191,417.9081168021191
case_01276,0.3598187804559495,0.1070086568963169,0.4337074733363313,0.0994650893114021,-1.258297936111438e-06,-1.310081941893217e-06,2.370394439057727e-07,20.162578582763672,29.869749069213867,13116.08590749941,0.2849774561444429,284.9774561444429
case_01277,0.1404895526940462,0.3272809760536855,0.3388242075973784,0.1934052636548896,2.471283351421462e-07,6.25437061992854e-07,1.14552342042717e-06,22.45672607421875,48.694942474365234,25518.072986585543,0.437070901084904,437.0709010849041
case_01278,0.2656092531147207,0.3490833974784532,0.0971183070134918,0.2881890423933342,-2.8577018381652564e-06,1.9004716768360893e-06,-4.7196110033371014e-07,40.981231689453125,53.09249114990234,7884.51017875945,0.3776881747691359,377.6881747691359
case_01279,0.2017092910852555,0.2181772139755992,0.4702735718876303,0.1098399230515148,-2.5212652581959978e-06,1.5680979372173545e-06,2.124093182732756e-06,29.875078201293945,33.2075309753418,5412.287137705498,0.2649952640663314,264.99526406633146
case_01280,0.1037080567480455,0.7004933287421835,0.0156779069894589,0.1801207075203119,-4.921827384808377e-07,-1.4250932717011395e-06,1.629299611726903e-06,19.13319396972656,25.567811965942383,4297.21759233439,0.2958082423499966,295.80824234999665
case_01281,0.5469870602261726,0.2113319725790285,0.1772546687998235,0.0644262983949752,2.657476268350539e-06,-1.5281370120841206e-06,-2.612006736896576e-06,34.94489669799805,52.09415054321289,2793.035257508278,0.2189299426617367,218.9299426617367
case_01282,0.1085517899582401,0.4933007994854217,0.21148195196957,0.186665458586768,1.3290706790605414e-06,2.794749180641806e-06,7.26751794544974e-07,45.27333831787109,79.05451965332031,26866.66488931848,0.4196199489289894,419.6199489289894
case_01283,0.0268286111509477,0.0041327253929876,0.8480118959939823,0.1210267674620824,-2.471240582996653e-06,-2.9505825504482394e-06,-1.5880466942415025e-06,38.97306823730469,53.160675048828125,9477.448663236091,0.1435281995947582,143.52819959475823
case_01284,0.1904608744191915,0.0171167385734024,0.2367922780922632,0.5556301089151429,2.077908076685242e-06,2.2783231983612942e-06,3.451095880036515e-07,31.058914184570312,41.79674530029297,13250.151754921311,0.2270510040787848,227.05100407878484
case_01285,0.2583920025758897,0.0406342606954431,0.2627250667957703,0.4382486699328969,1.393804623649086e-06,-1.80162888526557e-06,2.7413306557977977e-06,33.34783935546875,57.48958206176758,9613.114475363398,0.3060589527400469,306.0589527400469
case_01286,0.087196127999978,0.3542349347182282,0.1748789613603132,0.3836899759214806,6.656791542159191e-07,2.6837059385386075e-06,2.2743720273135005e-06,42.15888977050781,52.91315078735352,14657.839444152638,0.3355495204233336,335.54952042333366
case_01287,0.5700574139965782,0.0821332016649405,0.2162795422988825,0.1315298420395989,1.921757763655064e-06,-9.46156291034882e-07,-5.7290158130921e-07,18.83959007263184,22.184268951416016,2962.981617448663,0.2149829932317727,214.98299323177275
case_01288,0.4510277893456715,0.2690705769102189,0.2124719991453101,0.0674296345987995,-5.753409135422573e-07,-3.57889356640486e-07,-1.2509168499338796e-06,20.5927963256836,29.13509178161621,10700.55100488509,0.2833508099764927,283.3508099764928
case_01289,0.0808891854565133,0.5617172112129599,0.2556192442441759,0.1017743590863506,-1.6709936948768836e-06,1.242723683666286e-06,-1.593565533550446e-06,29.24191665649414,38.1295280456543,8780.258836365585,0.3369368346114607,336.9368346114607
case_01290,0.4730188057165073,0.0203123103572847,0.1947749517863664,0.3118939321398415,7.2140334652556e-08,5.260143088395621e-07,1.950892185391205e-07,7.448346138000488,12.56901741027832,15594.87298944387,0.2981569409316504,298.15694093165047
case_01291,0.0339863423537757,0.8865773094324266,0.0497910166272771,0.0296453315865205,2.930505335608428e-07,-1.0923640217590632e-06,-2.314509280451662e-06,25.382905960083008,50.00156784057617,9868.111652783551,0.2431227549950409,243.12275499504096
case_01292,0.0738676828802505,0.4757205338540767,0.1799091515526296,0.2705026317130432,2.2995823205947245e-07,3.229854952069413e-07,2.9565004876949136e-07,6.936308860778809,10.155369758605955,30818.885503778984,0.4056453951918611,405.6453951918611
case_01293,0.0090625651956978,0.0149547692537768,0.2519387279092656,0.7240439376412597,3.904427488806315e-07,1.384241306177317e-06,-2.991998163055248e-06,24.245485305786133,29.102983474731445,3693.732472975822,0.1711041114394601,171.10411143946015
case_01294,0.3955555723222443,0.0165717030268172,0.1412327861027343,0.4466399385482042,2.692229509435085e-06,-2.7459903245850475e-06,-1.056902215524931e-06,38.57135772705078,46.6961669921875,7521.901947030258,0.2879914165005202,287.99141650052024
case_01295,0.0954587184126183,0.3440176143114981,0.0279037469419707,0.5326199203339129,2.413473738577389e-06,-2.932804168465776e-06,-1.6803941170165125e-06,34.86833190917969,40.623443603515625,4184.424087690775,0.2123341155567815,212.3341155567815
case_01296,0.2396517685573093,0.4882377424604033,0.1943581798596284,0.0777523091226591,2.2543022193536365e-06,-2.51598365562652e-07,2.8273127397646926e-06,62.06946563720703,91.06524658203124,15367.166055580989,0.3663422163358273,366.34221633582735
case_01297,0.5901960560532209,0.0683512575429121,0.0856019731313002,0.2558507132725666,1.808500865451763e-06,-2.208980293178915e-06,1.3634539174198736e-06,23.355690002441406,29.95001602172852,2904.4061406710443,0.1977105259421668,197.71052594216684
case_01298,0.2444818445456907,0.4470912736142957,0.038651917519189,0.2697749643208244,2.660568643591712e-06,9.860657487882866e-07,-9.02079717226574e-07,40.72797393798828,51.84286117553711,7061.937141415448,0.3300164895677623,330.01648956776233
case_01299,0.6016965810611099,0.0295669962647834,0.2196676813868013,0.1490687412873052,-2.4090321499235808e-06,-1.715685262635395e-06,-2.442929480816277e-06,40.35173416137695,69.4804916381836,12780.156545258696,0.1990613318621853,199.0613318621853
case_01300,0.0539650031878694,0.6050893747614474,0.152987504493019,0.187958117557664,-1.409260431325563e-06,-4.0289335922597413e-07,1.0080356814374425e-07,17.997371673583984,27.77509307861328,15010.422995160809,0.3588742472704999,358.8742472704999
case_01301,0.5851857787999082,0.073780971947969,0.2522061994144684,0.0888270498376543,-2.9664326072490653e-08,-1.8139743787543863e-06,-1.7193127120437462e-06,25.91305160522461,42.41196060180664,9769.779485865594,0.2008421240510385,200.84212405103847
case_01302,0.3748457098866372,0.0366727456997076,0.5430415784973626,0.0454399659162928,2.079206958740432e-06,2.909015144947467e-07,2.185772753901465e-07,26.83186721801757,37.793418884277344,10111.604264071786,0.2319836767476812,231.9836767476812
case_01303,0.1217278176058102,0.4351084893303727,0.1542887515834156,0.2888749414804015,3.099426913639482e-08,-2.3036792436925865e-06,2.0121741250733548e-06,30.87818717956543,38.93814849853516,7359.556511828931,0.3997310557582665,399.73105575826656
case_01304,0.2597617545747052,0.5991249275616867,0.1145034814621097,0.0266098364014984,1.488208436049532e-06,-2.8613588832751187e-06,6.947553126083122e-07,38.08452606201172,51.617618560791016,4714.217664697611,0.3062536635032928,306.25366350329284
case_01305,0.2198695665943566,0.3965099048349113,0.1134247698479213,0.2701957587228108,-2.1662405685065027e-06,-2.693210171359817e-06,8.027305172700134e-07,50.569454193115234,92.62039184570312,11630.28578808482,0.3917519709394186,391.7519709394186
case_01306,0.1417921148080554,0.0164068359696083,0.2430037942836763,0.5987972549386598,-1.4855171221406389e-06,2.72555064909186e-06,2.46181734376869e-07,24.2972354888916,28.552330017089844,5121.740280951997,0.2087238534882636,208.7238534882636
case_01307,0.0606866404561966,0.3358719247829705,0.4029930932820173,0.2004483414788155,1.390656570226034e-06,-2.146282688334385e-06,2.563593795788454e-06,30.82318878173828,40.64846420288086,6193.581771824708,0.3381497204075134,338.14972040751337
case_01308,0.4936475901103673,0.2161881766382473,0.2871474159798381,0.0030168172715471,-2.011595946673656e-06,1.2508695188210112e-06,2.59141610652362e-06,32.057186126708984,42.154571533203125,3848.19076904022,0.2319025472629954,231.90254726299543
case_01309,0.4266772127377146,0.3926007318120868,0.0141981791432476,0.1665238763069509,-8.918643920704396e-07,-2.5924427746630425e-06,7.63392064413132e-08,39.05480194091797,79.52173614501953,5051.495188439287,0.2638229430126217,263.8229430126217
case_01310,0.5142739768591879,0.0726547654143196,0.0927543520074088,0.3203169057190837,-1.4108024531185715e-06,-2.351037886588907e-06,-1.1654430771389735e-06,34.567222595214844,53.39727783203125,14428.924292711185,0.2399911568861692,239.99115688616925
case_01311,0.2203830196036259,0.1522056067167289,0.2788769665970279,0.348534407082617,-9.008298346651292e-07,5.325750845600824e-08,-2.424779647233368e-07,11.862090110778809,18.069202423095703,23090.23886181362,0.43021140315472,430.21140315472
case_01312,0.118641923139651,0.1252740083014489,0.0948146956106833,0.6612693729482166,1.2499442944678218e-06,-2.1077441907393818e-07,-1.880652526826306e-06,16.817462921142578,20.878890991210938,3789.359964514035,0.1866201253856186,186.6201253856186
case_01313,0.3044311351712319,0.0221438047451054,0.5065002690117134,0.1669247910719492,-7.929169131431938e-07,2.709481856639218e-06,8.180658919085359e-07,28.658843994140625,47.661399841308594,8884.90321005539,0.249913292863242,249.91329286324205
case_01314,0.0202902130813184,0.2272744520708677,0.1537752035090023,0.5986601313388116,3.3157993564764106e-07,2.669012718124424e-06,5.540146933992663e-10,23.720535278320312,31.70629501342773,7749.128553158425,0.2135145495589598,213.51454955895983
case_01315,0.0800124570169714,0.6142105457829948,0.2860822446592697,0.019694752540764,-2.400408737673542e-06,1.6776518552547905e-06,-2.3801971331203208e-06,59.72984313964844,109.5727767944336,6679.419436844679,0.2789495354322883,278.9495354322883
case_01316,0.6779123225952396,0.1364736545487918,0.0652698785521681,0.1203441443038005,1.8301061594077672e-06,6.126109807640986e-07,-1.814113313282308e-06,17.955835342407227,25.4298152923584,1766.3310276049417,0.1650072306653226,165.00723066532262
case_01317,0.7315454710290963,0.1363792834439287,0.0802557809666827,0.0518194645602924,-7.806682461112508e-07,-2.7023809564193386e-07,-1.2220826280283898e-07,8.70931339263916,13.404787063598633,6872.03202479335,0.150314680988725,150.31468098872503
case_01318,0.1279374734911236,0.547878409226965,0.2308057952431613,0.0933783220387498,8.912049542000548e-07,-8.629287940294737e-07,2.32553394431315e-06,31.604829788208008,44.39371490478516,10620.780460690336,0.3534669671161916,353.46696711619165
case_01319,0.0475947522251063,0.1059454483226907,0.7364415695834328,0.1100182298687702,1.3523376099709957e-06,2.682525281853332e-06,3.983443237865845e-07,25.83469581604004,35.85660552978516,8952.788518589698,0.1672788562365249,167.2788562365249
case_01320,0.5901230115686288,0.0883919473108992,0.0262807833733434,0.2952042577471284,-1.7420344673297976e-06,6.174528685481135e-07,1.089210001250825e-06,16.24166488647461,22.864276885986328,2495.407651986204,0.1870906763967962,187.0906763967962
case_01321,0.102425615976671,0.2053581408610785,0.6836684567197298,0.0085477864425206,2.3080499097200994e-06,4.744351661159668e-07,-9.658287015365415e-07,20.155780792236328,24.37589454650879,4432.849561379654,0.1745967357551836,174.59673575518366
case_01322,0.0532140926752267,0.6669639624457339,0.1732256385575613,0.106596306321478,6.973455096417176e-07,-1.6085932693865109e-06,4.284683582654055e-07,16.124408721923828,23.676254272460938,4954.972902364849,0.324118376031105,324.1183760311051
case_01323,0.0236779335817508,0.013024193825397,0.8781728993496053,0.0851249732432468,-4.276491494911112e-07,-2.7198130926893216e-06,-3.157210641715957e-07,22.3681755065918,32.3523063659668,6120.851638645361,0.1386725999363133,138.67259993631336
case_01324,0.2935089166240074,0.4334036861868874,0.2602963515653731,0.0127910456237319,-1.9059888985306829e-06,2.671131478557266e-06,9.547794757389642e-07,43.72601318359375,71.46460723876953,5286.489001278031,0.3154172387985534,315.41723879855346
case_01325,0.293499618868924,0.0020271986381798,0.2752491386033592,0.4292240438895368,2.653805627407241e-06,-1.1175884469320764e-06,-2.6965466035259377e-06,35.201778411865234,52.18603897094727,8091.692381068512,0.3082190252698062,308.21902526980625
case_01326,0.2291238159259356,0.3098349738458313,0.261860690824249,0.1991805194039838,1.5304092247897509e-06,-3.44465860053248e-07,-4.019870256624513e-08,21.638463973999023,36.182167053222656,15608.254418565024,0.4759319242494002,475.9319242494002
case_01327,0.3771133828342168,0.3873966384683427,0.0706521188337598,0.1648378598636803,-1.7518526236005069e-06,-2.312160338485759e-06,-1.2240442491361982e-06,57.32649230957031,91.40564727783205,11550.559577971204,0.3187800559387796,318.7800559387797
case_01328,0.363238967041546,0.4542808392196832,0.0987548274191108,0.0837253663196599,-9.737353516546528e-07,2.021545979455752e-06,-1.0428896323325446e-06,24.771141052246094,41.28326034545898,2841.1609819909254,0.3082007711357519,308.20077113575195
case_01329,0.0719752796839549,0.7030397825516849,0.0339507315621226,0.1910342062022375,1.85804554852844e-06,-2.8342090028644163e-06,2.765504589348368e-06,41.54735565185547,49.77120971679688,4987.795829385162,0.2950496816681844,295.04968166818446
case_01330,0.0420432028941208,0.0414196495345589,0.0657316563119558,0.8508054912593643,1.174065979292034e-06,2.003944572594579e-06,-1.9038311237317035e-06,19.95241928100586,24.974571228027344,2948.318683439976,0.1431266086455635,143.12660864556352
case_01331,0.0481309186380676,0.7355975401929242,0.0733706488372798,0.1429008923317283,1.594705756294346e-06,-2.1582899232721992e-06,-1.1325284845284185e-06,30.287429809570312,38.79010772705078,5890.503814137084,0.2949847780804358,294.98477808043583
case_01332,0.2934412822349512,0.361982921404942,0.151765760280393,0.1928100360797136,-3.527933867224058e-07,2.319384675786913e-06,5.935545438523079e-08,40.85548400878906,56.77381134033203,13457.275896005578,0.4300166923914741,430.0166923914741
case_01333,0.0134883154634024,0.0535607152611557,0.5037486201308705,0.4292023491445713,1.2988575758530017e-06,1.3786358240169442e-06,2.178161688897742e-06,28.74024772644043,40.436302185058594,16338.601554204604,0.2474794083226681,247.4794083226681
case_01334,0.1113131352195539,0.2309211402403655,0.6560724857133198,0.0016932388267608,-6.810376628165177e-07,-2.0119784249561694e-06,-4.999795007617774e-07,19.72698974609375,33.189701080322266,8926.0243488334,0.1807828589624756,180.7828589624756
case_01335,0.3396723505477655,0.604846720255888,0.0195453045844294,0.035935624611917,-1.7324224983708215e-06,3.949079571568085e-07,1.4631916853290266e-06,22.56019592285156,40.00066375732422,2513.982064088502,0.2711611049024519,271.16110490245194
case_01336,0.7492766541309328,0.1784714705422961,0.0033089549553289,0.0689429203714419,7.960622090481597e-07,-1.1240621138686834e-06,2.1382445892888145e-06,23.02127456665039,40.558204650878906,2547.51162235293,0.1455199284437945,145.5199284437945
case_01337,0.0704390636268657,0.1391271723438287,0.1556837661750336,0.6347499978542718,2.856083553592765e-06,-1.9306014065305e-06,-1.1399018650689063e-06,25.70576858520508,31.59969711303711,3683.93624302628,0.1999699820906662,199.96998209066624
case_01338,0.1415969733340689,0.3227438741111859,0.3183380335877017,0.2173211189670436,-1.1363941716280224e-06,2.15509319646665e-06,-6.434988987677404e-07,29.460548400878903,40.64072799682617,10988.403161111446,0.4805157401341476,480.5157401341476
case_01339,0.0281345379648236,0.5757324707224026,0.2914076563023005,0.1047253350104733,-2.3418244672476242e-07,-5.788634009566236e-07,-8.606626578698622e-07,15.075682640075684,20.945934295654297,18085.01144756194,0.3116852825030068,311.6852825030069
case_01340,0.2930635152895295,0.0817317421532563,0.2487945313789609,0.3764102111782532,1.0440082264191215e-06,-6.087377138077049e-07,1.997134851707527e-06,25.26583671569824,40.00065231323242,16773.52159840232,0.366687016645742,366.68701664574206
case_01341,0.106987448227106,0.6848403194101095,0.139662773623003,0.0685094587397813,2.490376927349273e-07,-1.98067995116028e-06,-2.733918828278393e-06,42.22389221191406,72.42662048339844,14670.312066106502,0.3136729548778088,313.6729548778088
case_01342,0.5738582842057092,0.0725091825795574,0.1883065599638303,0.1653259732509031,2.060566774254296e-06,-7.016059434853281e-07,-1.14947346702792e-06,19.69938468933105,22.890668869018555,2842.47030390771,0.2152020428404243,215.2020428404244
case_01343,0.1305686895425336,0.3516014351606502,0.1529015439901234,0.3649283313066927,1.5704562388170955e-06,2.2297010779731007e-06,1.0764513455707789e-06,34.93149948120117,51.768985748291016,15684.572719614867,0.3445954579657999,344.5954579657999
case_01344,0.2676026081983275,0.1303964050176806,0.5172238194379841,0.0847771673460077,-2.650216776825858e-06,-8.212277370621845e-07,3.926609973920559e-07,28.45851325988769,43.91583251953125,9260.054470711306,0.2383239459758761,238.3239459758761
case_01345,0.2004433107175821,0.5539238221497472,0.238431814732732,0.0072010523999385,2.990527403542644e-06,2.709621374998728e-06,-3.822638442378344e-07,53.113372802734375,74.72322082519531,7056.456844390278,0.3084035948474664,308.4035948474664
case_01346,0.1814004310456321,0.1242211777349055,0.1023719349034387,0.5920064563160236,1.5144147223168031e-06,2.677853395250325e-06,2.396893633283063e-07,28.78412818908692,51.41911315917969,10945.503768836645,0.2099407957585505,209.9407957585505
case_01347,0.2210867418408132,0.519824607607131,0.0392124639953241,0.2198761865567315,2.183419897764679e-06,-2.130608044155924e-06,-1.8144924850300903e-06,51.44614028930664,117.65602111816406,6305.385220513074,0.3326004636550049,332.60046365500494
case_01348,0.4372361674185863,0.1889312692581225,0.2733587855301622,0.1004737777931288,9.071862725720782e-07,-1.9361324788641306e-06,-4.157002703519377e-07,32.056396484375,41.562896728515625,7111.690814942431,0.3077302201245743,307.7302201245744
case_01349,0.0300436628213852,0.1896365052188798,0.1553707116449888,0.6249491203147461,2.1377107682805737e-06,2.176044421991336e-06,1.0217905058094567e-08,25.701778411865234,39.475242614746094,10040.33207243326,0.2044848379134307,204.4848379134308
case_01350,0.0391701225353543,0.476586075526571,0.4443984720458044,0.0398453298922703,-2.325702150427744e-06,-6.43434486451685e-07,2.40713473172761e-06,26.7056941986084,31.96086502075196,3316.586872560461,0.2276189104715854,227.61891047158545
case_01351,0.0641101975197299,0.3385570539651427,0.5095158908022598,0.0878168577128675,-9.135729866441064e-07,-2.973756106301944e-06,-1.434989023176142e-06,32.663352966308594,46.23882293701172,10669.098433943254,0.2308275815909086,230.82758159090864
case_01352,0.1479079113174056,0.2853040193317226,0.4447259765860522,0.1220620927648194,2.2585256616269563e-06,-1.356769081767774e-06,2.206971012989596e-06,31.529022216796875,38.474098205566406,7839.610853782384,0.2786493563389509,278.6493563389509
case_01353,0.6926283460801198,0.0275469345008262,0.0262545025934916,0.2535702168255623,-1.7900687323986466e-06,5.857739591733597e-07,8.654484049558911e-07,13.511653900146484,20.03983688354492,1792.4699761618986,0.1552473536576214,155.2473536576214
case_01354,0.2322998543195763,0.2020044332525203,0.3597069218339639,0.2059887905939393,-2.530547408519864e-06,1.7955957957598084e-06,-2.8779550135943943e-06,49.45675659179688,79.87104034423828,14289.04238360664,0.399905484150341,399.90548415034107
case_01355,0.044496718551647,0.0771707668696447,0.7679784167403894,0.1103540978383188,1.7287136396713135e-06,-2.1996682974404427e-06,1.347788021396362e-06,20.10772705078125,27.84894180297852,3074.60206693208,0.1604153018321066,160.4153018321066
case_01356,0.1010961363459956,0.1476749649876176,0.7037035383662287,0.047525360300158,2.0129169338597776e-06,-2.336751813499588e-06,-2.786688734705669e-06,29.13542366027832,40.4929084777832,4627.147783685302,0.1729051859994848,172.9051859994848
case_01357,0.3333964658536953,0.3670082434984252,0.2725521935741451,0.0270430970737344,-2.024086690860596e-06,2.53255592143399e-06,2.9842867608828783e-06,58.70317077636719,85.19522094726562,6134.200052396102,0.3202282172404211,320.22821724042115
case_01358,0.3276313210892623,0.0192108334244588,0.2629540660595529,0.3902037794267258,2.126075896696293e-06,1.5068902069354956e-06,2.2358201261471874e-06,44.15928649902344,65.94646453857422,27176.61222548428,0.3456866495348238,345.6866495348238
case_01359,0.0597267725709622,0.4644962179118496,0.007769627160507,0.4680073823566812,1.1206067735830177e-06,5.386776046684709e-07,-1.215937514759726e-06,14.028532028198242,16.468860626220703,3331.880882459064,0.2164676628015228,216.4676628015228
case_01360,0.151548776564572,0.0602891562789968,0.0352864977008512,0.7528755694555798,1.2049609929950353e-07,1.6151207399755685e-06,-1.4555326188197674e-06,15.59594440460205,19.62622261047364,2948.998745514364,0.1622366587633027,162.2366587633027
case_01361,0.0445581269660214,0.1311274871702532,0.2524600844670244,0.5718543013967009,1.98150115668831e-06,-4.268738321601693e-07,-7.113535073663465e-07,17.90247344970703,22.89227867126465,5450.979178355378,0.2362673135390912,236.2673135390912
case_01362,0.5123196438898494,0.0874026022011866,0.2226984018897063,0.1775793520192576,-4.845045040862051e-07,1.5507344838547597e-06,-8.629982081133418e-07,19.499305725097656,23.01029586791992,4341.4602967082665,0.2630035352172952,263.0035352172952
case_01363,0.1076002844662645,0.237211860436467,0.5453550176509858,0.1098328374462825,-1.8360362626596169e-06,-7.691820523527853e-07,-7.659730896877137e-07,19.757204055786133,29.041473388671875,12448.991976484753,0.2282070992355574,228.20709923555745
case_01364,0.0585973639497441,0.0636034943079923,0.4809255357415895,0.396873606000674,-1.2908839403363182e-06,-1.5354325650443858e-06,-1.0903407232831174e-06,24.501670837402344,32.6947135925293,18505.81299893429,0.2687170791762923,268.7170791762923
case_01365,0.6885792884964834,0.1182989329141328,0.0301336773486057,0.1629881012407778,3.0984109759888986e-08,1.374080527757812e-06,7.268004410899886e-07,16.186166763305664,29.122119903564453,7099.019894644851,0.1599569202436318,159.95692024363183
case_01366,0.0693712564671317,0.1576117931694388,0.3361724579842917,0.4368444923791376,1.879847560390545e-07,-4.819662470563902e-07,-2.014418017676256e-06,23.751426696777344,33.591766357421875,18004.673803266676,0.3689059080518985,368.90590805189856
case_01367,0.4844273140229141,0.1158859776020954,0.3021542161677784,0.0975324922072119,1.8334849586474016e-06,2.888262625957169e-06,2.075887754676079e-06,48.89139175415039,72.08553314208984,16217.121797591211,0.2647762144576798,264.77621445767977
case_01368,0.0347529788395913,0.6687455218817431,0.0054619723605216,0.291039526918144,1.7481163419140071e-06,-9.03088906151394e-07,1.8744149041878923e-06,32.68410873413086,46.98145294189453,7737.195687588549,0.261741971730431,261.7419717304311
case_01369,0.117594189058945,0.3479214942744719,0.4277827226090487,0.1067015940575343,4.881993432274492e-07,2.530364523186396e-06,-1.4110075286837734e-07,26.669321060180664,35.367919921875,8223.197381032367,0.2750553201673701,275.0553201673701
case_01370,0.4272793938522953,0.0890791959321394,0.1513174594105175,0.3323239508050477,1.6847129001928583e-06,2.597775291402477e-06,2.1163797916712853e-06,47.60470581054688,78.88784790039062,20930.31675143357,0.3205567916533986,320.55679165339865
case_01371,0.1712831850421545,0.6342066310259686,0.0370087937033698,0.1575013902285069,-1.849359250237974e-06,-1.5488823176115233e-06,-1.5171295798182405e-06,41.513614654541016,69.57151794433594,20661.028300245383,0.319806343920055,319.80634392005504
case_01372,0.1892715217725077,0.4961699570531094,0.0342075229012036,0.280350998273179,-2.699612837440234e-06,1.7893270895280804e-06,-2.8946072657761983e-06,49.85369491577149,70.69766235351562,6490.23340838411,0.3172994428432639,317.29944284326393
case_01373,0.3799850702258542,0.1452725146634643,0.2910134870149222,0.183728928095759,2.241802935808201e-06,-4.01552969132609e-07,7.152475501789381e-07,38.36113739013672,48.204345703125,16009.601809290953,0.3818785126531572,381.87851265315726
case_01374,0.1765140958675123,0.4481272729711854,0.1717209646565014,0.2036376665048008,-2.5466730374233827e-06,2.5051483633820883e-06,-2.525435582117078e-07,38.37672805786133,60.287384033203125,8337.54448673135,0.4379998336845564,437.9998336845564
case_01375,0.4236730235923283,0.0304249176177156,0.1535610005147812,0.3923410582751748,-1.5198694215360162e-06,-2.992543641885672e-07,4.029872777752237e-07,21.1908016204834,26.81620979309082,10976.785262674835,0.3033248891061356,303.32488910613563
case_01376,0.2232993936267087,0.120608986033066,0.421730594210936,0.2343610261292892,1.1719136977463078e-06,1.4658223040241964e-06,2.3960364541104183e-06,41.72202301025391,61.19930648803711,22181.91676695025,0.3312374883122836,331.23748831228363
case_01377,0.0808478406769878,0.1688696447803757,0.0387364695936931,0.7115460449489434,-5.433123742361453e-07,-1.981955450172129e-07,2.819553441395661e-06,23.16525650024414,27.64380645751953,4403.512450488258,0.170459132036208,170.45913203620808
case_01378,0.4161716319821366,0.2530121731617926,0.0231034748634406,0.30771271999263,2.2578838194930527e-06,-1.6331954657228628e-06,8.067188385336182e-07,38.085411071777344,48.83546447753906,5129.538692202112,0.2851802798561574,285.1802798561574
case_01379,0.3870050717196657,0.3424339322655681,0.0283796832212767,0.2421813127934894,-1.212121232026383e-06,-1.8038992263318825e-06,1.584333539114631e-06,31.22823715209961,59.70865249633789,4020.9758823415314,0.3029354675796438,302.9354675796438
case_01380,0.4169399109734577,0.1997393013650776,0.2411128380984281,0.1422079495630364,-2.928771919983844e-06,-4.474128344619268e-07,-2.4971493990770143e-06,59.210697174072266,107.38269805908205,17430.87473036098,0.3435570005618217,343.5570005618217
case_01381,0.3978215673196567,0.0184991314923293,0.538752582361101,0.044926718826913,-1.1960661566355353e-06,1.5329679420852898e-06,-2.0357064906509663e-06,32.326751708984375,41.58489990234375,6622.603724926814,0.2378533949646985,237.8533949646985
case_01382,0.3088268951646151,0.1872777953557587,0.4264409773456165,0.0774543321340096,4.684502951089899e-07,6.304289110846007e-07,1.399228829717859e-06,20.596153259277344,27.48737335205078,15190.945290595815,0.2840363541220877,284.03635412208774
case_01383,0.385760055191881,0.5196378975646389,0.0584804440529907,0.0361216031904893,-7.443697475802401e-07,1.1317757394032598e-06,-4.118072616719885e-07,14.043219566345217,26.569887161254883,2459.91019335176,0.2729662359367109,272.96623593671086
case_01384,0.0432646493316934,0.5768207067033218,0.2066645445220662,0.1732500994429184,2.092365345525317e-07,-1.306041895608345e-06,-3.242083775735658e-07,16.510934829711914,27.742816925048828,13725.176655819298,0.3740292350098065,374.0292350098065
case_01385,0.0228078108290943,0.2119279509468441,0.4092716315556381,0.3559926066684233,2.2595887130101123e-06,-1.113879242543671e-07,-1.1483539101873804e-06,27.31209182739257,57.48299026489258,12980.705240726256,0.4308117613413948,430.81176134139486
case_01386,0.7986046182423028,0.063540267066183,0.0968013294379433,0.0410537852535707,2.474910325382211e-06,-2.733628410184038e-06,6.44138300866463e-07,22.53767967224121,29.452821731567383,1248.8972959422351,0.1362103200760994,136.21032007609946
case_01387,0.2418605930619047,0.1184431240643077,0.2446761081384062,0.3950201747353813,-1.4041556120753274e-06,1.905194495748724e-06,-1.8890097275027844e-06,29.2480697631836,50.13754653930664,10333.392512834764,0.3607077736243989,360.7077736243989
case_01388,0.4183005128876173,0.1376478843807912,0.2631025629416644,0.1809490397899271,-2.2715716038059578e-07,2.939352973439248e-06,7.614976758833736e-07,50.19919204711914,60.71360397338867,14576.300022224828,0.3512480757100351,351.24807571003515
case_01389,0.0427510471701725,0.476942485176553,0.1152395055263189,0.3650669621269556,2.94864091448707e-07,-5.587256242519745e-07,-1.9572068571885617e-06,22.261537551879883,26.49264335632324,6095.766136749347,0.2858130898367066,285.81308983670664
case_01390,0.0586210248482502,0.8523576101623942,0.0430077276907392,0.0460136372986161,2.6946747413294827e-06,-2.93421808121074e-06,-2.617043791741718e-06,44.14634704589844,53.95454406738281,4962.532879150079,0.2536939268496001,253.69392684960013
case_01391,0.5153299528751645,0.0048181133663786,0.2303512806824677,0.2495006530759891,2.991703914986308e-06,-1.981244162694316e-06,-1.017853867805634e-06,38.22526550292969,42.620361328125,5267.3826315674,0.2691734325276499,269.17343252765
case_01392,0.1955354656009982,0.3960721806138445,0.4011005731450171,0.0072917806401399,-1.5875565069508405e-06,9.151612665025132e-07,-1.613157947940914e-06,25.24266624450684,48.01789093017578,6121.93052826365,0.2603830528619439,260.38305286194395
case_01393,0.437387745522791,0.2635210258638741,0.2642620558946522,0.0348291727186827,1.361879228074893e-06,6.724759092231552e-07,2.333949831337994e-06,39.810035705566406,53.65203475952149,10385.655147679254,0.2791929238863457,279.1929238863457
case_01394,0.1296490145265761,0.4992332500726673,0.2997403042033833,0.0713774311973733,-7.318136266008289e-07,1.727188317513264e-06,-2.6702792767882407e-06,31.40068244934082,44.04167938232422,5576.7839939224505,0.3181147941643562,318.11479416435617
case_01395,0.0118147920332952,0.1303775132520637,0.5074362165435335,0.3503714781711073,-2.9513508186827208e-06,-1.476695934233591e-06,-1.940317844555263e-06,44.79595565795898,61.37310409545898,19270.34629696956,0.2871638957567251,287.16389575672514
case_01396,0.3303855064641938,0.0304494217447074,0.2990723336341132,0.3400927381569855,-2.944484865384586e-06,1.5817914932828042e-06,2.923176334982969e-07,36.83581161499024,40.69069290161133,10944.962279116102,0.3728366315849253,372.8366315849253
case_01397,0.5518173258710423,0.2142734286695388,0.0780961539565097,0.155813091502909,-2.366039546264657e-07,1.1279041291420185e-06,-1.1359685491515841e-07,10.929184913635254,17.707130432128906,3816.746391176514,0.2181024219179415,218.1024219179416
case_01398,0.014354907369263,0.7553772841300029,0.0937655207991723,0.1365022877015617,-6.999052197399219e-08,-1.0631130137169402e-06,-2.724887889751791e-06,31.97648811340332,57.983699798583984,13601.805530790478,0.2883686686043092,288.3686686043092
case_01399,0.1117462601372027,0.2920821468825872,0.2763191430602879,0.3198524499199222,-2.8645818205593443e-06,2.72928888341772e-07,-2.9564854319091333e-06,57.524051666259766,91.31013488769533,32766.989468806594,0.5004614239441505,500.4614239441505
case_01400,0.1650829099782157,0.2005893272620016,0.0707663274052514,0.5635614353545312,1.1215645006458151e-06,-2.11635714901004e-06,2.928407651766899e-06,30.791173934936523,34.85860061645508,4757.0349528531415,0.2163784203683684,216.37842036836844
case_01401,0.0078039300879251,0.1749682626682339,0.3916088467196635,0.4256189605241774,-1.2359796684302811e-06,-2.846129793865041e-07,9.530082021530292e-07,16.75820541381836,23.78745651245117,11522.757797545386,0.389350538192719,389.3505381927191
case_01402,0.2481571331304415,0.2559872787395028,0.0333432827938929,0.4625123053361629,3.593586092156965e-07,2.2871840373338457e-06,-8.075632145906592e-07,25.698535919189453,33.50261306762695,6548.672813722803,0.2515845602477694,251.58456024776945
case_01403,0.3935834025525355,0.0641367507492093,0.1250301190505912,0.4172497276476639,-1.1944855610074871e-06,-4.728517210476552e-07,-1.7740651402055188e-07,17.43229103088379,23.59201431274414,15832.08995988229,0.3015643792884538,301.5643792884539
case_01404,0.6186776968097516,0.082221736238597,0.2360085562390893,0.063092010712562,-1.997194110784157e-06,2.0374002388525323e-06,-1.4006992772742784e-06,24.244897842407227,44.41364669799805,2772.905037631154,0.1831072186987236,183.1072186987236
case_01405,0.0189412756023633,0.426680035942099,0.3027816175258243,0.2515970709297134,-5.569575684067483e-07,5.415201915581667e-07,-9.307572978407416e-07,14.26093292236328,20.273061752319336,13370.844369010492,0.4406081466172047,440.6081466172048
case_01406,0.0172300883033452,0.6396940489633699,0.1986227528894135,0.1444531098438713,-1.6063598112569955e-06,-1.84873972138586e-06,8.942668036092835e-07,30.509614944458008,39.09842300415039,11152.112462750592,0.3381537768817477,338.1537768817477
case_01407,0.2491939320021601,0.0301912964256486,0.4453868862835254,0.2752278852886657,2.088058615150083e-07,4.866374681873786e-07,2.296870793204224e-06,26.759138107299805,45.0666618347168,15146.910645433616,0.2984368376538164,298.43683765381644
case_01408,0.3048725099321246,0.3078557319265317,0.300629186297749,0.0866425718435947,-1.80702881828112e-06,3.589997494238054e-08,-1.8952198615128908e-06,40.749908447265625,52.108375549316406,13737.40021047236,0.3638799364756135,363.87993647561353
case_01409,0.3177748249946542,0.6578789563567464,0.0063297732733948,0.0180164453752042,5.0435859867762544e-08,-6.081519888216959e-07,2.0421690323119123e-06,25.67656135559082,44.93817138671875,3757.15190369978,0.2645571648490282,264.5571648490282
case_01410,0.2509951865234445,0.5052763695929536,0.1167630849570964,0.1269653589265053,-2.055728910786794e-06,-2.282217362903578e-06,-2.270660222890386e-06,62.78164291381836,96.92119598388672,21967.947944671403,0.3632876912374072,363.2876912374072
case_01411,0.3511436055653367,0.1240533597091137,0.0104386350070469,0.5143643997185026,1.0258482569147102e-06,-4.997480169166211e-07,-1.7100466584696529e-06,23.78124237060547,30.417272567749023,6101.77086811826,0.2350706536399757,235.0706536399757
case_01412,0.2269159299566265,0.2007589763370753,0.3125975759605205,0.2597275177457777,1.523626106648544e-06,-2.563425742562237e-06,-2.776948271702124e-06,51.37611770629883,82.44235229492188,20721.90215544679,0.4676323779660432,467.6323779660432
case_01413,0.2454910137305561,0.4628261539220634,0.1435535227160395,0.1481293096313408,-2.3376345945003976e-06,-2.4073856916074928e-06,-2.155128827442004e-06,65.46273803710938,104.69099426269533,25120.67044739436,0.3941858554799924,394.1858554799925
case_01414,0.1531419126560097,0.2656671771316933,0.4467665303253412,0.1344243798869556,-1.93185527775965e-07,-5.045008024037037e-07,2.503818872784304e-06,25.437143325805664,35.56681823730469,6949.357467861509,0.283845699833076,283.8456998330761
case_01415,0.0712533131812396,0.0391027044795773,0.5868813176079426,0.3027626647312403,-2.574769796070758e-06,-1.1677111081892178e-06,-2.433675202897285e-07,26.09346008300781,35.01753616333008,11506.851774756908,0.217591306164421,217.59130616442107
case_01416,0.1751895591868281,0.2766408221887371,0.221007126810094,0.3271624918143406,5.890946732520144e-07,2.553265955173341e-06,-2.534004829329879e-06,39.9128303527832,46.86194610595703,11267.062210673826,0.4688696026075016,468.8696026075016
case_01417,0.0157466378188839,0.3746228204270342,0.5178922716810115,0.0917382700730701,-1.4135742124221275e-06,-7.457651677183768e-07,2.758361028233768e-06,24.66104316711425,32.23304748535156,3557.8769429517856,0.2240167613515361,224.01676135153608
case_01418,0.2222041067168162,0.0819207326417528,0.6884904222440299,0.0073847383974009,1.6574674103224696e-07,1.547148732432601e-06,2.2739538465519007e-06,25.2165470123291,38.09493255615234,9348.487517971294,0.1769413778626031,176.94137786260316
case_01419,0.3484554165726233,0.0731974472009895,0.5005977934591689,0.0777493427672183,1.047660563057471e-07,1.8148515819745654e-07,1.5280951252088476e-06,17.880477905273438,23.493972778320312,10537.988222307578,0.2477633615190684,247.76336151906847
case_01420,0.0735009075150772,0.1867648985778187,0.674582373655586,0.065151820251518,2.546126077162803e-06,1.2245140118540125e-06,2.600836751685347e-06,34.4485969543457,52.01447677612305,11096.733693627022,0.1804989057660753,180.4989057660753
case_01421,0.0331345534813006,0.3026726229102685,0.1477106751596718,0.516482148448759,2.9449933541233746e-07,-1.439304101907605e-06,-1.6792234749854152e-06,19.5859375,29.61551094055176,9341.459672354324,0.2438772592026188,243.8772592026189
case_01422,0.0971224149587125,0.6360242252492291,0.1624042446809557,0.1044491151111027,4.979908783098941e-07,2.6514298370299742e-06,2.018215758060518e-06,44.93804168701172,81.38912963867188,20198.474229628984,0.3384336736039137,338.4336736039137
case_01423,0.3005579412655629,0.2353399880568306,0.367343893768941,0.0967581769086655,-5.900812454137181e-07,1.8053098148654361e-07,1.1399471781258377e-06,15.725274085998535,20.664194107055664,8599.267467380369,0.3328479085832966,332.84790858329666
case_01424,0.1060882885121987,0.0928452006117496,0.7393473825291705,0.061719128346881,2.694477619096901e-06,1.987944427711498e-06,2.2185554974061303e-06,38.47121047973633,57.32189178466797,11153.444708921446,0.1651086425211798,165.1086425211799
case_01425,0.1829396471824668,0.2292935685464973,0.4354731638518844,0.1522936204191514,1.6631154566376578e-06,-8.097258391433191e-07,1.7814693944557786e-06,24.015419006347656,32.37914276123047,10293.885790224922,0.3003596064408698,300.3596064408698
case_01426,0.479495561805951,0.0599860582410894,0.4393012606631576,0.0212171192898017,-1.2875682581829509e-06,-2.3987319056968527e-06,-9.2102962093905e-07,32.78947830200195,51.49039077758789,12698.139251499437,0.226844123892836,226.84412389283605
case_01427,0.1509350674490361,0.3354110454830358,0.0261019001044114,0.4875519869635167,2.0652575146573926e-06,1.0422698863250925e-06,1.6463912221035334e-06,29.78793334960937,40.78848648071289,11084.402512943485,0.2304219341674796,230.4219341674797
case_01428,0.1204959147430221,0.5821089253856987,0.2256793153355576,0.0717158445357214,-4.056218388894602e-07,-2.953442109975453e-06,-1.425262182090658e-06,47.17927551269531,65.6926498413086,17338.680660186685,0.3346854914114299,334.68549141142995
case_01429,0.2533070731922624,0.4395559667380475,0.1185408112544794,0.1885961488152106,1.972002861201564e-06,-1.4824214060695045e-07,-1.0284470218316711e-06,27.719879150390625,37.68046569824219,8366.479573219007,0.399163149365466,399.1631493654661
case_01430,0.0460563120389419,0.2290542460893054,0.6613855217096463,0.0635039201621062,1.9373284097610126e-06,-1.8431885840012448e-06,-2.3525656966621432e-06,25.26596069335937,29.89150047302246,4266.130829641823,0.1835980520810727,183.5980520810727
case_01431,0.0935115588308174,0.69061694457296,0.1470868291893558,0.0687846674068667,-1.8667788794228736e-06,7.642530266121728e-07,2.6104596958828123e-06,33.028202056884766,45.640602111816406,5661.166925184598,0.3112715221311093,311.2715221311093
case_01432,0.0371310703231836,0.5234833399060085,0.350482566292416,0.0889030234783921,1.2068467883014617e-06,2.8765192388271133e-06,-1.2539798195983108e-06,34.43792724609375,41.51274490356445,4524.088636869462,0.2761140599425197,276.11405994251976
case_01433,0.2591634797147043,0.1872481801799145,0.2746888567029075,0.2788994834024738,-1.2561421841608133e-06,-2.1358256207612413e-07,1.237347910287109e-07,18.929903030395508,26.94224548339844,22494.089861298085,0.4626429146578668,462.6429146578668
case_01434,0.5086381689335382,0.1588200387218316,0.0204246276822802,0.3121171646623498,-1.2150439800439908e-06,1.904989539154e-06,-6.52002981202844e-07,23.778244018554688,35.740211486816406,3405.9650937263223,0.2271037382438306,227.10373824383063
case_01435,0.2301910116325817,0.0875409104010363,0.1855225678619843,0.4967455101043976,-1.2219115387165156e-06,4.670512170672634e-08,2.759568723501009e-06,27.56873321533203,44.467918395996094,6684.217473306138,0.2605331424086127,260.5331424086127
case_01436,0.0279729545298223,0.1842656425384675,0.1756272202614482,0.6121341826702619,1.3534094853596892e-06,-2.4959813375855614e-08,-9.897049743691057e-07,12.390142440795898,15.135190963745115,3945.0414880560297,0.2112023592454146,211.20235924541467
case_01437,0.5822929090319261,0.1593570372713769,0.0383388297093479,0.2200112239873491,-1.6210437492447836e-06,2.5825409590726672e-06,1.6712749285361338e-06,33.33039093017578,42.14926910400391,4091.506733087616,0.1962177434239482,196.2177434239482
case_01438,0.025026511678494,0.3354467199323633,0.5328301217432783,0.1066966466458643,-2.994564988523459e-06,2.339795212480089e-06,2.1324969277870807e-06,31.90457534790039,48.32523727416992,3902.21479915653,0.2246374019093824,224.6374019093824
case_01439,0.3974698427731952,0.2244291380710168,0.2298031631741487,0.1482978559816394,1.2914211208957987e-06,1.7148027911278466e-06,-3.863610151142046e-07,35.382083892822266,47.39820861816406,14144.041976777544,0.3653646060453635,365.36460604536353
case_01440,0.1992886779560941,0.3818652144394067,0.3921859887410538,0.0266601188634452,-1.9728915369892485e-06,-1.2224654800992954e-06,-7.309691132824126e-07,29.255056381225582,62.931419372558594,10561.64004148229,0.2728445417096822,272.8445417096822
case_01441,0.5501914589953057,0.3541649388400571,0.0771956311257856,0.0184479710388514,-2.373105628152992e-06,2.7005049434364334e-07,1.486474925595768e-06,25.34721946716309,41.20654296875,1997.3914128989088,0.2056165942247976,205.61659422479764
case_01442,0.0620914673495707,0.4841967247979787,0.1996028781506305,0.2541089297018202,-1.5749032764356392e-06,-1.65661660016589e-06,2.477375881837405e-06,33.29032897949219,48.57801818847656,6993.803454507559,0.4154498934161394,415.44989341613945
case_01443,0.1438081361652734,0.6147691400976201,0.0137993479705808,0.2276233757665256,-7.205968660637759e-07,-3.364998117207615e-07,1.52959039843343e-06,16.19422149658203,20.83542251586914,5061.60984983886,0.3070162806593393,307.0162806593393
case_01444,0.3135590525611,0.0502504652215274,0.5509469448821652,0.0852435373352072,-1.4456203516079556e-07,-9.472160544125636e-08,-1.6372418064488063e-06,17.02242660522461,23.24956703186035,9300.176963665615,0.2253553978488517,225.3553978488517
case_01445,0.4069174584308638,0.2001246868643517,0.3491700968447493,0.0437877578600351,-2.732579755724215e-06,1.989840241015986e-06,2.3298464846262324e-06,48.46025085449219,58.78559494018555,6201.815861976817,0.2937637793359146,293.7637793359146
case_01446,0.0038353899794515,0.540343990264373,0.0706491698463336,0.3851714499098418,2.823439995764163e-06,2.3761701919499587e-06,-6.745099953790015e-07,41.33152770996094,47.327056884765625,5264.713174653642,0.2478079827356456,247.80798273564565
case_01447,0.8179975919855931,0.0264754887652186,0.0343424216743543,0.121184497574834,1.2963783205173484e-06,-5.122796256211329e-07,4.57376470667606e-07,10.9710693359375,14.74826431274414,3019.561509106092,0.1322187494295583,132.2187494295583
case_01448,0.4142306680231844,0.3046108467645987,0.0860283621512967,0.19513012306092,-1.0608356080539832e-06,-2.893773329560577e-06,1.9886137157562664e-06,44.56295394897461,66.15668487548828,4386.922269556415,0.3165084303675774,316.50843036757743
case_01449,0.0195815890267464,0.5089062783417996,0.4475127116285098,0.0239994210029441,-1.087816456287616e-06,2.170643038736128e-06,-1.8696313955970468e-06,24.465709686279297,35.046634674072266,3179.3233316285123,0.2194532278379601,219.4532278379601
case_01450,0.1440092732321776,0.0427080073083854,0.1283134743625174,0.6849692450969196,-3.087447037892439e-07,-1.954327928991836e-06,1.7070608140653186e-06,19.08175468444824,24.697120666503903,3488.466788924686,0.1802352349408464,180.23523494084648
case_01451,0.0956294348069284,0.0186201214161238,0.0842764573382204,0.8014739864387274,7.574689365781977e-07,7.31291783342361e-07,5.769767874640651e-07,11.750930786132812,18.035978317260746,10386.883532925283,0.1519007624143323,151.90076241433235
case_01452,0.1657015176511862,0.0897615974171654,0.0303861029342384,0.7141507819974099,-2.1217616004661936e-06,-2.8501745973952128e-06,2.3600498509656494e-06,29.72596740722656,44.34612274169922,4147.497409816029,0.1703901719742251,170.39017197422515
case_01453,0.7884043405977158,0.1515611296344897,0.0333075962714854,0.026726933496309,-1.866421117410286e-06,-6.029611484366142e-07,-1.9681775889387426e-06,30.507055282592773,55.88805770874024,7540.998608430209,0.1383764773172102,138.3764773172102
case_01454,0.0296493752753788,0.200955230853945,0.6106678735197091,0.158727520350967,2.156607497001305e-06,2.915761812692099e-06,-4.759065777544294e-07,30.29166030883789,47.27635192871094,8827.380281557722,0.209583826025933,209.58382602593304
case_01455,0.3709116922937572,0.1182938175511617,0.2470528012937084,0.2637416888613726,-1.4624704566655648e-06,-2.395838393377181e-06,1.997058557201025e-06,39.64322662353516,55.9189338684082,12882.00179837804,0.4048016485511288,404.8016485511288
case_01456,0.1106760341266824,0.2595472602248996,0.5873169201457004,0.0424597855027174,-7.188300121489349e-07,-4.57841088002146e-07,-2.884609779259439e-06,27.80296897888184,34.442474365234375,8774.832372111216,0.2026391421368289,202.63914213682887
case_01457,0.060335657723405,0.1029071371952174,0.750230747146109,0.0865264579352685,2.2276311057007022e-06,-1.157100298860287e-06,-2.326791799406143e-06,23.068836212158203,26.483783721923828,3263.6007469452043,0.1636401988483669,163.64019884836696
case_01458,0.3560488028218621,0.118972360586664,0.3346884147519075,0.1902904218395662,9.78886976398935e-07,2.430528740329586e-06,2.9433912765404085e-06,55.942848205566406,75.80316162109375,24658.31067624234,0.3761953922509172,376.1953922509172
case_01459,0.4704101133516483,0.1143681562588396,0.2003506208901757,0.2148711094993363,-9.4972872394987e-07,2.216040647444131e-06,-1.3176349284578969e-06,32.32569122314453,38.183387756347656,5601.214485993116,0.3029395240538781,302.9395240538781
case_01460,0.6660265622227781,0.1921419427996531,0.1211044053739491,0.0207270896036197,1.1021972743477245e-06,-1.573807438162627e-06,2.85325916234372e-06,32.069419860839844,49.68553924560547,2895.6901939624504,0.1663580365853411,166.35803658534113
case_01461,0.5292287211730121,0.0690550065047117,0.0608194022423925,0.3408968700798835,-2.881900707711518e-06,-2.512873277697413e-06,-1.9048106939479568e-06,48.097015380859375,68.83564758300781,13774.035117648673,0.2210271398408645,221.0271398408645
case_01462,0.0860737067450468,0.1574043097696828,0.0395786372029665,0.7169433462823038,1.4138559600681917e-06,7.628303643667049e-07,-8.334333419559864e-07,13.038663864135742,18.474390029907227,4497.788619329165,0.1697776443648474,169.77764436484742
case_01463,0.3255239106583693,0.3401705655119273,0.0891021787850739,0.2452033450446293,-7.790375690256294e-08,-9.817877286977413e-07,1.517216667021424e-06,26.58747673034668,52.453086853027344,6631.200263740917,0.3705731189621916,370.5731189621917
case_01464,0.1455156691852249,0.0081088854091884,0.0188991050090436,0.8274763403965429,1.879092883706768e-06,1.032506343636378e-06,9.466704434290708e-07,22.95534896850586,32.4708366394043,9394.05527442425,0.1471465746117447,147.1465746117447
case_01465,0.3207848489399679,0.3852637135872074,0.0039543574935488,0.2899970799792759,2.7278259120388097e-06,-2.807281463593113e-06,4.867343995743335e-07,50.896751403808594,70.26890563964844,4905.025117032829,0.3069026993807792,306.9026993807792
case_01466,0.3687343479643691,0.1702698570594343,0.3837321559717437,0.0772636390044526,2.55473129696741e-06,-2.199604588935064e-06,1.793950548300453e-07,41.00819396972656,49.51155853271485,7288.627107069016,0.3109753995120061,310.97539951200616
case_01467,0.546029778462815,0.2889901262180376,0.0770469877494552,0.087933107569692,2.4555902607320445e-06,1.1182333966358602e-06,2.0606426619884416e-06,48.19851303100586,70.8863754272461,10437.8152887112,0.2161918225535911,216.1918225535911
case_01468,0.274968229658768,0.4925804510430182,0.1493691726650741,0.0830821466331397,7.301973560332303e-08,-1.7257760681850137e-06,-1.5903086229996437e-06,42.46552276611328,59.40924453735352,14380.815752730212,0.3511588332768807,351.1588332768807
case_01469,0.4598234674691612,0.2521795854241749,0.1354659422365164,0.1525310048701472,-8.391473151663716e-07,2.1455260545744094e-06,-3.451744380388893e-07,23.892562866210938,31.226016998291016,4014.4104670347415,0.294218104450155,294.21810445015507
case_01470,0.0322030816655325,0.1389230082454272,0.0626256674425228,0.7662482426465175,-2.097880516159633e-07,-2.648454673739188e-06,-2.0672862470612564e-06,28.54850578308105,40.88441848754883,8424.667240305185,0.159470143335517,159.47014333551706
case_01471,0.141010400549328,0.1433875960624661,0.1798233923916992,0.5357786109965066,1.1393760198801646e-06,-1.7071081032865523e-06,5.756495743842261e-07,16.702680587768555,19.912391662597656,4773.457700682016,0.243516232995767,243.51623299576707
case_01472,0.3697194132153831,0.137457279417705,0.2906203167469119,0.2022029906199998,2.30398666122712e-06,2.991361490910412e-06,-1.496733454372079e-06,52.85638046264648,73.9236068725586,15470.777784568274,0.3934354077466488,393.4354077466489
case_01473,0.3772505202150324,0.1188423528009487,0.3469287666249478,0.1569783603590711,-1.7580821819992829e-06,-4.015433844792442e-07,-9.969476139396852e-07,29.87567901611328,47.13024139404297,20672.282313809035,0.3527935923932995,352.7935923932995
case_01474,0.3690015286188933,0.0612064507174976,0.45571054044797,0.1140814802156388,2.509158950770218e-06,1.2177939812678611e-06,-1.724957002588314e-07,32.66573715209961,49.33580017089844,12918.594257792414,0.2755258711785477,275.5258711785478
case_01475,0.4175376562005978,0.3274200020919639,0.0579406803483955,0.1971016613590427,1.8910813918193345e-06,-1.904021706857918e-06,-2.839376485781233e-06,46.618289947509766,77.57447814941406,4342.44439676348,0.2974105496725411,297.4105496725411
case_01476,0.0328652329327363,0.3070173791708586,0.186393912184809,0.4737234757115959,2.873136091069408e-06,6.592124099132264e-07,-2.448372384474974e-06,30.28293228149414,37.49160385131836,4739.680377673134,0.2793876346495916,279.3876346495916
case_01477,0.0699239671903587,0.05047928424597,0.1463909999871461,0.7332057485765249,2.281510639690123e-06,1.3566364102165114e-06,1.115575324249318e-06,26.045413970947266,35.577091217041016,10786.653403943505,0.1684390078675317,168.43900786753176
case_01478,0.4769447824566081,0.2089197322097263,0.2802804643860241,0.0338550209476412,-1.3203760218485602e-06,-1.1131401848009368e-06,-4.261801156949565e-07,23.51205825805664,33.5223274230957,11535.805362051313,0.2527041471364334,252.70414713643345
case_01479,0.6430930713341864,0.1692328808272035,0.0518007796804216,0.1358732681581883,-2.3642645319357136e-06,1.973382671855267e-06,2.1887413319993727e-06,32.36495590209961,44.3476791381836,2405.169206092166,0.1751443597768127,175.1443597768128
case_01480,0.0245200691313077,0.7140390596507256,0.0406251491985278,0.2208157220194388,-2.3265535680504684e-06,6.205054708336998e-07,1.1680320218651964e-06,21.31149673461914,27.30394172668457,4004.8824034002855,0.2853749906194033,285.3749906194034
case_01481,0.0676238763594779,0.3035668597365102,0.3601095451623894,0.2686997187416223,-1.2526600885303434e-06,-6.652619423098188e-07,-2.9513943501160654e-06,47.9615592956543,90.10297393798828,35772.510723659514,0.4840286468210426,484.02864682104257
case_01482,0.2599488880125057,0.6081329418303808,0.0223320766042302,0.1095860935528833,6.851023439072355e-07,3.4585436005895135e-07,7.002739846028092e-07,19.20585060119629,29.157421112060547,15588.213421927769,0.3025176507335119,302.517650733512
case_01483,0.0437613432788313,0.678345660141536,0.0756384593480053,0.2022545372316275,1.825921956583035e-06,4.605650846155456e-07,-2.437650803641701e-06,26.85135841369629,33.129295349121094,4210.532372175627,0.3082656747235006,308.2656747235006
case_01484,0.5782888642461985,0.1194142278595088,0.1368276554123091,0.1654692524819836,2.3955018418893884e-06,-2.006788243836804e-06,1.6855990787429657e-06,30.39765739440918,45.60236358642578,3770.1887951864246,0.2098840051192705,209.88400511927048
case_01485,0.1806330003497629,0.0910754561264746,0.006770051919688,0.7215214916040745,7.425203062153965e-07,-5.836057807982032e-07,2.949046129671012e-06,25.599809646606445,40.30991363525391,5841.754349582592,0.1678711014747312,167.87110147473123
case_01486,0.8008033182376663,0.0993042616280838,0.0982012015077623,0.0016912186264873,-2.966212123511678e-06,-9.394164718830412e-07,1.871927654490689e-07,28.718400955200195,48.06269454956055,4841.198720380898,0.1348108364652694,134.8108364652695
case_01487,0.354303348779148,0.5423801381591011,0.0492625628950767,0.054053950166674,-1.882099340888799e-06,-5.945836645252437e-07,1.0966770011647826e-06,30.85026741027832,51.571136474609375,3728.7426867395175,0.2835171254200986,283.5171254200986
case_01488,0.4410824069588782,0.2706519554844019,0.0129687368612555,0.2752969006954644,-2.4016427768797925e-06,1.5666635309115474e-06,-1.5761150346314907e-06,36.52027130126953,46.24096298217773,4779.065015402939,0.2666665314508588,266.6665314508588
case_01489,0.0932204309311296,0.1160571489143382,0.3704908509790322,0.4202315691754998,-8.200531465859398e-07,-1.047695551999642e-07,-3.7441353747723874e-07,10.900673866271973,16.7634220123291,21826.71652461432,0.3497025590267707,349.7025590267707
case_01490,0.0938192963715664,0.5394035521914237,0.0956969054464043,0.2710802459906056,8.105961802475518e-09,2.6418969194355863e-06,2.1365719934183025e-06,56.80854034423828,79.73046875,16295.601735318054,0.3336632599043889,333.6632599043889
case_01491,0.1221561376444077,0.4207629035035238,0.4401862237168149,0.0168947351352535,-2.739616928528635e-06,-1.2379415198493828e-06,-1.995462313522493e-06,40.026649475097656,49.16846466064453,9088.708414558248,0.2365390973127886,236.53909731278864
case_01492,0.4379859561207374,0.2774192273956728,0.2489593962618529,0.0356354202217368,-9.09132145226068e-07,-5.057785302904261e-07,-1.4067863663174274e-06,24.725622177124023,30.92413902282715,10254.358844345204,0.2786696387101223,278.66963871012234
case_01493,0.2364390651536349,0.2744108988831065,0.0493438455127334,0.439806190450525,-1.9249219522480646e-06,1.7217408628742485e-06,-3.2739794828381893e-07,22.01955986022949,26.82170867919922,5138.677273876608,0.2645084871582167,264.50848715821667
case_01494,0.0277609569126462,0.0881537042865245,0.4186358382539553,0.4654495005468739,8.824209975532439e-07,2.7614755992450177e-07,1.2734933510640838e-06,17.33200454711914,22.886493682861328,17277.870762195358,0.2833792052961327,283.37920529613274
case_01495,0.2394477019587249,0.003955453659824,0.7460551227570174,0.0105417216244337,-2.143657840539598e-07,2.821688785466865e-07,-7.44696271225957e-07,6.8430047035217285,11.19092082977295,4860.161972592592,0.164256782931979,164.25678293197902
case_01496,0.0417565689411555,0.0038172086631527,0.2262932166701924,0.7281330057254992,-2.80941183965472e-08,-2.679959021968899e-06,2.566393678698024e-06,26.68710899353028,32.91740036010742,3226.432748828392,0.1691083261161896,169.1083261161896
case_01497,0.3028534579224017,0.4777548354688185,0.0036929954945377,0.215698711114242,-4.338492717992337e-07,-6.084020236892652e-07,-2.4332576923876848e-06,41.38310241699219,83.48109436035156,5991.664056861306,0.3043836288812852,304.38362888128523
case_01498,0.2427707784339707,0.2726381484442076,0.0295696225862693,0.4550214505355523,2.736118262919402e-06,-1.3755976054696051e-06,-7.75174814730915e-07,27.621252059936523,36.3668212890625,4882.726224787451,0.2528501802088678,252.85018020886784
case_01499,0.2352134899727291,0.4870980415523949,0.2232929408343155,0.0543955276405603,-1.7115892492706206e-06,2.9960107369866923e-06,1.2537247405705317e-06,65.83041381835938,165.99737548828125,7090.058909879449,0.3449605406468859,344.960540646886
case_01500,0.2462823222851713,0.0445983652349751,0.4852820619243481,0.2238372505555053,9.998555906324597e-08,-1.1498695762061383e-06,-1.6440794060310454e-06,21.802635192871094,33.22725296020508,13667.807966643832,0.2673561320706881,267.35613207068815
case_01501,0.0401819181077909,0.770394537542868,0.1716403886909501,0.017783155658391,1.4161042101920153e-06,2.306979208763181e-06,9.38478805378038e-07,31.341035842895508,48.6995964050293,17433.67660073703,0.2760775516744111,276.07755167441115
case_01502,0.2138920622979775,0.0633512440307618,0.3532745094220414,0.3694821842492191,3.4106647880737545e-07,1.057402410242865e-06,-2.014698250635924e-06,24.21022605895996,26.62614250183105,9812.01812942724,0.355474921862165,355.47492186216505
case_01503,0.5880948334820714,0.1061559378857864,0.0924460326464042,0.2133031959857379,2.5741253143008066e-06,-9.545015448474571e-07,-2.664118290829882e-06,29.28039932250977,39.1022834777832,2677.527082739708,0.2008664628964443,200.8664628964443
case_01504,0.0781782082471278,0.4355332535179161,0.4347228623511203,0.0515656758838357,-7.321898661522951e-07,2.61206270244742e-07,-2.273905699508107e-06,25.165666580200195,32.523250579833984,6264.583751042332,0.2414190358166392,241.41903581663925
case_01505,0.1201714830704442,0.4261198479711306,0.4305042184377953,0.0232044505206298,-2.179451653609321e-07,2.0432152796951627e-06,2.579908698804808e-06,37.3875732421875,43.44374465942383,7181.460997292852,0.2405184985366269,240.5184985366269
case_01506,0.0363623367805321,0.1165216415230609,0.7943516852903941,0.0527643364060127,-2.4688661087116293e-06,2.300209788185472e-06,3.105052976373079e-07,23.192930221557617,26.57732009887696,2683.084403215229,0.1533610931386766,153.3610931386767
case_01507,0.4553343011617421,0.0381509053913573,0.3490696789543163,0.1574451144925841,6.539946663115708e-07,-2.037636749963129e-06,1.7780746528778943e-06,30.46468162536621,38.42399597167969,7020.221937731338,0.2954715549885506,295.4715549885506
case_01508,0.5001787514378053,0.0855885682245603,0.3278071090298503,0.0864255713077838,-1.270728189311364e-06,-9.625611527509824e-07,-1.0040729945696929e-06,21.910200119018555,32.340633392333984,15629.217539956431,0.247588933126994,247.588933126994
case_01509,0.2286470817145383,0.3782678508911957,0.0247908722022224,0.3682941951920435,-2.0381457629065868e-06,-9.8866091871857e-07,5.5595188731268e-07,28.21986961364746,38.50917053222656,8020.060767861839,0.2911392405063291,291.1392405063291
case_01510,0.5088207215797902,0.0768276706841346,0.3152397591763416,0.0991118485597335,2.671877574270483e-07,-2.747731223544332e-06,-3.028719777005034e-08,35.044403076171875,43.81625747680664,7488.22982293318,0.2462219013100383,246.2219013100384
case_01511,0.3498342062638232,0.4129072030113445,0.032460425920998,0.2047981648038342,1.9386158027946362e-07,5.89426559111379e-07,2.674427756413764e-06,39.27531433105469,63.99665451049805,5091.438539302059,0.3098760949945136,309.8760949945136
case_01512,0.2065743105439056,0.3372385237981264,0.0883175512827031,0.3678696143752646,-2.544770152655715e-06,2.128920317953128e-06,1.4854478163246618e-06,34.014888763427734,67.09271240234375,6092.868733066083,0.3181026247416533,318.1026247416533
case_01513,0.2001664901686173,0.1307629025982477,0.4918612678052262,0.1772093394279088,1.189292720966837e-06,-7.105536730468934e-07,1.3832557889794745e-06,17.4148006439209,23.4553279876709,9236.725293048075,0.2655915657787721,265.59156577877206
case_01514,0.1284194593578612,0.1355563464460235,0.3773115409587128,0.3587126532374025,7.426331439051173e-07,1.4402156699050623e-06,-2.721880383394323e-06,33.14072799682617,37.23451232910156,10767.894184005523,0.3920562065069903,392.0562065069903
case_01515,0.2109280954537829,0.1654960545008985,0.276414854266425,0.3471609957788934,-1.8658963035210168e-06,7.662024816044397e-07,2.980180140221464e-07,22.50406265258789,29.06262969970703,13533.897914235147,0.4416526887325343,441.65268873253433
case_01516,0.0930799911502737,0.5400701904511678,0.2278599452082135,0.1389898731903447,-1.8339082707573722e-07,-7.461075870419951e-07,-1.9805127658911112e-07,10.653632164001465,17.069316864013672,20619.85345769934,0.3763535947460545,376.35359474605457
case_01517,0.030275588427636,0.0731423781792968,0.799033246876548,0.0975487865165191,1.32193749887136e-06,-2.1536412030462176e-06,2.567053599637168e-06,24.89192581176757,31.364315032958984,3313.599195957449,0.1534949567884082,153.49495678840822
case_01518,0.1534863805206758,0.5123783054671333,0.3044330453072174,0.0297022687049735,1.76614443247659e-07,1.2559431166558036e-06,-1.4559480708628066e-06,16.386581420898438,21.70703315734864,4653.582786544066,0.2999336766462693,299.93367664626936
case_01519,0.1613441030428083,0.3247153073713021,0.3316682671455503,0.182272322440339,-6.270655428985788e-07,2.127391013647443e-06,-1.380999280253434e-06,29.95423889160156,48.897491455078125,9021.815128991946,0.4338825123367523,433.8825123367523
case_01520,0.1252857451080349,0.7114938020079815,0.1001044279736852,0.0631160249102984,-1.0659692515143383e-06,1.1151269544089516e-06,-5.319225067109978e-07,15.108449935913086,18.818010330200195,4931.983517682567,0.3045783396445312,304.5783396445312
case_01521,0.1095511160963436,0.2403193908344235,0.5595635677719578,0.090565925297275,6.623631998643215e-07,-2.8927290957910915e-06,-1.539781719561744e-06,29.21210479736328,44.406829833984375,7908.441720732627,0.2194207760440857,219.42077604408576
case_01522,0.3749215572284175,0.0064871740431977,0.1647503576851852,0.4538409110431995,2.634652189861443e-06,-1.7026026336540523e-06,-2.224896493147503e-06,34.20416641235352,46.54636001586914,7339.080132635252,0.2823772561602631,282.3772561602632
case_01523,0.1462885169493192,0.2933959143412838,0.0811336833332731,0.4791818853761237,1.0304690428649e-06,-2.5831200906988087e-06,2.144489079904805e-06,28.091039657592773,31.63808822631836,4333.616566870618,0.2482014607363717,248.20146073637176
case_01524,0.0125943434168259,0.4489839363398538,0.0518106388531515,0.4866110813901685,-2.551524578182107e-06,4.223165974573608e-07,3.496591464234949e-07,22.721250534057617,25.493623733520508,4151.902548793479,0.2187595707438965,218.7595707438965
case_01525,0.0973460730923303,0.2872347937499153,0.0861133387873177,0.5293057943704366,-2.358901591071973e-07,1.5388660730424743e-06,2.168176313739401e-06,24.456621170043945,34.52040481567383,9084.001082967829,0.2273511831721222,227.35118317212223
case_01526,0.1234486272469358,0.1792844323726327,0.6193245284963463,0.0779424118840851,2.344944789063765e-06,-2.3365248775880432e-06,1.986808592422176e-06,27.23496437072754,31.17624282836914,4372.915555378842,0.1982906017576703,198.2906017576703
case_01527,0.029804629427298,0.3932716984548087,0.5124285969412151,0.064495075176678,-2.433225445193479e-06,2.030026923560312e-06,-1.3077458712619734e-06,28.60671806335449,34.09394454956055,3988.953592665159,0.2191733311157941,219.1733311157941
case_01528,0.5260432985669576,0.1612489358615123,0.0644030752788398,0.2483046902926901,2.9332542728252605e-06,3.3305387037289905e-07,2.864246659456436e-07,35.722110748291016,48.0194091796875,8147.168772233814,0.2310912524161374,231.09125241613745
case_01529,0.1532221279539268,0.6440830298158073,0.0438688009188221,0.1588260413114438,2.694416361872528e-06,1.1398140728503498e-06,-2.500693783559577e-06,36.16292953491211,46.6933479309082,5592.214364216909,0.3201957654465468,320.19576544654683
case_01530,0.0069355430202938,0.0156608933181936,0.0005096680376481,0.9768938956238644,-2.530353115620745e-06,2.828411091651877e-06,2.491511304184551e-06,28.032974243164062,36.17620086669922,2923.947780291109,0.1242761728788189,124.27617287881893
case_01531,0.3826784192393223,0.364804207405225,0.1682858488494178,0.0842315245060349,2.6004799226973298e-06,-2.497914070513816e-06,-5.744237096090814e-07,37.1852912902832,58.11467742919922,3139.9220026899643,0.3262277426329357,326.22774263293576
case_01532,0.0688400255101636,0.1406194996476468,0.197930784526646,0.5926096903155434,-8.212044584432267e-07,2.407344137866736e-06,-6.379428966658717e-07,21.105466842651367,24.23196029663086,4682.742603563796,0.2205484758812183,220.5484758812183
case_01533,0.789537556054511,0.0820789289370149,0.0185158227243744,0.1098676922840996,2.068255002455176e-06,-2.243383824075544e-06,-1.1834677762922808e-06,22.158409118652344,29.51152610778809,1691.0486366825,0.1372447210058433,137.24472100584333
case_01534,0.090068813475846,0.4611756538079579,0.172895196359296,0.2758603363569,-4.89699973720371e-07,-6.422471601799063e-07,-2.3601753173577698e-07,12.534097671508787,17.508264541625977,28081.285825063344,0.4071178953389083,407.1178953389083
case_01535,0.1915622681045621,0.1369151745484285,0.0349957786305549,0.6365267787164542,-3.548693237849048e-07,2.1086321779866864e-06,-1.4894436807273118e-06,19.42283058166504,23.487184524536133,3533.6393887076006,0.1909199880739657,190.91998807396573
case_01536,0.4932792030077675,0.0593978751843583,0.2316908463467762,0.2156320754610978,8.054585458652556e-07,2.437525420427209e-06,-7.508863632191728e-07,32.64809799194336,42.76425552368164,9415.252840751227,0.2843892673804709,284.3892673804709
case_01537,0.1768569995627676,0.5267885909786069,0.1562852758052745,0.140069133653351,1.6468645156559004e-06,3.823004127087217e-08,1.7996822915092914e-06,36.0966911315918,64.21224975585938,20543.24481383415,0.3875210683130543,387.5210683130544
case_01538,0.1446039020060083,0.1819637675182473,0.5809856906845688,0.0924466397911755,-2.7972650943105084e-06,5.646278296525509e-07,2.005533021511031e-06,26.26367950439453,30.07612037658692,3869.892014455835,0.2128857960526449,212.8857960526449
case_01539,0.2956893475460508,0.2793569872590034,0.0317957081884748,0.393157957006471,5.589359731628055e-07,1.2488840075913426e-06,-1.1749051342289032e-06,17.571361541748047,22.867509841918945,6195.149299287918,0.2889730832652183,288.97308326521835
case_01540,0.131528852288154,0.2802841893916041,0.223941287917212,0.3642456704030299,-1.8796020354157744e-06,1.996552010716285e-06,-1.8591341668327242e-07,28.998666763305664,40.91178512573242,10254.84274812258,0.4436788976125621,443.6788976125621
case_01541,0.0506873285540749,0.1157658473559344,0.0902357968935205,0.74331102719647,-9.243028928207822e-07,-2.270932982774003e-06,2.242918657680313e-06,22.38333511352539,28.27760124206543,3156.3695609688702,0.1652100543770371,165.21005437703712
case_01542,0.0461050186734278,0.1228610007115994,0.0434783689667059,0.7875556116482668,-9.121880030687012e-07,1.8604158493753648e-06,-2.683960009021817e-06,23.46768951416016,26.62025451660156,3363.098844316145,0.1543427599033748,154.3427599033748
case_01543,0.0168189848416938,0.5432891933563095,0.2152406141714885,0.2246512076305079,-1.8563795867307844e-07,-1.123430969302995e-07,2.334869771974712e-06,27.42624855041504,41.60297775268555,11656.337333666936,0.3903119225862457,390.3119225862457
case_01544,0.5102453739508701,0.1159022589461109,0.1362908631832559,0.2375615039197632,-9.951815287429598e-07,-2.962594493509861e-07,-1.68489392608601e-06,23.997432708740234,36.39457702636719,13559.207670692113,0.2580019024864158,258.0019024864159
case_01545,0.188706624487766,0.0494471824647202,0.0259264478576506,0.7359197451898629,-2.355833289295993e-06,-4.566014880180105e-07,1.071235465286255e-06,19.857954025268555,31.23594284057617,4224.825088661603,0.1654737252022659,165.47372520226594
case_01546,0.0062623983257229,0.4572803512137698,0.4370841801939676,0.0993730702665394,-2.1262275688472914e-06,5.526951147625546e-08,4.953101783076013e-07,19.887569427490234,24.72471046447754,4587.348615608459,0.2460312470210267,246.0312470210268
case_01547,0.0576529517383479,0.0622568249469319,0.4728706213481851,0.4072196019665351,-2.799372086633414e-06,2.670303320367621e-06,3.176444891355127e-07,35.53506851196289,46.3204345703125,7125.5478580040935,0.2696237011676561,269.6237011676561
case_01548,0.2704100396846499,0.4910335743618917,0.2085471270976784,0.0300092588557799,-1.78505488027474e-07,2.8922263675290945e-07,2.156161348516928e-06,34.88601303100586,52.19292831420898,6183.318847171482,0.3263088721176215,326.30887211762155
case_01549,0.1145462850061662,0.7581157854769626,0.0964257130186359,0.0309122164982351,2.726686169117932e-06,2.719065229578835e-06,-2.390567138132033e-06,46.68550109863281,60.61116790771485,6386.228710397043,0.2850991503714716,285.09915037147164
case_01550,0.2289455619207358,0.0970539421793832,0.4760369955008588,0.1979635003990221,-2.3059486581113005e-06,-1.9182592163061564e-06,-9.17831848046184e-07,35.921409606933594,48.38500213623047,17630.72828613168,0.2759031232823367,275.9031232823367
case_01551,0.0252119028947499,0.7857855028076024,0.0795845777478211,0.1094180165498263,2.6775869580184923e-06,1.3448158729957993e-06,2.295164780685935e-07,32.482425689697266,44.6326789855957,14487.515036556484,0.2756759607252164,275.67596072521644
case_01552,0.3715533099886389,0.0379660543595901,0.4954540439960563,0.0950265916557146,1.400169088392561e-06,1.873437231652484e-06,1.8677331236762388e-06,33.826053619384766,56.53501892089844,16685.402795868555,0.253985992994469,253.985992994469
case_01553,0.1264720175959325,0.1065875486105296,0.3657848565383369,0.4011555772552007,8.249928176049791e-07,1.0747729880091718e-06,-1.701341499529971e-06,20.947444915771484,23.141828536987305,9603.785642528244,0.3569149702153379,356.9149702153379
case_01554,0.1327378195732818,0.363901314858918,0.3725060223774264,0.1308548431903735,8.716665319413775e-07,6.415336813592421e-07,1.8175790482456567e-06,25.092378616333008,35.0250129699707,13121.070774708583,0.3210232861903419,321.02328619034193
case_01555,0.457882537508828,0.3511477000916933,0.0603728702910334,0.1305968921084452,1.9603658903776925e-06,3.888766865170938e-07,-6.021691050363856e-07,27.527490615844727,47.94023895263672,4525.6608212750525,0.2640744444151477,264.0744444151477
case_01556,0.0203527906147232,0.1800691910818861,0.0235490201737555,0.7760289981296351,-2.358480813721072e-06,2.1655828954721755e-06,-1.866516861397828e-06,25.086082458496094,42.36310577392578,3447.165800212504,0.1557584694111419,155.7584694111419
case_01557,0.2863257588032253,0.0933553209775494,0.1630668716617487,0.4572520485574766,2.8525941393250505e-08,1.9298795829870007e-06,1.553918642660896e-06,27.41702651977539,37.4456901550293,14879.735459368174,0.2800610093724837,280.06100937248374
case_01558,0.2427003965048976,0.0576248710171698,0.1430213007257547,0.5566534317521779,1.1825468295645511e-06,-2.2662676729164027e-06,-2.4546065911527133e-06,30.408327102661133,54.61174774169922,8196.152230409778,0.2254203014366003,225.4203014366004
case_01559,0.1628606449145781,0.1657715290519607,0.3177184871283715,0.3536493389050897,5.209226704413819e-07,2.0915259421852686e-06,8.86042444526574e-08,27.327899932861328,45.481929779052734,26833.34012609216,0.4404540005963017,440.4540005963017
case_01560,0.530364626342526,0.0209472409483119,0.165120503686095,0.283567629023067,1.996674426139768e-06,-5.155882833573451e-07,-2.616745296828669e-06,33.32512664794922,42.20199966430664,4820.428312452942,0.246132658876884,246.132658876884
case_01561,0.3427413496565996,0.2261425368453197,0.0442159832334506,0.3869001302646301,-2.566369745931891e-06,-1.4778190200251353e-06,-8.614928690532746e-07,46.924442291259766,61.50580978393555,14519.701830719036,0.3005908254722243,300.5908254722243
case_01562,0.5846919974010117,0.0413590639904089,0.2861860719772479,0.0877628666313312,1.1442062369949954e-06,2.218611408083556e-06,6.064607940383561e-07,27.000476837158203,39.46858596801758,10823.330680994672,0.1991384048726368,199.13840487263684
case_01563,0.236669573955365,0.0104891986162548,0.2939689414760467,0.4588722859523334,2.0416638230830645e-07,-4.078512021975504e-07,3.366932489232784e-07,4.726985454559326,5.371142387390137,7124.021110633553,0.282361030263326,282.36103026332603
case_01564,0.2352725537158258,0.2651274605532279,0.4405287087619755,0.0590712769689707,-7.250348161203396e-07,1.8501881410609e-06,-5.720674925720007e-07,19.05135154724121,24.93939781188965,5309.610023849495,0.2669423716987905,266.9423716987905
case_01565,0.0218132587748827,0.3240903669816697,0.0289406693878662,0.6251557048555813,-9.58350106595815e-07,-1.4195783282649331e-06,-4.25712036167306e-07,15.91482162475586,20.64824104309082,9335.018926648348,0.1859142988688521,185.91429886885217
case_01566,0.2787491484766741,0.1047853484386902,0.6010169059499343,0.0154485971347014,7.249957966451573e-07,-2.9764240714666933e-06,-1.6393826798954007e-06,33.79810333251953,47.79154586791992,7903.759955319281,0.20234707599196,202.34707599196005
case_01567,0.0812317482862379,0.2287428307902925,0.0969193447790611,0.5931060761444082,2.3459722478655888e-06,-2.7244842582333632e-08,-2.647044694553825e-07,20.558408737182617,25.05685043334961,5972.471761246316,0.2077340737750969,207.7340737750969
case_01568,0.024100840977139,0.2830528397947869,0.3173200961439995,0.3755262230840744,-2.2944443393308515e-08,-2.3986304601426947e-06,2.7195291343250057e-06,40.91191101074219,50.34379196166992,12568.12472872098,0.4810714771042453,481.0714771042453
case_01569,0.1046518735567013,0.1607167727172732,0.6577754556058993,0.0768558981201261,1.9483389844615207e-06,1.5262557331494576e-06,2.1027175067027426e-06,29.76579475402832,42.38867568969727,12208.739466927038,0.1867580455095844,186.75804550958443
case_01570,0.3329347774852044,0.1570099390101441,0.2726721412144243,0.237383142290227,-5.870617089361949e-07,-1.343549183583538e-06,-2.1286027855419373e-06,38.59235382080078,56.523773193359375,28941.84324537892,0.4252381657434807,425.2381657434808
case_01571,0.0635025570596993,0.229683501215592,0.5523182259519347,0.154495715772774,-2.3856332232409406e-06,-3.381261203791278e-07,-2.8213152760744744e-06,32.52833557128906,48.16106796264648,11916.416272118962,0.2332736355541853,233.2736355541853
case_01572,0.7312290788087344,0.1294841712572773,0.033145339756847,0.1061414101771413,-2.6309655812481687e-06,-2.477798609450674e-06,2.601145876299784e-06,36.63005828857422,49.52105331420898,2267.669131266147,0.1503025115660221,150.30251156602216
case_01573,0.4002044577509123,0.0508780800172136,0.2675224904815596,0.2813949717503141,-2.6919937720579346e-06,-1.280044509316484e-06,1.604984992844859e-07,46.95647048950195,77.7135009765625,21826.6122260747,0.3883201937372094,388.3201937372094
case_01574,0.1976809640799101,0.0398640065816978,0.5912856585555515,0.1711693707828405,-7.190991482539802e-07,1.6889414595514318e-06,2.270269388958464e-07,14.960039138793944,19.210872650146484,5671.344422336171,0.2118392257001981,211.83922570019817
case_01575,0.3568228134806949,0.1365546962908524,0.1551341456473398,0.3514883445811129,-9.765734949849476e-07,-2.090472528586084e-06,1.684307974239134e-06,31.09678077697754,56.083377838134766,10220.736810588938,0.3561280142138857,356.12801421388576
case_01576,0.241288574442709,0.2931480808061145,0.2363087649368666,0.2292545798143098,1.3076221417354174e-06,8.829573667617439e-07,-1.1118661567720408e-06,22.22354316711425,31.33993911743164,13959.70297727032,0.4779723307892479,477.9723307892479
case_01577,0.207758977282829,0.4604862574896457,0.1249873731231413,0.2067673921043838,1.4569290095091948e-06,2.504555116827008e-06,-1.0855458698398709e-07,46.87660598754883,74.85973358154297,18971.00809694181,0.4046880672725687,404.6880672725687
case_01578,0.2491224080730604,0.0704045844134368,0.0728997498248552,0.6075732576886475,-2.694876186997561e-06,1.0790205585463214e-06,2.8119774788804257e-06,30.94150352478028,36.56550979614258,4220.3287596707205,0.202724328095749,202.72432809574903
case_01579,0.399330763430569,0.2673733088745344,0.3240594975506228,0.0092364301442738,-1.6732604226659103e-06,1.8661301357533608e-06,1.032892121594443e-06,33.7308235168457,44.28441619873047,5186.393557783834,0.2871922910763652,287.1922910763652
case_01580,0.3308547754812539,0.2448397329074824,0.2712223379608799,0.1530831536503836,-1.354428899046602e-06,-2.346170224176505e-06,-2.0775298080252845e-06,54.25266647338867,74.92791748046875,25494.476822147924,0.407239589565937,407.23958956593697
case_01581,0.0221545384624632,0.0560093044278607,0.784862713876636,0.1369734432330399,2.8567190485685664e-07,-1.4956090439876732e-06,-2.2006395120938804e-06,21.02598571777344,29.582353591918945,7077.226744512747,0.1567441926500743,156.74419265007433
case_01582,0.3168499741387283,0.0272928355438633,0.0192991245001109,0.6365580658172975,-2.1329086565582985e-06,2.3672331134435464e-06,-1.7744114500019676e-06,28.07703018188477,35.8216552734375,4426.127508482114,0.1947249609057295,194.7249609057296
case_01583,0.2469942699747314,0.2272695314460082,0.0890759814846863,0.4366602170945738,-2.1963526835999977e-06,1.290633681708535e-06,1.6002700465243057e-06,24.98690223693848,28.284587860107425,5752.684982533515,0.2793430134330144,279.34301343301445
case_01584,0.1364884298993764,0.1560741531198918,0.4575412377880203,0.2498961791927113,2.662733335247748e-06,8.373229582638669e-07,-1.2277379769563038e-06,31.35717391967773,45.37675094604492,9915.943252613406,0.3163137196043315,316.31371960433154
case_01585,0.069116338061512,0.2519327194508387,0.2558942000791884,0.4230567424084608,1.8252174437866856e-06,9.826004167302004e-07,-2.8716669199495213e-06,37.98899841308594,51.063724517822266,7732.282754126009,0.3830346078099298,383.0346078099298
case_01586,0.1115313398727872,0.0156522779349187,0.0659443853247878,0.8068719968675063,-1.9160705874529783e-06,-5.147966741721397e-07,2.6650461810339715e-06,23.14403343200684,27.06352424621582,2689.895446843061,0.1515153973620748,151.51539736207482
case_01587,0.3147520406925982,0.4292685364087653,0.0025628483907165,0.2534165745079201,-5.605931525670542e-07,-2.732660210294081e-06,-1.981719501630536e-06,54.69355010986328,82.13238525390625,7557.297369000765,0.3065132778542874,306.51327785428737
case_01588,0.0055669807421764,0.122569594482121,0.3689992110059052,0.5028642137697972,-8.662680044546069e-07,1.706649252424374e-06,-2.942650883111589e-06,32.35727310180664,51.81163787841797,8895.699595861075,0.2872369122929423,287.23691229294235
case_01589,0.1437316572034897,0.1132633561038651,0.5360814525799855,0.2069235341126595,1.746024444392444e-06,1.072279417292123e-06,-1.577210385700062e-06,19.77615547180176,28.102191925048828,5930.362919461157,0.2453538158239003,245.3538158239004
case_01590,0.0418540417608464,0.3909928618476043,0.171380175345603,0.3957729210459461,6.12774988687323e-08,-1.6317321532365162e-07,-1.589827277291198e-06,16.189882278442383,19.19631576538086,8148.060517338252,0.3102249517786625,310.22495177866256
case_01591,0.2892818648094678,0.4153063865958708,0.2100059640654962,0.0854057845291651,-2.232901578039198e-06,2.398557692209545e-06,-4.679684949256616e-07,41.025638580322266,72.39236450195312,6645.37126624639,0.3734004815034916,373.4004815034916
case_01592,0.1761446773769776,0.4457963637134098,0.2742131994135717,0.1038457594960409,1.433952378937463e-06,-9.830420100894067e-07,2.5223389890002213e-06,38.14469909667969,49.47527313232422,8927.867286959661,0.3692385389391103,369.2385389391103
case_01593,0.5030786924984302,0.4464356822796913,0.0431057419511104,0.0073798832707678,-6.186721306504862e-07,-1.2340695346125846e-06,2.275109506674587e-06,25.63078117370605,42.9111442565918,2055.824688425593,0.2196235997558002,219.62359975580023
case_01594,0.1544626325364856,0.2008290260576347,0.3927248152762447,0.2519835261296348,-1.4224545142071177e-06,2.236777950476657e-06,-2.586326701054324e-07,28.474538803100582,53.96984100341797,10249.62400182201,0.4062092451104274,406.2092451104274
case_01595,0.462460224963056,0.3805672979777572,0.0142301682259998,0.1427423088331869,-7.47008267875679e-07,1.7819259285539128e-06,-5.34600570049161e-07,18.16889953613281,26.422155380249023,2297.9840257332485,0.245503905370569,245.50390537056907
case_01596,0.1629223320052853,0.2621210942699386,0.2156742070581671,0.359282366666609,-1.3460618358621926e-08,8.987886389006844e-08,3.3005451884910733e-07,5.264836311340332,7.5081787109375,21537.223233561795,0.4360446131036287,436.0446131036288
case_01597,0.1836881870840636,0.4658527096464653,0.0516458070585321,0.298813296210939,-9.413069014979432e-07,-2.2155915632529003e-06,-1.5392759281694057e-06,41.11778259277344,56.31010055541992,11452.180418667182,0.3229095467092867,322.9095467092867
case_01598,0.1833038210543741,0.1562466215107489,0.617419555809724,0.0430300016251528,-1.548565364449453e-06,-1.7095711712096854e-06,-2.686890048201823e-06,33.39817810058594,48.28293228149414,12375.350906482598,0.1963353811767426,196.33538117674263
case_01599,0.1907542768586838,0.110595483767269,0.1607008192863169,0.5379494200877303,-6.089878271761181e-07,9.373679424528396e-07,2.63534481702724e-06,26.413047790527344,46.043418884277344,8778.98501132459,0.2378087737481213,237.80877374812133
case_01600,0.2062971596625822,0.3831473838884271,0.0407237873768954,0.3698316690720952,-2.8849625355006105e-06,-6.897525729575301e-07,-1.879806090736964e-06,44.4475212097168,81.56958770751953,11365.62014132679,0.2921817543845416,292.1817543845416
case_01601,0.0203168536249857,0.7235632708414567,0.1315813603198803,0.1245385152136772,1.6349870765778835e-06,2.0188391499958275e-06,-1.8095956245257017e-06,32.30694580078125,43.55608749389648,6046.960294741528,0.3022053022174716,302.2053022174717
case_01602,0.1782563265382198,0.7017218971801445,0.0121617593623102,0.1078600169193253,-1.9743306385944853e-06,2.699730055993225e-06,-1.6523802687631424e-07,26.74124526977539,37.24281311035156,4389.971186029218,0.2942992339348408,294.29923393484086
case_01603,0.6028359555359585,0.156542257358754,0.0689440526912132,0.1716777344140741,-2.7365723182161767e-06,1.83382155164951e-06,-5.0319930958015705e-08,26.12224006652832,36.06938552856445,2328.004757009001,0.1918448641993838,191.8448641993838
case_01604,0.095577310019315,0.4847263735637453,0.2816518540979095,0.1380444623190301,9.221921574304752e-07,-7.347274620266572e-07,-2.8893947417955483e-06,40.94541549682617,67.9533920288086,11044.995985845491,0.3695022097643391,369.5022097643391
case_01605,0.8181266095935975,0.1149816983496137,0.0110209406330813,0.0558707514237074,1.6436167729420335e-06,1.7321185753885442e-06,-2.112271567356176e-06,22.961896896362305,33.73776626586914,1538.4615886757808,0.1322795965430726,132.27959654307267
case_01606,0.1112769500134706,0.0331548331764922,0.5727129260463031,0.2828552907637341,1.8829747895570592e-06,-8.913499591758994e-07,-7.310710886355498e-07,17.13884735107422,20.23823356628418,4970.42789353979,0.2226091647922375,222.60916479223752
case_01607,0.0587262255188027,0.1679931306519802,0.2402979622275935,0.5329826816016233,-3.89449040364004e-08,-1.997399473406197e-06,1.1023841610632349e-06,19.47142601013184,22.188304901123047,5935.20019035122,0.2597908076237377,259.7908076237377
case_01608,0.4124466089945502,0.1399318558403522,0.288001865006844,0.1596196701582533,-1.7677908918600882e-06,-2.7996407708048555e-06,-1.629489259008385e-06,52.32064437866211,71.52597045898438,21941.65706755773,0.3472483921150254,347.2483921150254
case_01609,0.4432028296111062,0.0671392419747085,0.074276631122573,0.4153812972916123,1.4233660634989609e-06,-6.856997234338799e-07,-4.6191332254942413e-07,22.33923721313477,27.564668655395508,6022.017074267744,0.2641474609513649,264.14746095136485
case_01610,0.1897206838675284,0.0128809930236387,0.7773898071937869,0.0200085159150459,1.198278462926023e-06,2.4213558221836912e-06,3.44070388298801e-07,25.39557838439941,48.21476364135742,8422.218779077646,0.1566265548972799,156.62655489727993
case_01611,0.1557102664401111,0.1333708199250199,0.5969511185601266,0.1139677950747423,-1.5223755953809606e-06,-1.566080473465941e-06,2.3315549677397525e-06,22.6945915222168,25.96394920349121,4084.374595410372,0.2097460849953046,209.74608499530464
case_01612,0.0077606848717383,0.0947457869621961,0.2172356329586811,0.6802578952073844,2.4204465351767576e-06,-1.760921010421296e-06,-1.0435769860372603e-06,21.67574119567871,27.26939010620117,3628.3851789557634,0.1876423568926596,187.6423568926596
case_01613,0.1592976671866519,0.1092994847519086,0.6713165379903443,0.060086310071095,-2.3737712515030262e-06,2.818924711446242e-06,-2.198650404819099e-06,29.15087127685547,32.578792572021484,3819.0587987128433,0.1820849871916826,182.0849871916826
case_01614,0.4914278199985421,0.2676115581243964,0.0215726965108951,0.2193879253661662,2.896129437547954e-06,-2.8499753228964475e-06,-6.436664461435076e-08,35.47642135620117,57.10640335083008,2615.260719371335,0.2393258951117457,239.32589511174567
case_01615,0.0648735111888526,0.2438900157735881,0.6255539288087837,0.0656825442287756,2.161486865864788e-06,1.7146929023625256e-06,1.4803296101043728e-06,27.54224967956543,42.15939712524414,11821.220519456076,0.1931875571709337,193.18755717093376
case_01616,0.6489494515746361,0.0221510082197604,0.3004432485189607,0.0284562916866424,1.1273918728744511e-06,-1.0717802655547775e-06,-2.3408414576835992e-06,24.2448673248291,54.69548416137695,3935.668521421716,0.1656522100685747,165.6522100685747
case_01617,0.3893717538773479,0.2082401572434921,0.153651583325194,0.2487365055539658,2.632499329678997e-06,-2.775072258782044e-06,-4.518990498182378e-07,53.35649871826172,68.95692443847656,7882.828767032865,0.3729623822861883,372.9623822861884
case_01618,0.1248504504804287,0.4157020154771494,0.1498568745710565,0.309590659471365,1.3338670099422464e-06,2.5068152412575022e-06,-2.8932891524250995e-06,39.48992538452149,49.10651397705078,6812.485320141015,0.3832414879958786,383.2414879958786
case_01619,0.4185558967974065,0.0715805456265904,0.4318604485069751,0.0780031090690279,-1.8572580178197244e-06,-2.1621460187424984e-06,-2.798644910116493e-06,46.677528381347656,63.21315383911133,17097.4161645625,0.2736801754019459,273.6801754019459
case_01620,0.3532975608688675,0.2592502614768491,0.3834780971464999,0.0039740805077833,-3.4706317132312946e-07,3.106757023541725e-07,-1.022798207000066e-07,6.083188533782959,7.377721786499023,5943.981980609807,0.2877034068298856,287.70340682988564
case_01621,0.0494511860111716,0.1542434881431771,0.6858923444651078,0.1104129813805433,-2.570981854010188e-06,-1.3556747554227133e-06,-1.2108162110944234e-06,27.68325996398925,41.06842422485352,11031.365503229214,0.1809086096637385,180.90860966373856
case_01622,0.1788832215593512,0.406224786084763,0.2998645114219538,0.1150274809339318,-6.620554662713076e-07,-2.6088431868918538e-06,2.070643794032473e-06,35.02857208251953,43.06290817260742,7021.944390073466,0.3720861838515817,372.0861838515817
case_01623,0.1231260442215722,0.0571427360987151,0.7871489268463387,0.0325822928333736,1.4496181184232517e-06,-2.7004650860197257e-06,6.129258367587257e-07,21.51874351501465,23.342792510986328,2850.7333265412194,0.1546997296359923,154.6997296359923
case_01624,0.2059008813457275,0.0115929645733909,0.1110401309911023,0.6714660230897793,-6.813398944150955e-07,-2.306659806981968e-06,-2.764022295420579e-07,22.110013961791992,32.833003997802734,9040.795683488215,0.1833384377300781,183.33843773007817
case_01625,0.2336319939694608,0.0868010967085146,0.6691453719953354,0.0104215373266892,-1.0182349471911951e-06,-2.57179791666372e-06,-5.523877736742221e-07,26.9183406829834,41.3802375793457,9778.896875343846,0.1817564127787051,181.7564127787052
case_01626,0.0155950511428762,0.2902097901970726,0.2598895480569564,0.4343056106030947,5.721343350618712e-07,1.5633486931195378e-06,-1.6527118862620555e-08,20.41153335571289,33.82170104980469,15091.516916030048,0.3675064244410685,367.5064244410686
case_01627,0.4138435167149261,0.2467595926197778,0.0115396935867849,0.3278571970785111,2.23322717399337e-06,-8.660278629942518e-08,-2.757367012724032e-06,47.598575592041016,63.744998931884766,4653.158486404235,0.280036670527078,280.036670527078
case_01628,0.419892293194165,0.3608142761776508,0.1596829159205481,0.059610514707636,-2.7145008447233256e-06,-9.42647451906122e-07,2.3567601385239594e-06,41.19850158691406,68.24642944335938,3035.5883712362943,0.2898168299059506,289.81682990595067
case_01629,0.2561918446929792,0.1782852239354092,0.5422931131782684,0.0232298181933429,-6.871773918015877e-07,-4.897865392079571e-07,2.98981893440375e-06,28.517213821411133,36.840938568115234,5356.406856548862,0.2204308381284239,220.43083812842391
case_01630,0.1124929557190892,0.1046859370776181,0.69181066275018,0.0910104444531123,-2.050555549108424e-06,2.57368041343574e-06,-1.911077250847808e-06,25.27169418334961,29.3173770904541,3610.800408014745,0.1783246355764959,178.32463557649598
case_01631,0.008172598695725,0.7752175896190471,0.0029771492365207,0.2136326624487071,1.1721255043912178e-06,2.464510876428883e-06,-2.2777022113522817e-06,30.7896785736084,42.25122833251953,4089.438362390936,0.2654536456548062,265.4536456548062
case_01632,0.0838125669069591,0.3396549663011922,0.1490846279689397,0.4274478388229091,-2.365652637413191e-06,1.2940588807354615e-06,-2.1385352193084287e-06,33.92326736450195,41.057861328125,7582.828597368209,0.2902670985459568,290.26709854595686
case_01633,0.8740085817150066,0.0030649881628864,0.0262934265579275,0.0966330035641793,9.888465514814677e-07,2.308094264530127e-06,9.66162349406203e-07,24.70510482788086,38.98675537109375,7023.642673823464,0.1230308352888919,123.03083528889196
case_01634,0.2282459651069133,0.452059212064006,0.127072746226228,0.1926220766028526,-1.282914775212556e-06,-1.0821118344742511e-06,9.68645030704648e-07,24.577510833740234,38.136962890625,10957.587105391793,0.4063471652343932,406.3471652343932
case_01635,0.0374488727969207,0.2930683291173767,0.6134014212194446,0.0560813768662579,-1.806499117576652e-06,-7.13344043950303e-07,2.087544973670466e-06,20.34513092041016,22.93545722961425,3276.666112158102,0.1936905599759856,193.69055997598568
case_01636,0.2981036295946778,0.0393126822492261,0.3575486937174557,0.3050349944386405,2.6181153469499127e-06,6.822730911253682e-07,1.5109583305575197e-06,37.54509353637695,60.78704833984375,25842.553030097937,0.3657053498810439,365.7053498810439
case_01637,0.0828032275055356,0.3097339102175774,0.2158382550964486,0.3916246071804383,-2.888852539524265e-06,7.417556837835852e-07,-3.018619597839614e-07,30.26430892944336,48.18693923950195,9384.021541333035,0.3755017351568537,375.5017351568537
case_01638,0.2468475415416251,0.0023903981522464,0.4010159840632456,0.3497460762428827,-3.7333636866258653e-07,-1.0980097192595441e-07,6.771321693919132e-07,7.851305484771728,9.891060829162598,8477.327106954686,0.3179565916692188,317.9565916692189
case_01639,0.0908362852731262,0.0108305702358945,0.2800256087818857,0.6183075357090934,-2.870238045229237e-06,-5.960529093722806e-07,1.1297080222080474e-06,25.66044235229492,36.58273696899414,6060.501758118294,0.2017223789598794,201.72237895987945
case_01640,0.1588559063312081,0.226081866468555,0.1174844001350114,0.4975778270652253,-9.844171137402605e-08,2.917081869652171e-06,7.64188217113512e-08,28.61703109741211,45.50543212890625,8200.62124772827,0.2515237131342551,251.52371313425508
case_01641,0.0641148967212393,0.1678257679501356,0.4550730528990386,0.3129862824295865,6.284266766509486e-09,1.9267417567063467e-06,-1.460940932901802e-07,21.28328514099121,30.486955642700195,13907.236932220829,0.3489074900768499,348.9074900768499
case_01642,0.2618896117922549,0.2922559380956474,0.4427011467112401,0.0031533034008573,-1.070025171631518e-06,-3.901188126717288e-07,8.705846738559196e-07,13.179094314575195,16.395912170410156,5269.278996688794,0.2536452491587886,253.64524915878863
case_01643,0.0232245074442997,0.605245859743669,0.0230301077479671,0.3484995250640642,-2.207029334849858e-06,1.363754863437411e-06,3.448472938539223e-07,19.468639373779297,23.376155853271484,2903.442584871568,0.2440598005431619,244.05980054316188
case_01644,0.6092918706622944,0.0761305879772473,0.1116258688826214,0.2029516724778367,-7.416747735931483e-07,-1.382629840485243e-06,8.636538320154619e-07,15.228055000305176,24.274696350097656,4035.7350637894624,0.1928549262837219,192.854926283722
case_01645,0.3326855355901192,0.4435094387873048,0.2096842496807388,0.0141207759418369,1.033577639595396e-06,-2.3989840425760207e-06,6.771286437801831e-07,27.023061752319336,66.71426391601562,2618.4502949338644,0.3024365212488261,302.4365212488261
case_01646,0.4765939208416413,0.2275665306925579,0.2741245403082877,0.0217150081575129,1.694374851866755e-06,-8.854138466835561e-07,1.315179363081928e-06,25.2969970703125,35.93230056762695,5713.797873058435,0.2488099318715152,248.80993187151523
case_01647,0.0774057565379281,0.5706308303139707,0.220886176912548,0.1310772362355532,1.845036143288541e-07,-5.821631992596348e-07,8.56821052697256e-07,10.925804138183594,14.583219528198242,6729.831969023401,0.3605455146550272,360.54551465502726
case_01648,0.1178464885278209,0.468645346710427,0.3361936217991849,0.0773145429625669,5.390063666385335e-07,-2.900777252635975e-06,1.1845491862360385e-07,32.833457946777344,49.41113662719727,6275.254080422928,0.3013169343601621,301.3169343601622
case_01649,0.0327061427598717,0.0759706742146837,0.6633481237220579,0.2279750593033866,-1.7963017732520838e-06,1.8887520098153765e-06,1.0907808677063195e-06,19.563112258911133,24.36173820495605,4290.571767967087,0.192072026756504,192.07202675650407
case_01650,0.2021814908467263,0.2405943510962069,0.1208522708494949,0.4363718872075717,-1.2760180006341033e-06,-8.44839585664911e-07,-3.031082088874316e-07,16.69689178466797,23.363868713378903,15043.54699678826,0.2879102870158344,287.91028701583446
case_01651,0.4178694904162705,0.0700236399183862,0.0779448367963232,0.4341620328690199,-2.0286263396858497e-06,4.825089946808822e-07,-1.5499726441643937e-06,32.15690994262695,45.649452209472656,11589.606525069476,0.2730595348440995,273.0595348440996
case_01652,0.4173758351565378,0.0557967211967438,0.3082390442727878,0.2185883993739305,-1.504227899972332e-06,-2.556220876374264e-06,-2.9914906791965072e-06,59.27339553833008,75.99320983886719,24448.795548272992,0.3557872703782054,355.7872703782054
case_01653,0.1643242967657513,0.0213607018066551,0.0619831582394775,0.752331843188116,-1.6506793186468097e-06,-1.9500190274964965e-06,3.597848828750591e-07,21.738449096679688,31.952783584594727,7294.778866174399,0.1623583529903313,162.35835299033138
case_01654,0.0832319611323896,0.1734119938110279,0.2602932704993984,0.4830627745571841,1.1669271834742553e-07,2.3381623519653603e-06,5.43931359651846e-07,27.70777130126953,43.37808609008789,14030.343754371006,0.303008484115861,303.008484115861
case_01655,0.0576713166774343,0.2502699062045922,0.3185309038987697,0.3735278732192036,3.761325347443765e-07,6.521251672968046e-07,2.8322937886542862e-06,37.4911994934082,56.50886154174805,31774.74752478464,0.4750070481239821,475.0070481239821
case_01656,0.3610794739825121,0.0398717943084542,0.3491510427571918,0.2498976889518416,2.669684524929027e-06,2.701704301022913e-06,-8.311299954343467e-07,41.58903121948242,68.12232208251953,19699.215307840965,0.3730029470285312,373.0029470285312
case_01657,0.3012701357142321,0.4463153413842355,0.1971220070059346,0.0552925158955974,-1.826576117390861e-06,2.9925002063479017e-06,-6.352005430301296e-07,52.26922607421875,91.18912506103516,5299.340625949272,0.3424009054050491,342.40090540504906
case_01658,0.3349295230402153,0.2273030944812895,0.3117039646047942,0.126063417873701,8.500542609689754e-07,-7.688393080014336e-07,-1.7892025119468586e-06,31.10305404663086,41.34138488769531,11607.669428752792,0.3767430162725464,376.7430162725464
case_01659,0.6016006255069083,0.2243476847631493,0.0226250573944626,0.1514266323354798,1.903555613925137e-06,-1.2071816155003525e-06,-2.5767942285760687e-06,32.99089431762695,44.57313919067383,2675.1395956660726,0.1873056695312135,187.3056695312136
case_01660,0.2382650214341458,0.2666947505947981,0.1151461892301613,0.3798940387408948,3.614487826983149e-07,2.15013633095458e-06,1.6368269571704438e-06,34.4995231628418,53.19919967651367,16036.75119600143,0.3286697401219782,328.6697401219782
case_01661,0.05774637471413,0.0979947289070292,0.4242441201147382,0.4200147762641025,-1.4699780849935455e-06,2.991668562224725e-06,-1.5019136139640498e-06,32.79318618774414,41.81661605834961,8359.228052111326,0.3096002547465819,309.6002547465819
case_01662,0.2220859316073641,0.3758567921922308,0.0178374256262443,0.3842198505741606,-1.424698619879999e-06,7.778474053947439e-07,6.534291661802275e-07,15.35065746307373,34.067867279052734,4896.128466744803,0.2783735160910192,278.3735160910192
case_01663,0.2765530132151607,0.1405164067959678,0.1957374827137286,0.3871930972751429,-2.7644816815740007e-06,1.7708443350691345e-06,1.1266382132728894e-06,33.14240264892578,45.50499725341797,8215.52123061008,0.3461450311232986,346.14503112329857
case_01664,0.2468198721280906,0.3297762802269044,0.123720996561917,0.2996828510830879,-1.1673346407091098e-06,1.6904751528916468e-06,-1.725798762501137e-07,22.45767402648925,31.465131759643555,8241.848113311355,0.3987493889935685,398.74938899356846
case_01665,0.2629088457090861,0.1805156722196617,0.1317948919441694,0.4247805901270827,1.467622074020281e-06,-8.679617506827182e-07,2.2581126781631496e-06,28.945018768310547,47.66171646118164,10739.813795968776,0.2988181462318396,298.81814623183965
case_01666,0.4131300014464865,0.2607908428144411,0.0744226940569743,0.2516564616820979,-2.7148934567573377e-06,4.456222815425232e-07,-3.3723095412162734e-07,44.89279556274414,63.84648895263672,7474.265350180703,0.3163380584497372,316.3380584497372
case_01667,0.0693448516448927,0.058734504151329,0.1783887511141796,0.6935318930895985,-1.684228304971016e-06,1.998341647585282e-06,-1.2905482617494092e-06,19.843233108520508,24.945541381835938,3705.625303276687,0.1803407032709379,180.340703270938
case_01668,0.1155998774070297,0.0267076312881396,0.057724953119817,0.7999675381850135,1.237394991190692e-06,1.1286832575663326e-06,2.3760931377697344e-06,27.97703742980957,48.42180633544922,9613.752708253603,0.1529513892410134,152.9513892410134
case_01669,0.3516373609844161,0.1022008715469786,0.2836629329436397,0.2624988345249655,1.69590937693726e-06,-2.8730171161077702e-06,2.1693857054997385e-06,44.85865783691406,77.56315612792969,12285.063442401106,0.41461831619811,414.6183161981101
case_01670,0.2880281783543342,0.0717756964454887,0.5401343709987945,0.1000617542013825,-2.680895396284297e-07,-9.79765986614799e-07,-2.015760317541522e-06,22.891416549682617,32.99736785888672,12354.970462232655,0.2302637316723423,230.2637316723424
case_01671,0.563951676321061,0.0077390090123122,0.2219729433377119,0.2063363713289147,1.1884460308718932e-06,-2.133145820432368e-06,-2.8442338898764744e-06,40.70988464355469,50.17437744140625,7269.413609168874,0.2266210178099501,226.6210178099501
case_01672,0.2940632555297642,0.0283202752949612,0.5855046131171228,0.0921118560581517,-6.722869880706478e-07,-1.6021667275317656e-06,-2.460086661902276e-06,30.94794654846192,46.99468994140625,12712.246875337749,0.2124152450414673,212.4152450414673
case_01673,0.2291800707049335,0.3296364723333038,0.1673409642088902,0.2738424927528725,-2.0405205298552352e-06,2.4329368649479543e-06,-1.2807156086770978e-06,36.715518951416016,48.89918899536133,10592.550204055076,0.4599534722405327,459.9534722405327
case_01674,0.3073838974719782,0.1245434148941891,0.4690977364588146,0.0989749511750179,-6.111030388625609e-07,-2.778640266535391e-06,2.833558810450264e-06,35.46630859375,58.87842559814453,5817.982958165792,0.2637255876309988,263.7255876309988
case_01675,0.2774704990840263,0.4482718496103756,0.1560873557124388,0.1181702955931589,4.798069212188573e-07,-1.6811957282284576e-06,3.5109691896495005e-07,26.04939079284668,37.15671157836914,7868.402098117364,0.3789537947302343,378.9537947302344
case_01676,0.1066868355059932,0.295533831650126,0.4611382648917197,0.136641067952161,2.6883196911173417e-06,-1.1425838865706112e-06,-7.60429607824387e-07,26.20478630065918,31.62982177734375,4772.338468185381,0.2721752234610244,272.1752234610244
case_01677,0.286026962984714,0.6168425937668887,0.0273969530476864,0.0697334902007109,-2.587494287467936e-06,7.013044317983688e-07,2.3322965676764782e-06,34.43617248535156,65.6820297241211,2732.0195091687992,0.2902468161747853,290.2468161747853
case_01678,0.2263822050887323,0.3184203316283653,0.3568132581225295,0.0983842051603726,4.436456306976358e-08,2.0461014051519306e-07,-2.811820111290023e-07,3.593322992324829,4.965144634246826,6659.635931601616,0.3370909806323637,337.09098063236377
case_01679,0.0733459997426391,0.4513235812903987,0.2055879807586502,0.269742438208312,-1.0264813307356537e-06,-1.6903831028796834e-06,-1.1085682295938731e-06,31.2030086517334,50.158790588378906,32946.54372609831,0.4298747157932739,429.874715793274
case_01680,0.3819283955180904,0.020271524510238,0.4537524581224917,0.1440476218491798,4.9870165660167135e-08,-2.0145535966610736e-06,2.6473171724739447e-06,33.37106704711914,50.34779357910156,7054.739606142809,0.281213048055022,281.213048055022
case_01681,0.6019521787679949,0.0623724241018758,0.2732674574351443,0.062407939694985,-2.8561473157408102e-06,-1.5792117924232872e-06,2.097105997156068e-06,31.32986640930176,59.97042083740234,3653.68120465328,0.188376578729066,188.37657872906604
case_01682,0.5643670703078879,0.28518098521837,0.1066134444413497,0.0438385000323924,-1.121847871790512e-06,1.5177760209933392e-08,2.062010252516645e-06,21.431270599365234,34.2787971496582,2367.2897253480346,0.2046511533570366,204.65115335703663
case_01683,0.6551760761991924,0.1021502426594615,0.0424374927275385,0.2002361884138076,1.91920888516203e-06,-1.3729332857327794e-06,7.37084583012784e-08,17.07316780090332,23.255935668945312,2025.8447949521976,0.1696316112924129,169.63161129241297
case_01684,0.4844078219622911,0.0006458446717923,0.0457707901813321,0.4691755431845845,3.2365040312782505e-07,2.685615009646333e-06,1.73663039289273e-06,36.43652725219727,57.82407760620117,11435.245175609807,0.2232541441954896,223.2541441954896
case_01685,0.0599178843891908,0.0383780854039118,0.2696403218710638,0.6320637083358334,-2.965050431032955e-07,-2.168086714269148e-07,-1.923879844412689e-06,17.38738441467285,24.054275512695312,9046.220809351498,0.1998442313894032,199.8442313894033
case_01686,0.0916190522618395,0.7368649058556996,0.1606410324489127,0.0108750094335479,-1.2868495697079625e-06,-2.647223900732177e-06,4.3933774533746194e-07,33.993839263916016,50.05750274658203,11210.693606280389,0.2867623048075304,286.7623048075304
case_01687,0.7462561711888993,0.0791978201791794,0.0512055197762362,0.1233404888556849,-1.2117448632518646e-06,1.3755984350198006e-06,2.903075537085274e-06,28.45800971984864,45.84071731567383,3593.2704317189086,0.1467003624459728,146.70036244597284
case_01688,0.3449836602630473,0.0859734946167916,0.0013589925660152,0.5676838525541457,-7.013913984564933e-07,-1.0269282707460623e-06,-1.25424941689223e-06,19.65518951416016,29.300758361816406,13436.430830863854,0.2157821186559278,215.78211865592783
case_01689,0.1788017368878053,0.0837587309996062,0.7041025682739388,0.0333369638386497,2.013424259787362e-06,9.209335923494856e-07,1.7661139754860515e-06,27.25971031188965,40.29605102539063,11116.040649433338,0.1729092424737191,172.9092424737191
case_01690,0.3232759717343934,0.170956087226665,0.1760119953155087,0.3297559457234328,2.8032792408496105e-06,-1.322433776860608e-06,-5.712955675159638e-08,39.17533493041992,48.33062744140625,11017.528945424832,0.3900320258640797,390.0320258640797
case_01691,0.1994543068401911,0.2992423280257319,0.4678119671011618,0.0334913980329151,-3.6806771189775306e-07,4.244624503999193e-07,-2.7611659006674763e-06,29.26919937133789,38.10171127319336,6971.8049664085,0.2442342289352363,244.2342289352364
case_01692,0.4544817318504868,0.0848503845264459,0.0255335007171456,0.4351343829059215,-6.398829675134292e-07,1.6329150288447885e-06,1.5781163868940044e-06,25.07929039001465,43.935001373291016,8886.447458350794,0.2417435537553824,241.74355375538244
case_01693,0.4833677061560728,0.086069389608809,0.2686411100837546,0.1619217941513634,2.079304654919177e-06,2.568052450647324e-06,-1.9885851336473234e-06,40.62714767456055,56.75452423095703,7542.945624392922,0.2850017949898487,285.0017949898487
case_01694,0.2043876382435166,0.092494815333316,0.6944968124736143,0.008620733949553,-4.385680761821783e-07,-1.4332371334015377e-06,7.888414027965011e-07,13.115413665771484,15.559662818908691,4381.116410093265,0.1749719596218554,174.97195962185546
case_01695,0.2015988615711107,0.3023037660699419,0.3215413781280236,0.1745559942309237,3.121090337739073e-07,-9.908582940061129e-07,-2.486014835718163e-06,43.53750228881836,67.4645767211914,19128.12677307206,0.4403079675238673,440.3079675238673
case_01696,0.1672570735572463,0.2659448918681525,0.3574603577782179,0.209337676796383,-1.6143500124075337e-06,-2.1440147828436217e-07,2.681204384975789e-06,38.927978515625,50.47089385986328,10552.777163010303,0.4332131940880944,433.2131940880944
case_01697,0.39517901922751,0.1662458716033705,0.3633863323677621,0.0751887768013573,1.4610152146744512e-06,2.563049026415933e-06,-1.2496566769178346e-06,45.29831314086914,52.444522857666016,9633.527736978356,0.3099166597368565,309.9166597368565
case_01698,0.2739135453480119,0.2053882711539468,0.3394787171795965,0.1812194663184448,1.9192990962469128e-07,2.4083211408639426e-06,-1.6412118499356306e-06,34.035888671875,43.16350555419922,10460.962182975383,0.4034508426311103,403.45084263111033
case_01699,0.7265984084337578,0.0836246412346824,0.0229993512740088,0.1667775990575506,1.8542073014420496e-06,-2.460730319396172e-06,-2.225181575601994e-06,30.0465030670166,56.008113861083984,3018.0495576454664,0.1497305486989873,149.7305486989873
case_01700,0.0561069938465661,0.1117904359182389,0.2363591236102571,0.5957434466249377,1.6843963801720183e-06,-2.208421045477135e-06,2.676013160034287e-06,27.808258056640625,32.93620681762695,5528.11590562726,0.2207391301702299,220.73913017023
case_01701,0.1392965618088395,0.3944337463776635,0.3299556297830019,0.1363140620304948,-1.7099713903798283e-06,-2.6944936016170352e-08,1.2714224546478309e-06,20.719528198242188,27.452363967895508,6697.227849290154,0.3621315960806346,362.1315960806346
case_01702,0.1744693296715526,0.163495267227936,0.6390560236399954,0.0229793794605159,1.2938133033465744e-06,-2.360284363167459e-06,1.4499653323085323e-06,21.621562957763672,29.40733528137207,3459.361421143211,0.188656475451232,188.65647545123204
case_01703,0.0054015699579611,0.6644533713313368,0.2714287975395204,0.0587162611711815,1.8003264477082282e-06,-9.265147599078154e-07,-3.5726317185323182e-09,18.100902557373047,23.894847869873047,4818.81152402989,0.2837321185545159,283.732118554516
case_01704,0.0435787066556468,0.4373268471440255,0.3183916898755748,0.2007027563247529,-9.233565553056294e-07,-2.109687730695134e-06,-1.516332883770995e-07,31.57469940185547,50.71506881713867,22487.988854186224,0.4043797752307627,404.3797752307627
case_01705,0.0777459006575126,0.0867733726678616,0.4368777535541173,0.3986029731205084,-1.964345322586353e-06,8.162421307913152e-07,-2.3398725420511404e-06,31.078044891357425,42.06949234008789,13867.280139644066,0.3057831124921152,305.7831124921152
case_01706,0.1023325061891787,0.7035203600963968,0.0927450823889429,0.1014020513254815,-2.984207066522471e-06,2.6969725904349705e-06,3.590465735039505e-07,35.63561248779297,43.458595275878906,4474.526260443924,0.3096408194889248,309.6408194889248
case_01707,0.2549707254510193,0.1174308817485701,0.6065133440902268,0.0210850487101836,-2.945780814411112e-07,2.980402621766289e-06,-1.5185010293472574e-06,27.483396530151367,33.329559326171875,4217.50975154706,0.1998158360697632,199.81583606976324
case_01708,0.1248483946233884,0.4369305969653647,0.4085575275876763,0.0296634808235705,-8.854036107669504e-07,-7.48553205018511e-07,2.8628719968024348e-06,27.06653213500977,36.76255798339844,4052.552886796215,0.2502175284308138,250.2175284308138
case_01709,0.0906475743009403,0.1915861031708664,0.0344624443249545,0.6833038782032387,3.294590029524535e-07,5.940758226876736e-07,1.7794856400908842e-06,16.753454208374023,25.288471221923828,8709.970838821931,0.1769210954914317,176.9210954914317
case_01710,0.8599188424846907,0.0637953643901043,0.0451051893756276,0.0311806037495772,-1.871753444467285e-06,2.137605921144488e-06,-5.220476388426746e-07,16.970745086669922,24.21331596374512,1096.1730815884914,0.1252943479116256,125.29434791162566
case_01711,0.640290909760818,0.0573714358199854,0.1435165738414643,0.1588210805777322,2.157993285998852e-06,-2.2952275632216963e-06,-2.091952447850802e-06,29.98942756652832,39.64158248901367,3159.810734965001,0.1813264265098704,181.3264265098704
case_01712,0.2327492812032543,0.0189593759760815,0.0654993845893035,0.6827919582313606,-1.4534687062313422e-06,1.1373864663117896e-06,1.711990146832704e-06,18.48357391357422,25.03632545471192,4296.034649634941,0.1800283547548976,180.02835475489766
case_01713,0.5525664304749434,0.3513618249500275,0.00452881598443,0.0915429285905991,-1.6414223694741002e-06,-5.469380296495904e-07,-2.267677397512104e-06,46.92759323120117,78.2896957397461,7515.860296001006,0.2026594245080003,202.6594245080004
case_01714,0.2095351833903356,0.0682053404233911,0.5093188641048207,0.2129406120814522,-1.1571566109386437e-07,-1.7631230383190155e-06,-1.8639974790175767e-06,27.226179122924805,42.484500885009766,14111.794117610676,0.2555274532034991,255.5274532034992
case_01715,0.0130527762537633,0.4192666181643455,0.55353020184872,0.014150403733171,-6.893857534354486e-09,-5.834782875153481e-07,-1.7308768935346355e-06,18.188983917236328,24.24920082092285,6328.570669526072,0.1965868825792685,196.5868825792685
case_01716,0.41794976638838,0.1987821510035734,0.2743752133181451,0.1088928692899015,-1.709488627289443e-06,-2.544238278210499e-06,3.413438296385664e-07,47.44514083862305,59.04768371582031,12835.9631577463,0.3271891270264624,327.1891270264624
case_01717,0.1790893729278371,0.6578131060404375,0.1451340888240942,0.0179634322076312,-1.3688356396445054e-06,1.1724428915358346e-06,1.7223399239421976e-06,25.37705421447754,32.41269302368164,6475.022563552263,0.3068824170096078,306.88241700960776
case_01718,0.2486589421403519,0.1068695654304395,0.4978954729762512,0.1465760194529573,-1.9817685650685305e-06,-1.4835439875092816e-06,-1.1141107276518468e-06,28.663986206054688,37.48728561401367,16715.346293029255,0.2553570812856589,255.3570812856589
case_01719,0.0974086198456583,0.0964328868323436,0.6658040520447565,0.1403544412772416,1.3107610699390007e-06,-1.131566129730732e-06,-2.4919811143482634e-06,22.4279842376709,29.39362525939941,5239.287723390765,0.1873624601704936,187.3624601704936
case_01720,0.5393378957949448,0.0852931947339717,0.1436090100751457,0.2317598993959377,1.6205341875244915e-06,-2.273512210551224e-06,-2.1276921885348505e-07,26.11477470397949,34.87983703613281,3870.789007007814,0.2368838976227033,236.8838976227033
case_01721,0.4605443295869194,0.4310247196488136,0.0372158858631679,0.071215064901099,-2.2602901524430415e-07,2.1879546833393503e-06,1.4886614469596129e-06,43.0086784362793,82.16724395751953,6996.873847873942,0.2465869839911244,246.58698399112444
case_01722,0.0425529931117768,0.1875866366785569,0.1623266611651007,0.6075337090445655,1.284522136110105e-06,-3.9334324303568334e-08,-1.6700169414756702e-06,15.59087085723877,19.091880798339844,3915.0785876256286,0.2113849005859577,211.38490058595767
case_01723,0.4369927628031909,0.0795009625703868,0.1112075711619131,0.372298703464509,1.415612351624673e-06,4.328812667184018e-07,-1.6804527117637547e-06,27.334516525268555,33.13907623291016,6643.994685884894,0.2900358795146023,290.0358795146023
case_01724,0.6368490892979934,0.0014193560314379,0.1494717197060007,0.2122598349645677,-2.1703468339331484e-06,4.165960985691278e-07,2.683362164080265e-06,26.30264663696289,33.007850646972656,2411.593144862614,0.1838454970093643,183.8454970093644
case_01725,0.16804031400989,0.14332442391253,0.0247987480243161,0.6638365140532638,2.7970681490072204e-06,-5.370413127519497e-07,2.724922362715068e-06,32.802371978759766,55.20186614990234,7994.995156202816,0.1821945119960084,182.19451199600843
case_01726,0.1359412475939289,0.0240035682509707,0.117250863441996,0.7228043207131042,1.9261916825785857e-06,-1.8448205073711635e-06,2.942794392369459e-06,27.30559539794922,36.81075668334961,4768.145644276947,0.1698303785298931,169.83037852989315
case_01727,0.2757914761198526,0.0954216556572703,0.0777983339737598,0.5509885342491172,-1.773099232825059e-06,1.4707964909903991e-06,1.8459576094486808e-06,22.467498779296875,34.13542556762695,5479.233139187114,0.2239275189183817,223.9275189183817
case_01728,0.2235903150897499,0.242248402409098,0.3447238047716792,0.1894374777294729,-1.8830097855235784e-06,-2.237662407853954e-06,-1.8708949849923264e-06,51.04127883911133,72.48434448242188,31005.72072614894,0.4206218980648589,420.62189806485895
case_01729,0.1088915764906254,0.5518067313695479,0.2181003781863005,0.1212013139535261,-2.246033126522504e-06,-2.3767572583271373e-06,-1.7281108752044318e-06,53.10072326660156,75.32711029052734,26211.993555772664,0.367778208214766,367.778208214766
case_01730,0.7086252986189036,0.0129216748285154,0.0614043502375977,0.2170486763149833,-2.16972862474849e-06,1.2608702255790209e-06,-9.586485508656484e-07,20.80234718322754,28.406801223754883,2984.673204001973,0.1546226566255407,154.62265662554077
case_01731,0.3734727048519677,0.0157684201041497,0.2015545294383306,0.4092043456055519,1.4889707941721774e-06,-1.7469778772880972e-06,-1.091204811999055e-06,24.171051025390625,31.4438591003418,9451.454549933023,0.316110895892617,316.11089589261707
case_01732,0.4437490082867144,0.3766567831058304,0.1432118391097582,0.0363823694976968,-1.820744582902585e-07,-1.159363491883006e-06,2.739166494468055e-06,32.86054992675781,53.59321975708008,2906.009872787502,0.26357549808433,263.57549808433004
case_01733,0.129886081364613,0.0321369234927132,0.6876621061767807,0.150314888965893,1.6976050364392032e-06,-1.4863519798955877e-07,1.7344438972901617e-06,20.86896324157715,30.15534400939941,8864.801150911819,0.1798397287030032,179.8397287030032
case_01734,0.1318026807414328,0.5020598487702989,0.237970368155148,0.1281671023331202,1.477529366101233e-06,-3.0389209962272295e-07,1.3440527529693234e-06,28.07737159729004,40.01802444458008,17488.658290103474,0.3866651522496192,386.6651522496192
case_01735,0.3441668082674911,0.4157146970970871,0.230211811925582,0.0099066827098399,6.276762810313298e-07,1.251474750389995e-06,-1.884220655651209e-06,27.798946380615234,92.63754272460938,3195.691909136061,0.3018807842787284,301.88078427872847
case_01736,0.3114115704167958,0.5371031107211652,0.0547058541014019,0.0967794647606367,1.1181996394720775e-06,7.405907606601657e-07,2.4571533561739778e-06,48.02103042602539,81.02645111083984,10246.51606513277,0.3065741249678017,306.5741249678017
case_01737,0.509719654385766,0.0048387198089858,0.3326112899443665,0.1528303358608814,-2.889865653725149e-06,8.663769736911942e-07,1.967222277037043e-06,39.2985954284668,42.37732696533203,5197.323554003143,0.2554584931415162,255.4584931415162
case_01738,0.2147534316447088,0.0025835740582231,0.6208634846320641,0.161799509665004,-1.1293341191698684e-06,1.2843259839327438e-06,-2.0181489520324578e-06,20.78176498413086,28.7740478515625,5550.972446098011,0.1992012802232683,199.2012802232684
case_01739,0.1246084661417036,0.1811069513480862,0.1941959580477085,0.5000886244625014,8.269330755564611e-07,-1.244323635459208e-06,2.227021991765836e-06,23.399951934814453,28.368452072143555,7092.835886003754,0.2697494518689191,269.7494518689191
case_01740,0.1411723147201142,0.0950660939759292,0.5723602077271881,0.1914013835767683,-2.943930279082535e-06,-1.0660001291971583e-06,-1.3665147817771723e-06,33.234519958496094,50.13663482666016,13404.907823127236,0.2248118303014568,224.8118303014569
case_01741,0.1270029965806631,0.0485023864552343,0.663173598974744,0.1613210179893583,-2.80213833790444e-06,-3.720135126266751e-07,-2.514781525007364e-06,34.58132553100586,50.06578063964844,10608.649064550986,0.1881088514296029,188.1088514296029
case_01742,0.3778302766944553,0.2226073361904201,0.0775836739141844,0.32197871320094,2.1113278948223e-06,-1.1552269617988436e-06,9.4093383908526e-07,38.828857421875,46.75626754760742,8668.560036100671,0.3312537142092208,331.2537142092208
case_01743,0.0319446261578768,0.27213868269273,0.4036371724140089,0.2922795187353844,1.1041491701524308e-06,2.9096272138251808e-06,9.22827956305984e-07,42.886329650878906,71.81790161132812,35121.17757767472,0.4555521976963282,455.5521976963283
case_01744,0.296637558593531,0.3780095283001419,0.3168498053706129,0.0085031077357138,-1.4077816012779362e-06,1.8843115585285777e-06,-2.430407942606292e-06,39.33853912353516,54.55441284179688,6056.166441252502,0.3079817215271003,307.9817215271003
case_01745,0.0391197618504579,0.1394152310882054,0.4949316495470017,0.3265333575143349,1.127777040712254e-06,-2.0120718704638225e-06,-1.0868891463805058e-06,23.145627975463867,31.395936965942383,10163.716862157886,0.2991264382736457,299.1264382736457
case_01746,0.54254522145867,0.106031576789924,0.1646965734181978,0.1867266283332082,1.7547400148355794e-06,-2.966435064708783e-06,2.956886773533232e-06,38.09710693359375,55.62277603149414,3814.865246748292,0.2357764801567421,235.77648015674217
case_01747,0.0501579774508027,0.0092451220180937,0.8599316429124876,0.0806652576186158,-1.1592343013393924e-06,-2.7433003905163928e-06,1.070560002052421e-06,22.185754776000977,28.97208023071289,4419.543462829417,0.1414066635702246,141.40666357022465
case_01748,0.0709612323648539,0.022516975606807,0.6823187322275913,0.2242030598007479,-2.783775735004875e-06,-1.5356192937424485e-06,1.3804509996199752e-06,25.969388961791992,32.0125732421875,5697.178941677785,0.1816793397682536,181.6793397682536
case_01749,0.223476917904949,0.4929152778880518,0.0861755326867674,0.1974322715202315,2.596674748126408e-06,-2.3142522849788606e-06,-1.722496286374166e-06,40.85423278808594,64.86699676513672,7365.280152089218,0.3721145791712217,372.11457917122175
case_01750,0.01136690845706,0.0593862453807355,0.511098034646551,0.4181488115156533,-9.289209702262171e-07,2.000286893554328e-07,-2.527307573976514e-06,26.057756423950195,38.32199096679688,11566.094668562902,0.2488180448199838,248.8180448199838
case_01751,0.2589288634623602,0.2835956627827627,0.4573309285624672,0.0001445451924096,-2.3611094202917618e-06,2.147971336364152e-06,-1.338589861554374e-06,29.54006576538086,43.05436706542969,5214.434941171736,0.2465626451457186,246.56264514571868
case_01752,0.1132710172984391,0.0957972344883452,0.1182973727491016,0.6726343754641141,-4.885877164111556e-08,1.4205013254793646e-06,-1.5066096888408482e-06,14.901796340942385,18.229570388793945,3388.059852225769,0.184569577660185,184.56957766018508
case_01753,0.1009502334006976,0.0654230751229353,0.2159353691133609,0.617691322363006,1.6108067739848026e-06,-1.7063456215068576e-06,-1.5927353955116814e-06,20.004125595092773,27.60243034362793,5288.044145691303,0.2060912017102095,206.0912017102096
case_01754,0.1269579268220166,0.0375944316696035,0.2025545815135196,0.6328930599948601,-1.6701161122946452e-06,-6.04204463845285e-07,-1.843474068677763e-06,24.105695724487305,35.87497329711914,12265.44832273285,0.1981486251594701,198.14862515947016
case_01755,0.1099063027122733,0.2331454119257592,0.4408007972341767,0.2161474881277907,-1.38305969919982e-06,4.73652571876659e-08,4.485341439324261e-07,15.139044761657717,21.404577255249023,8124.817372227298,0.3281667373169262,328.16673731692623
case_01756,0.1595690668188262,0.117183812750594,0.0070480685278301,0.7161990519027496,-1.5437100792085011e-06,1.8612350970200133e-06,-1.0313791449490696e-06,17.90534210205078,19.730743408203125,3230.8724217655645,0.1689906883633951,168.99068836339518
case_01757,0.2323055252919361,0.0793187662981293,0.5277256021748095,0.1606501062351251,2.950038316990069e-06,2.034729618636989e-06,1.9220700902851828e-06,42.25076675415039,59.378543853759766,16053.9596972449,0.2406929269287013,240.69292692870133
case_01758,0.2116697882374106,0.2122442629042614,0.1417217148103026,0.4343642340480254,-1.8155775976167448e-06,2.4583098714466555e-06,-1.896315492915696e-06,30.04773712158203,36.273956298828125,6401.402369723604,0.2968426432797405,296.8426432797405
case_01759,0.1113648987103053,0.2153766007209135,0.2791083878417745,0.3941501127270066,4.531213017967438e-07,5.54715030172509e-08,-2.1223757478873293e-07,5.805033683776856,7.462131977081299,14482.294612079311,0.436608463022195,436.6084630221951
case_01760,0.4734749147109123,0.1551757632283862,0.3209109424347408,0.0504383796259605,2.551587849941786e-06,1.1656484786151774e-06,-2.91805298144352e-06,43.08803176879883,62.37185287475586,4513.668970358853,0.2572798500727123,257.2798500727123
case_01761,0.5983306008347109,0.1071169336021513,0.2899946522724158,0.0045578132907217,-2.118620586733325e-06,-2.329197772596377e-06,-1.099060652688477e-07,33.953243255615234,48.45322799682617,8651.950891616721,0.1811722804889674,181.1722804889674
case_01762,0.0612021819149431,0.177928573075926,0.5612048727139544,0.1996643722951764,2.825125187206201e-06,3.9173375972389273e-07,-2.664970674741154e-06,29.137529373168945,34.54873275756836,4528.510911766326,0.2366323962201773,236.63239622017733
case_01763,0.6449342781414763,0.1604817334497731,0.1636295891898046,0.0309543992189459,2.684863406373748e-06,-1.5078491431731893e-06,2.866341071235862e-06,42.60231399536133,74.64633178710938,4503.597124780258,0.1726496281227245,172.64962812272458
case_01764,0.2450514647382171,0.0428315622438077,0.3471168762269107,0.3650000967910643,2.307431922349576e-06,-4.0969868984033364e-07,1.7435527719024768e-06,30.075448989868164,47.87744522094727,18951.661385220872,0.3512034544934579,351.2034544934579
case_01765,0.4597841169565075,0.1176548595020327,0.1810829410358486,0.2414780825056111,-1.7126608720199865e-06,8.043030498403164e-07,-5.933114018126794e-08,26.363224029541016,29.283336639404297,7286.14613742278,0.311364821038498,311.364821038498
case_01766,0.07879058312037,0.5154481207736227,0.0195812991944569,0.3861799969115505,8.043303360659e-07,-1.4580843728773134e-06,-2.4804758509238983e-06,31.837854385375977,37.80750274658203,4838.470570834072,0.2431349244177438,243.13492441774383
case_01767,0.1209554433807178,0.1452492442869789,0.3265634906551847,0.4072318216771184,1.5653488377674407e-06,-2.6868896532194337e-06,5.546726447424856e-07,33.02742004394531,43.27610397338867,10490.883153491955,0.385809236186184,385.8092361861841
case_01768,0.4990816287841326,0.0395513893861778,0.358245183113213,0.1031217987164764,2.916167569178578e-06,-2.938596861547455e-06,1.5525825042112655e-06,45.16253662109375,49.18669891357422,5373.138106084785,0.2477227967767255,247.7227967767256
case_01769,0.2121584646119259,0.2522425756161255,0.2022802260812685,0.33331873369068,-1.9174570675117774e-06,-2.867042786732871e-06,-1.8556964819715285e-06,60.03586196899414,109.96524810791016,33351.463991466255,0.4431961771786816,443.1961771786816
case_01770,0.1324752500652007,0.4693418455109693,0.1836984708966899,0.2144844335271399,1.5961553971157783e-06,-2.949901574917382e-06,4.092500447249451e-07,36.3814811706543,53.62846374511719,8430.350329131054,0.4339190206048608,433.91902060486086
case_01771,0.3382049330001179,0.0060001055871562,0.3436728467966918,0.3121221146160339,-9.671929804373225e-07,-2.337869660652747e-06,1.885265390297208e-06,32.87918472290039,37.78035736083984,11219.364820968913,0.3619571676885601,361.9571676885601
case_01772,0.1187553345120243,0.0287246574423405,0.0305306073261627,0.8219894007194724,-1.946241206591986e-06,-1.5630677125792207e-06,1.6094866658778978e-06,19.08670425415039,26.076868057250977,3648.479940193784,0.1481404107991457,148.14041079914568
case_01773,0.4421389010352363,0.0514202805422399,0.1668828949362607,0.3395579234862629,-4.717383527168705e-07,-1.672670914906205e-06,1.8179521072029167e-06,27.64165687561035,35.43757247924805,7571.891627554458,0.3108780441303831,310.8780441303832
case_01774,0.4174121579034584,0.0103221772249148,0.0624324994760242,0.5098331653956025,1.763015472891698e-06,2.920779565079381e-06,2.275940549218318e-06,47.75078582763672,82.14091491699219,15169.15161933739,0.244607424564791,244.60742456479105
case_01775,0.0021026030134653,0.0513545135137342,0.7295261056506811,0.2170167778221193,-2.1090117777568725e-07,-1.1639633687463407e-06,2.626092612956821e-06,20.864761352539062,31.40673446655273,3762.950601642854,0.1716273966156835,171.62739661568355
case_01776,0.4448165447089205,0.1016718775912554,0.0419299374202572,0.4115816402795668,2.251386012182909e-07,-2.2354752998436053e-06,-5.668730687787843e-07,34.55278015136719,45.70186233520508,9595.050465043843,0.2559696088950367,255.9696088950367
case_01777,0.3307006031932016,0.0833769211182121,0.1975711577034563,0.3883513179851299,2.970956461200728e-06,2.7337526500654773e-07,4.126146151372637e-07,40.49337005615234,68.46966552734375,15898.047982704176,0.3345272889162926,334.5272889162926
case_01778,0.1361340469246064,0.0551215393227183,0.1890139902870405,0.6197304234656347,-6.053442026554438e-07,2.14774473238505e-06,1.743957156273665e-06,23.955053329467773,39.15997314453125,8460.089190967557,0.2037708984481958,203.7708984481958
case_01779,0.4377000344320642,0.0182684367836431,0.3164314644961332,0.2276000642881592,6.924045282554391e-07,1.068362260726051e-06,1.1828388836746986e-06,25.39362525939941,38.79814910888672,23836.0566716342,0.339236855502303,339.23685550230306
case_01780,0.4415656252517196,0.0242395386970975,0.1416719635753936,0.3925228724757891,-8.085347903077687e-07,-1.223507465187298e-06,2.9731213695862733e-06,42.72808837890625,51.92453384399414,7349.905294221252,0.2880603765625031,288.0603765625032
case_01781,0.3330347244272826,0.4151440401632014,0.0461148634655873,0.2057063719439286,-6.432861220277705e-07,3.696969587487299e-07,-2.9179340933721354e-06,47.14339828491211,139.0977020263672,5268.756101954866,0.3260695401377984,326.0695401377984
case_01782,0.0924179748457179,0.6837852101170089,0.0782609172532271,0.1455358977840461,1.1738445206724489e-06,1.2891358452024548e-06,-8.692007081052558e-07,21.74345588684082,29.59286499023437,8537.86163736165,0.3151413985506217,315.1413985506217
case_01783,0.3374200490279748,0.0536646254166972,0.2020939051577716,0.4068214203975563,2.627321856569301e-06,1.3686269542064542e-06,-1.3138324423787853e-06,34.612579345703125,48.70926284790039,11303.628879571696,0.3190234443928371,319.02344439283706
case_01784,0.4753999600805612,0.2320493448474539,0.2607210651240548,0.03182962994793,2.541537029539285e-07,9.992307317861333e-07,-1.4261048990067924e-06,18.537010192871094,23.24551773071289,3323.0983510002834,0.2535073290348228,253.5073290348228
case_01785,0.6003746674131735,0.0292963660422679,0.3069605391950151,0.0633684273495435,1.6103995736926789e-06,2.224862548653708e-06,-1.6648213050066854e-06,26.38071060180664,35.59943389892578,4035.6252963398906,0.1871596364587791,187.15963645877912
case_01786,0.4813808934796335,0.2259299308062786,0.2488004436770668,0.043888732037021,-2.464760647098217e-06,2.220632750064626e-06,1.2547430448913742e-06,32.79359817504883,41.72599029541016,3505.605140894072,0.2543105109332121,254.31051093321216
case_01787,0.1871976162731158,0.3076490409446719,0.4700432545098035,0.0351100882724089,-1.7330517754084385e-06,4.736193564420198e-07,-2.491443160348069e-06,31.88492584228516,44.09010696411133,8453.449632205702,0.2430903032011666,243.09030320116665
case_01788,0.4353051103254851,0.2932202033378235,0.0418323953524578,0.2296422909842335,1.2789845517194523e-08,-4.208617853327263e-07,1.4496530036600298e-06,18.18273162841797,25.751953125,4384.323749999721,0.2824421597480118,282.4421597480118
case_01789,0.2812428377153901,0.2385274741044347,0.1453450749960078,0.3348846131841672,-2.8799296582273512e-06,8.49421773390599e-07,1.1605550520976404e-06,39.25459289550781,47.793739318847656,9379.431330686228,0.3896953385026336,389.69533850263366
case_01790,0.3246362473915536,0.1312548319197872,0.2460695083808927,0.2980394123077665,-1.4828701274246472e-06,1.9092720082227787e-06,-1.4951752049946216e-06,31.248703002929688,41.9055290222168,12662.657935488356,0.4229381448526384,422.9381448526384
case_01791,0.3206680571763355,0.0137809167109714,0.5072618196761493,0.1582892064365438,1.044077389497968e-07,-2.966087370952892e-06,-1.4829973010090324e-06,35.10573196411133,55.28903579711914,12174.359649760618,0.2489275696243096,248.92756962430963
case_01792,0.089005056107305,0.0809301644385097,0.1929202141710265,0.6371445652831587,-2.910232810462196e-06,2.9519820540891064e-06,7.731635120670133e-07,30.643573760986328,34.9780387878418,3963.6382355559927,0.1991424613468711,199.1424613468712
case_01793,0.1822211527220454,0.5309762094299579,0.0390344007822782,0.2477682370657183,-1.41272228264375e-06,-1.9026373660248047e-06,1.5730266329020673e-06,29.6702880859375,36.599609375,5502.181717744522,0.3246376047330941,324.6376047330941
case_01794,0.6658241462285546,0.2045613465763789,0.0328602779583017,0.0967542292367648,8.418491685521688e-08,-1.7850608604014297e-07,2.258913678524193e-06,22.19315719604492,33.89053726196289,4040.259954118837,0.1674167763604907,167.41677636049076
case_01795,0.070345947615085,0.1392965469585412,0.4003994103366306,0.3899580950897431,4.388954878874741e-07,2.2321784090572005e-06,2.1128373831268543e-06,42.87384414672852,60.5507698059082,26205.4245158364,0.3730678506162798,373.0678506162798
case_01796,0.0618106665650496,0.6097282307594686,0.2143626963731483,0.1140984063023334,2.5545101583318333e-06,-1.6497576057348035e-06,2.78929796498312e-06,47.106056213378906,61.128509521484375,10163.893750515475,0.3397560842042921,339.75608420429216
case_01797,0.2238988816818125,0.2984297304255123,0.2636357448696388,0.2140356430230363,8.720737395036469e-07,-1.392286565977008e-07,4.883093720190669e-07,14.665234565734863,25.2551212310791,24452.438845356904,0.4798383089370212,479.8383089370212
case_01798,0.20969837251786,0.0578885964177076,0.4996584733421514,0.2327545577222807,-5.115851848200375e-07,-2.204506918912925e-06,2.4519333680421578e-06,27.652183532714844,47.74665451049805,5860.713448968473,0.2617825364727739,261.7825364727739
case_01799,0.0194289687829065,0.2009361636179741,0.3726379735269978,0.4069968940721216,2.582107062798407e-06,-6.295420476708444e-07,1.851079639562465e-06,34.707942962646484,74.25659942626953,24239.501793297688,0.4232484651315616,423.2484651315616
case_01800,0.3162161067167027,0.1000016111585579,0.501740735489437,0.0820415466353023,1.7092979003267653e-06,-1.937187271241985e-06,2.3680057458840813e-06,30.0883731842041,44.83943557739258,6672.588754784879,0.2462259577842726,246.22595778427265
case_01801,0.7278697858118333,0.0543177824492293,0.0780321290068778,0.1397803027320595,-1.7999464733235143e-06,-8.18233507373058e-07,-2.9302403922878e-06,35.08369445800781,53.86693954467773,8632.017145705535,0.1517506728676636,151.7506728676636
case_01802,0.1687634818721531,0.5529716777248735,0.2128571531660142,0.065407687236959,-2.2149458319070813e-06,-7.59214699243668e-07,2.795417951194866e-06,33.18665313720703,40.274635314941406,5721.329399600532,0.3453743010187835,345.3743010187835
case_01803,0.1461094716820111,0.3343981629504788,0.0749721976353494,0.4445201677321606,1.054869814456398e-06,2.959024737589996e-06,-1.5881902292112997e-07,32.62400436401367,43.40928268432617,8727.630070521851,0.2597867511495034,259.7867511495034
case_01804,0.1143028116874261,0.1718693074534105,0.380384371388599,0.3334435094705644,3.592989934619029e-07,2.968878175822634e-06,1.789097937449058e-06,45.63024520874024,72.93958282470703,31342.80541413296,0.4284306109658668,428.4306109658668
case_01805,0.788845873685933,0.0758168209223075,0.038106268569352,0.0972310368224074,1.7380416827565346e-06,-2.311282328036325e-06,-2.236775283973315e-06,29.89509010314941,38.01044464111328,2797.097369958873,0.1378775309863925,137.87753098639254
case_01806,0.2850351126524594,0.452275122916276,0.2479546405789478,0.0147351238523167,1.4328303004721189e-06,1.3558126759700833e-06,-6.243534251161556e-07,28.977436065673828,36.787933349609375,6426.197483638937,0.3172994428432639,317.29944284326393
case_01807,0.7202658934412874,0.1346192541165686,0.002287262996067,0.1428275894460768,7.512692031450905e-07,-2.689527121985393e-06,-1.3712360218740546e-06,29.54401016235352,43.15901184082031,4501.156833876783,0.1509353215465713,150.93532154657134
case_01808,0.0249960033455772,0.4160309662204518,0.2190547280143591,0.3399183024196118,2.918293029773353e-06,-2.818847907976868e-06,-1.250047376994378e-06,43.09405899047852,56.266902923583984,8127.454520027264,0.409466593920562,409.4665939205621
case_01809,0.2049359193816021,0.4382459055146074,0.2339893224345298,0.1228288526692608,2.0153838066245218e-07,-2.367996634530214e-06,-2.2604662802947097e-06,55.2832145690918,89.42118835449219,18830.92353588674,0.4055642657071753,405.5642657071753
case_01810,0.345200195905966,0.4759694157819665,0.0257264074666623,0.1531039808454053,-2.321365460989681e-06,2.792913942047604e-06,1.8345829952580425e-06,52.22225189208984,94.91569519042967,3480.242849377259,0.2987410732213881,298.7410732213881
case_01811,0.0963878850794637,0.0138783515759205,0.3179245619614325,0.571809201383183,1.96964138889593e-06,2.645181287368184e-06,-2.944546112513531e-06,32.47958755493164,42.0668830871582,5483.748040202581,0.2184553351763248,218.4553351763248
case_01812,0.0285475672820744,0.2686771953600065,0.3082522909004433,0.3945229464574757,-1.488879825925746e-06,-1.8364330783159173e-06,-1.124967258088785e-06,34.436431884765625,55.678592681884766,42912.70400727189,0.4654215995083553,465.4215995083553
case_01813,0.0802470607008308,0.6098895171492157,0.100646367437046,0.2092170547129074,1.6638128888635097e-06,-2.0299659866777307e-06,-1.95353674070151e-06,35.62058639526367,50.743408203125,8167.248214709007,0.3376061528601186,337.6061528601186
case_01814,0.0264581761705024,0.0229078148191318,0.6505342479410742,0.3000997610692913,2.7426425760003084e-06,-1.556789480904318e-06,5.342336436500428e-07,24.22310256958008,30.92379570007324,4956.656478787914,0.1926074813554303,192.60748135543028
case_01815,0.1832049811300861,0.130691444233093,0.6858550848510336,0.0002484897857871,1.180773083786048e-06,9.328196445085301e-08,-1.4744855843127369e-06,14.295282363891602,15.521790504455566,3212.3112367899425,0.1756108543137561,175.6108543137561
case_01816,0.6766819437243307,0.0340815498329468,0.0877408144969875,0.201495691945735,5.761809656988068e-07,4.182277922124593e-07,-1.446009272831402e-06,10.902122497558594,15.852892875671388,2007.1621780078435,0.165895598522632,165.89559852263207
case_01817,0.1378908773284368,0.0911555891726973,0.0803900066100358,0.6905635268888299,-2.376829459497566e-07,-1.670439417363316e-06,-6.99711360280877e-08,14.40695858001709,20.21439743041992,7319.054888139794,0.177947383472707,177.94738347270703
case_01818,0.2779340265693607,0.0064230235785343,0.1523492302944528,0.5632937195576523,-8.135408040275804e-07,1.539736728539671e-06,9.16134236045554e-07,15.644412994384766,23.005483627319336,7076.159861358972,0.2219155076981739,221.915507698174
case_01819,0.1276745784015954,0.0353496426182161,0.5054950900149523,0.3314806889652361,-8.819714941689826e-07,-1.1426809835840955e-06,-2.272171772609018e-06,27.62960624694824,39.771217346191406,16138.84525771198,0.2546390853461897,254.6390853461897
case_01820,0.4170352756136273,0.0271862308846251,0.0747493013144307,0.4810291921873166,8.182362342575438e-07,2.532787953176462e-06,-1.946931285207023e-06,43.79094696044922,62.386138916015625,6629.573947320751,0.2562170538233284,256.2170538233284
case_01821,0.1133749033973832,0.3412956724797272,0.3830875695502339,0.1622418545726557,1.5076387016264752e-06,9.403362387403836e-07,-1.5169515324328944e-06,20.51537704467773,27.85289192199707,5783.920522433039,0.333776841182949,333.77684118294906
case_01822,0.4800775213149273,0.2992632812409824,0.2075099246067597,0.0131492728373304,1.0711024169064865e-06,-3.818928341783298e-07,2.842489284707763e-06,38.31596755981445,50.171783447265625,5494.940480967527,0.2416421418995251,241.6421418995252
case_01823,0.0233980099996611,0.141564978394365,0.0365381946646479,0.7984988169413257,-1.809539392838624e-06,1.7394720102170725e-06,-6.170850003424781e-07,17.858226776123047,21.31171226501465,2811.2647026462346,0.1520346260640639,152.0346260640639
case_01824,0.074596864245669,0.2888868222284825,0.1956826247025005,0.4408336888233478,-3.6076919139052936e-08,1.9074877562799884e-06,5.93940543786159e-07,19.84845924377441,26.85258102416992,11759.330541213272,0.3109916254089433,310.9916254089433
case_01825,0.043051761346708,0.1753399984885196,0.1000848243043549,0.6815234158604174,1.749840433098378e-06,-1.257110366346338e-06,-1.5507431237041326e-06,17.57388687133789,21.388925552368164,3645.362281353839,0.1820687612947454,182.06876129474543
case_01826,0.0089397524186873,0.5286836327598784,0.386165180050313,0.0762114347711214,-1.457755308656625e-07,-9.617127369834938e-07,-5.724284905507236e-08,9.91452693939209,13.965620040893556,5427.705744582979,0.2508138301432543,250.8138301432544
case_01827,0.2711147461637355,0.0055207584506292,0.5931751676323308,0.1301893277533046,2.1973967841296321e-07,2.61573092237162e-06,-2.555284953684252e-06,29.428890228271484,74.16062927246094,4236.558251869323,0.2100543770371106,210.05437703711067
case_01828,0.0666424441432311,0.0830476615602898,0.0126716603970859,0.8376382338993932,1.6268162890249328e-06,-2.0115537698203686e-06,-2.7915471244660385e-06,27.12527084350586,39.490970611572266,4227.747807856692,0.1448668360920738,144.86683609207384
case_01829,0.0085962782818656,0.228165278330561,0.1253939971087936,0.6378444462787797,9.675918375905497e-07,-2.747097498222395e-06,-1.8759883907123868e-07,23.629562377929688,29.51946449279785,4725.534950103037,0.1958688866397993,195.86888663979929
case_01830,0.0969027200506775,0.2606399071818276,0.2259766041593645,0.4164807686081303,-5.439304747056443e-07,-2.756680643427048e-07,-6.080442748895276e-07,11.678533554077148,16.947359085083008,21768.7773600083,0.3615555767393654,361.5555767393655
case_01831,0.0377184529856358,0.1153561372311925,0.129337148280529,0.7175882615026427,2.372476267165314e-06,1.8072594014617736e-06,-2.178718081849034e-06,24.411348342895508,29.94566535949707,3950.864437174721,0.1733311157940852,173.33111579408526
case_01832,0.0638821909083065,0.2596392958445341,0.0738530723989982,0.602625440848161,-2.0245975880191288e-06,1.6300086378644746e-06,1.125608573524403e-06,20.10972595214844,31.2803955078125,3590.73643442803,0.2008056157829299,200.80561578293
case_01833,0.6656443403025152,0.1706624384192905,0.1014261935962505,0.0622670276819436,2.9730986915419486e-06,2.517183773476996e-06,2.9574209453955863e-06,59.4401969909668,89.66937255859375,10490.796503923651,0.1685485326718576,168.5485326718576
case_01834,0.0233326772651727,0.1428662850696804,0.4852703463300353,0.3485306913351113,-2.286884529142577e-06,1.992039862142413e-07,-6.261190728197254e-07,25.319244384765625,35.35750961303711,14345.264986915408,0.3109064394500232,310.90643945002324
case_01835,0.5498481300885933,0.0962406936299986,0.2257497153025464,0.1281614609788616,-2.910300173374567e-06,-2.3996119706008003e-06,7.473518155043667e-07,39.587158203125,61.27913665771485,8730.592178073237,0.2276067410488825,227.60674104888253
case_01836,0.3160820965057423,0.1370849915341378,0.26693284712775,0.2799000648323697,2.3401134068925885e-06,5.321338460160963e-07,2.7778556541869143e-06,55.7742919921875,80.66240692138672,30894.590530428915,0.433221307036563,433.221307036563
case_01837,0.2729449263990192,0.6285520745697118,0.0889067350751236,0.0095962639561453,-1.5302789498042637e-06,1.6703736861192696e-06,1.989209834681252e-06,50.99196243286133,81.38944244384766,5521.9532855145735,0.2887418642338638,288.74186423386385
case_01838,0.2222506967750227,0.254825134467973,0.0597795290844504,0.4631446396725537,1.3781977646803256e-06,-2.4400312783810417e-06,-2.186866601838854e-07,26.30049514770508,31.51515769958496,5488.364022522586,0.2560913031220654,256.0913031220654
case_01839,0.4457310672051691,0.3096863884634597,0.0233260412211325,0.2212565031102386,1.866092249592416e-06,-1.9640555934144614e-06,1.4249369067595162e-06,29.4091739654541,41.75886154174805,3194.790527553598,0.2655591139848977,265.5591139848977
case_01840,0.2711300869638035,0.1345248112846959,0.1730020152917897,0.4213430864597108,2.153918346192701e-06,-2.926256033065975e-06,-2.231189758496856e-06,39.711875915527344,54.38131713867188,9326.816534289956,0.3103182506860512,310.3182506860512
case_01841,0.2453361059552561,0.1751890012958978,0.2549166994569314,0.3245581932919145,2.9495654139850005e-06,5.619154766808623e-07,7.262313278279524e-08,31.41823959350586,48.19766616821289,17564.53480821465,0.4509683818115808,450.96838181158085
case_01842,0.0451119203006748,0.4975852503931784,0.2413837685845298,0.2159190607216169,-1.2357617397600055e-06,2.3204063516754263e-06,-1.325638336920381e-06,27.91594886779785,38.65556335449219,6295.607682754428,0.4126265873490738,412.6265873490738
case_01843,0.08434858518812,0.7459153319269137,0.1037652538484441,0.0659708290365219,1.2614600515635545e-06,1.0239798960125968e-06,-2.0330178726230337e-06,22.26832389831543,28.88456344604492,4074.292845088258,0.2912771606302949,291.277160630295
case_01844,0.3334815290391917,0.229412427891625,0.3955135951756412,0.041592447893542,-2.3076008503150307e-06,2.892240525545892e-06,-4.42314562472791e-07,42.966888427734375,51.41109085083008,6306.3709817238405,0.2938692476660061,293.8692476660061
case_01845,0.0950820248377868,0.0323963649732988,0.7336370523916997,0.1388845577972147,-5.591442518589037e-07,-2.621798085001431e-06,-2.2139126733983137e-06,31.14793968200684,45.14638137817383,9856.889151745265,0.1674776234740051,167.4776234740051
case_01846,0.2161422692329066,0.0731649557362388,0.0184987058273266,0.692194069203528,2.087830159875542e-06,2.418006510908978e-06,1.1939106490469134e-06,34.346439361572266,56.8906478881836,11382.83016210633,0.1760732923764651,176.07329237646516
case_01847,0.1717966305636311,0.2808544532567427,0.5346094808528795,0.0127394353267465,-7.940517236453498e-07,1.884409724320084e-06,-2.62559735679987e-07,17.205862045288086,20.513370513916016,4236.964209541898,0.2158307963467393,215.8307963467393
case_01848,0.5892218814397568,0.2726562881088452,0.1155797260432851,0.0225421044081127,5.465722832136843e-07,-1.1145508770029704e-06,1.8686779538798304e-07,10.831036567687988,15.0562744140625,2033.4960902857315,0.1922626810455156,192.26268104551568
case_01849,0.0457343300733717,0.5813416620605162,0.2987639849793257,0.0741600228867861,2.2640662347804343e-08,2.8411593110235106e-06,-2.121744367991058e-06,31.420061111450195,42.9702262878418,4621.375049155369,0.2945710177085383,294.57101770853825
case_01850,0.0260067701587795,0.4496638201003501,0.3256371768213323,0.1986922329195379,8.757091866722706e-07,-1.27237351097151e-06,-2.161370033439033e-06,32.30434799194336,47.42431640625,13638.292009172275,0.3879632240045919,387.963224004592
case_01851,0.0847468533474949,0.0458260416171101,0.2076706077352836,0.6617564973001113,2.837366336326169e-06,2.335828342969311e-06,5.004926115607444e-07,34.00547790527344,45.36051177978516,10920.292615906576,0.189650311638633,189.65031163863304
case_01852,0.086031279712173,0.4047404619310765,0.2457399259694515,0.2634883323872989,-2.6655868409915872e-06,2.2844914624451366e-06,2.910058486976678e-06,49.4883041381836,72.65863800048828,11813.162808325813,0.4678189757808206,467.8189757808206
case_01853,0.0841394726756839,0.5003540895972686,0.190554494720958,0.2249519430060896,4.437691050097781e-07,1.545945699617835e-06,-2.4224965005736464e-06,29.80329132080078,40.88311767578125,6734.721748328794,0.4126671520914167,412.6671520914167
case_01854,0.1906967458732819,0.1052683316550605,0.0471242856443014,0.6569106368273563,2.1781726755017085e-06,3.808228428771114e-07,-1.2856114286053124e-06,20.09710121154785,26.085857391357425,4179.455606979723,0.1858088305387606,185.80883053876065
case_01855,0.0901834710228248,0.483609545530181,0.20431930045666,0.2218876829903342,-1.1170372950943485e-07,-2.279983502298672e-06,2.2167546992273256e-06,33.10335159301758,44.18409729003906,6936.642685896489,0.4242524425045483,424.2524425045483
case_01856,0.4038274957009005,0.2922917866137955,0.0676202211423328,0.2362604965429712,-2.528836884350563e-06,1.9183040697898965e-07,-2.5663679264685782e-06,54.6161994934082,72.87814331054688,9464.544025308149,0.318869298371934,318.86929837193406
case_01857,0.3471551418720293,0.3491030235067197,0.1074052599617076,0.1963365746595431,3.632361145006254e-07,-8.592224660703928e-07,2.255314328201708e-06,42.93071746826172,112.06422424316406,7188.716126470353,0.3715263904072497,371.5263904072497
case_01858,0.0783172575551789,0.0860429342709376,0.0084940889855236,0.8271457191883597,-1.0075566550570772e-06,1.75330219893211e-06,1.45715900248507e-07,14.399656295776367,15.913436889648438,3042.3887340238143,0.146339336239121,146.33933623912105
case_01859,0.2467275766208371,0.2691982515475261,0.3419635354918366,0.1421106363398,-2.070349287972385e-06,1.5487752389810696e-06,-5.503993564414448e-07,29.78853988647461,37.74908065795898,9423.919943757835,0.386872032435568,386.872032435568
case_01860,0.4478282805820201,0.0343099242658309,0.0632930025211589,0.4545687926309898,2.0942070797008378e-06,2.463675044235632e-06,-1.1419166138912648e-06,38.553993225097656,55.81643295288086,8998.645769137709,0.2489721908408868,248.9721908408868
case_01861,0.1505421742103012,0.446482249661611,0.2956946047973938,0.1072809713306939,1.295970779467299e-07,-2.9110190254097527e-06,-1.2172970512329486e-06,42.42809677124024,60.93195724487305,10874.928217033508,0.356497153369206,356.49715336920605
case_01862,0.4176531420276917,0.0490645087784897,0.3051473825428937,0.2281349666509246,2.5996584742744003e-06,1.8546193009382763e-06,-1.1651845053031274e-06,44.354637145996094,71.40612030029297,14845.39649349386,0.3589391508582485,358.9391508582485
case_01863,0.0308549512118466,0.0916690419882729,0.2029142062345331,0.6745618005653472,1.8360990276184144e-06,2.630772318748013e-06,2.308818485761175e-06,36.8190803527832,57.05453109741211,12475.08425240434,0.1880439478418543,188.0439478418543
case_01864,0.4663269546410843,0.258453492420855,0.1271388263454083,0.1480807265926523,1.157830762642004e-06,1.7358026946489011e-06,1.3427713810487132e-06,34.900447845458984,54.2878303527832,14797.143618846514,0.2851478280622831,285.1478280622831
case_01865,0.1623596381693358,0.1138279213368279,0.6095841782871748,0.1142282622066613,-2.9698469798081285e-06,-2.2188332407778e-06,1.0183380469869035e-06,30.98372268676757,43.14012908935547,7759.253382713765,0.2045740803465851,204.5740803465852
case_01866,0.1225465017402145,0.1268020096599106,0.4748795637299337,0.2757719248699412,-4.3305926017050027e-07,-2.512325370954674e-06,1.792494893712005e-06,27.83100318908692,38.28261947631836,7783.556278058509,0.3015238145461109,301.52381454611094
case_01867,0.3070750136285292,0.1311289648434301,0.549182549579298,0.0126134719487426,-1.8150823100878064e-06,-2.874928561153796e-06,-1.45731202197513e-06,40.07701873779297,64.51287841796875,13303.89446204064,0.21936804187904,219.36804187904
case_01868,0.5166612866602492,0.1815251565038622,0.1282363693761147,0.1735771874597737,2.464787466293207e-06,7.724713549684262e-07,7.082568724905345e-07,34.686988830566406,53.70880126953125,11923.84117990745,0.2497266950484647,249.7266950484648
case_01869,0.2929486008741292,0.0034188570791221,0.5461158920003387,0.15751665004641,-1.9524960919418382e-06,7.780359111593239e-07,-2.3960256625229426e-07,18.037811279296875,24.68831253051757,6489.816302084112,0.2294767756708901,229.4767756708901
case_01870,0.2290825160167382,0.0811485192859446,0.3157173136863879,0.3740516510109292,-1.283639690044287e-06,2.9214822853092737e-06,1.6946498112011604e-06,38.126495361328125,58.27849197387695,15458.111745638194,0.3712627195820209,371.2627195820209
case_01871,0.0947887567488908,0.2081735524025937,0.1001710983060094,0.596866592542506,1.0102060640699508e-07,-6.117409553754258e-07,-1.1444633371602871e-06,11.263842582702637,17.86269760131836,8803.447926450805,0.2073568216713079,207.356821671308
case_01872,0.2871983478774967,0.5174185075673619,0.0363707506870306,0.1590123938681106,-1.4198182860115243e-06,-1.0085622906150198e-06,8.590717012193744e-07,33.4996223449707,50.99540328979492,7065.878830808796,0.3207555588908788,320.75555889087883
case_01873,0.1241241013207359,0.2546744938852849,0.5965497891518464,0.0246516156421326,-1.740811936325273e-06,7.465495631063546e-07,2.293274470903881e-06,23.53164291381836,26.357887268066406,3963.713948583559,0.1980472133036129,198.0472133036129
case_01874,0.0227018400660301,0.5722651521460046,0.0721151370045017,0.3329178707834635,5.945959506165147e-07,1.953652035045564e-06,-5.870971428304276e-07,40.35486602783203,127.73839569091795,6179.246947307149,0.2731690596484253,273.1690596484254
case_01875,0.2751923017721287,0.6289601275294412,0.0469781917276141,0.0488693789708158,-2.466422863469857e-06,2.620643697138011e-06,-2.600267475795232e-06,74.93326568603516,138.00820922851562,4738.35847269352,0.2923318439312103,292.3318439312103
case_01876,0.174194571955975,0.626290461271877,0.1147645756894423,0.0847503910827055,-2.650993447674452e-06,1.818744997074232e-06,9.630493405075649e-08,29.744876861572266,39.54054260253906,5519.593043718079,0.3345313453905269,334.5313453905269
case_01877,0.0863037970845707,0.246538883104268,0.1677290998730142,0.4994282199381469,-7.665282288835715e-07,-4.399561163051717e-07,-9.241650731578444e-07,12.149772644042969,17.65104866027832,15293.863532423702,0.2631779636093696,263.1779636093696
case_01878,0.0081501430875109,0.0427553457363699,0.3357023920791321,0.613392119096987,1.323986727047174e-06,8.094854118723848e-07,1.0333522832830496e-06,18.06907081604004,25.62299346923828,13766.056800055454,0.2083182060648346,208.3182060648346
case_01879,0.1517053558172594,0.1235090816160266,0.6985686410331325,0.0262169215335814,3.288405496436881e-07,2.137795960296702e-06,2.706197548491637e-06,30.639781951904297,45.45841217041016,9470.837214357987,0.1733351722683195,173.33517226831955
case_01880,0.1400585580041204,0.2141127782092542,0.2496364449983218,0.3961922187883034,-4.627411891993268e-07,-5.634187012956327e-08,-8.6350092018918e-08,7.038048267364502,14.418086051940918,21048.33311391782,0.4041769515190482,404.1769515190482
case_01881,0.14320600704918,0.3099331135404336,0.2876700892354563,0.25919079017493,3.945093853474944e-07,-1.6998801377676438e-06,-2.0285861906679672e-07,24.391691207885746,34.75001525878906,19594.09930481308,0.500692642975505,500.69264297550495
case_01882,0.6647963151406748,0.1951905554913909,0.0574778317534313,0.0825352976145028,-8.072910920803586e-07,-1.9816593615127623e-06,9.27508801148762e-07,22.95176696777344,35.22282028198242,3400.316220500019,0.1684511772902346,168.45117729023465
case_01883,0.0637231192871903,0.1737531653873927,0.4598103434726337,0.3027133718527831,2.616878012592677e-06,-2.9990535325316595e-06,-2.379014978438594e-06,40.87278366088867,60.77618789672852,10428.34760767364,0.343029658911364,343.029658911364
case_01884,0.5174310369745614,0.1437434435075184,0.1724489350694897,0.1663765844484305,-2.670570654535354e-06,1.3094279698877056e-06,-1.4789628664499125e-06,36.415184020996094,57.29545211791992,6605.014775635716,0.2543389062528522,254.3389062528522
case_01885,0.0373761179976039,0.0110829490894586,0.1568187432391083,0.794722189673829,1.0403488741790112e-06,-2.333416746924057e-06,2.513875953002392e-06,24.32533264160156,28.347919464111328,3081.091192370799,0.1540912585008488,154.09125850084882
case_01886,0.0897567894159527,0.0235114563859832,0.7435593131783201,0.1431724410197437,2.347695988966504e-06,-1.5369654018243577e-06,1.0196556801825971e-06,20.893230438232425,27.02927017211914,4070.8536582796905,0.1652019414285685,165.20194142856857
case_01887,0.2754392151755499,0.1894267957328733,0.4533026133397225,0.0818313757518541,1.8233082524115208e-06,-1.2127420108632398e-06,-2.9193357360995024e-06,33.677215576171875,38.59191131591797,7049.237323776801,0.2688326886919696,268.8326886919696
case_01888,0.3283951405321387,0.189299697867865,0.3015161856548428,0.1807889759451533,-1.89575379107132e-06,3.6227916082060987e-07,-1.772247164645881e-06,36.397239685058594,52.40283584594727,20047.815114099263,0.4066432878534963,406.6432878534964
case_01889,0.0626970360453075,0.2126759018989205,0.2255572137128882,0.4990698483428837,-1.22444190611827e-06,-6.122563362253845e-07,1.0970235961733947e-06,14.27021598815918,17.315855026245117,6127.1390407890285,0.2823529173148574,282.35291731485745
case_01890,0.3485731935364062,0.2856807465600764,0.0315412868232212,0.3342047730802961,1.3022876322426286e-06,1.0480439521389712e-06,1.5863952153754455e-06,34.6628303527832,50.44554901123047,13331.18442824632,0.3129549589383396,312.9549589383396
case_01891,0.1256837897108659,0.4067590842588555,0.4572786030742762,0.0102785229560022,-2.494376644915407e-06,-2.666168044027784e-06,2.039157436044252e-06,41.31942367553711,48.54267120361328,4783.259088707564,0.23081946864244,230.81946864244009
case_01892,0.5735755718127553,0.012826345938021,0.1527268837858475,0.2608711984633762,1.871170198995504e-06,-2.256364834413364e-06,-1.2469391797077308e-06,27.85504150390625,33.86558532714844,4123.972085549433,0.2154454312944817,215.4454312944817
case_01893,0.0929212654328381,0.7951741226190285,0.0048637165548843,0.1070408953932489,1.313441667628742e-06,-4.730978800399618e-09,2.586171577665376e-06,32.7700080871582,64.02615356445312,12747.882361014545,0.2715018487381322,271.50184873813225
case_01894,0.1491351728494885,0.2149577669798003,0.426207724345285,0.2096993358254261,1.3776398954120558e-06,-9.78211272919021e-07,3.176813614673542e-07,16.978544235229492,22.420732498168945,7681.975010919004,0.3358821513105454,335.88215131054545
case_01895,0.6385055593494182,0.2873890420537301,0.0007366150765371,0.0733687835203145,-2.398551778394452e-06,-1.2251198234918417e-06,1.179234134327357e-06,34.82133865356445,49.35151672363281,3229.042538873264,0.1737327067432799,173.73270674327995
case_01896,0.2044114845895725,0.3005201886338575,0.14442583307803,0.35064249369854,1.306563268897385e-06,-2.597831525774864e-06,5.804331766794475e-07,34.51148986816406,51.37857055664063,7971.341208478891,0.3757370106624425,375.7370106624425
case_01897,0.2579276149342007,0.0269413177640556,0.0745315739585183,0.6405994933432253,1.0789087513198202e-06,2.3743150484880085e-06,-2.2635596719522774e-06,26.331308364868164,37.45451354980469,4089.1283780229,0.1924452223860587,192.4452223860587
case_01898,0.1555970120716901,0.2714344324114516,0.0150768365024116,0.5578917190144466,1.985534944931103e-06,1.1509115167503045e-06,2.778687956309279e-06,35.01765060424805,47.75291061401367,11171.62107046403,0.2086264981066406,208.62649810664067
case_01899,0.0359397917508105,0.0018124727521064,0.9117735028046962,0.0504742326923868,-2.750424262461184e-06,-2.270291059082104e-06,-2.2627465206350843e-06,41.09937286376953,53.95103454589844,9092.827856845037,0.1329590559773162,132.95905597731618
case_01900,0.2445556186804226,0.0431175624887324,0.1925177331294226,0.5198090857014223,-2.8613359891932468e-06,-2.6097242535771564e-06,-1.4707082615328985e-06,44.25535583496094,60.59616088867188,16259.372410036418,0.2452077827514659,245.2077827514659
case_01901,0.1438004322078827,0.4133840802952464,0.0775533377864049,0.3652621497104658,-7.619574007286357e-07,2.8492352005874584e-06,1.8817672813378807e-06,40.580963134765625,61.85594940185547,7373.567972747831,0.2938124570267261,293.81245702672607
case_01902,0.3361542461393474,0.1944490403066331,0.3079067575824469,0.1614899559715724,-2.107270296905082e-06,1.0870353026370292e-06,7.115817690066085e-07,30.04166030883789,39.73725509643555,9640.356522413564,0.3928553319311454,392.85533193114543
case_01903,0.6267980698315528,0.136633031786379,0.0759650552089055,0.1606038431731625,3.503068654213317e-07,-4.95263573437551e-07,2.0288949922581416e-06,19.37696075439453,33.82651901245117,4508.90135328724,0.1826812889041232,182.6812889041232
case_01904,0.0657783466522586,0.2322050352009763,0.603921619028289,0.0980949991184761,2.504093409040493e-06,1.210386244534709e-06,9.441713024426949e-08,24.472332000732425,34.46781921386719,9339.084403394654,0.2044929508618993,204.49295086189937
case_01905,0.4752978604582387,0.2009536082167566,0.0411995549404037,0.2825489763846008,-6.511216179959057e-07,1.5379907188809549e-06,-7.380405878001907e-07,20.91636848449707,26.877901077270508,3749.256708798696,0.256281957411077,256.28195741107703
case_01906,0.1580838525650528,0.2307577203034332,0.4837504090984124,0.1274080180331014,2.0697022636356247e-06,1.6797732143326764e-06,2.53107299728671e-06,36.1155891418457,50.99787139892578,15884.548075469367,0.2613200984100649,261.32009841006493
case_01907,0.4368172712922962,0.262149866955943,0.1265690130234823,0.1744638487282785,-2.9985547528928013e-06,-1.327361660816541e-07,-2.782486094911231e-06,60.62825775146485,92.79168701171876,12563.787759576917,0.3153239398911648,315.3239398911648
case_01908,0.0697209801966811,0.7275246494234454,0.1948181901241263,0.0079361802557471,-1.988912139244895e-06,-4.207034512509119e-07,2.136781322118275e-06,24.824434280395508,31.0604305267334,3881.979210152225,0.2831844945328868,283.18449453288684
case_01909,0.2719822283767903,0.671512169310492,0.0398791303223158,0.0166264719904017,-2.8174587620754866e-06,-2.933831494386598e-06,-1.6150932888733102e-06,130.1720428466797,225.41744995117188,12631.790928754292,0.278385685513722,278.3856855137221
case_01910,0.3173604283769234,0.2147125346287615,0.3061623982537887,0.161764638740526,-1.0311169169095882e-06,2.5593426908510283e-06,2.0924179665238067e-06,44.96702194213867,66.38258361816406,16062.03556996626,0.4029802916199327,402.9802916199327
case_01911,0.0784432805886698,0.5092350451453218,0.3149847967434477,0.0973368775225606,2.449137574179017e-06,6.198472703336583e-07,-2.1648203194986865e-06,29.003324508666992,39.21767807006836,4854.2509558525135,0.3104074931192055,310.4074931192056
case_01912,0.2540680238649107,0.5912066525947971,0.0494668830591416,0.1052584404811505,-2.418287258406073e-06,-1.7810763768601914e-06,4.813137821432428e-07,50.20132064819336,90.76769256591795,11363.66702977309,0.3164962609448745,316.49626094487456
case_01913,0.0167375170032411,0.368123149683067,0.3071673671668509,0.3079719661468408,6.384586604628022e-07,2.5176205165286203e-06,2.328647514068832e-06,46.63346099853516,78.58631896972656,37251.56689663504,0.4815095763215486,481.5095763215486
case_01914,0.3116404698025655,0.2737652433407396,0.1603206622726666,0.2542736245840283,-2.9102436528333466e-07,2.489591410621778e-06,-1.5876211860665694e-07,40.85319519042969,62.1578483581543,13752.00231191182,0.426138703023493,426.13870302349306
case_01915,0.0121898738019702,0.3027296222981889,0.4688529376454211,0.2162275662544196,2.630809274194875e-06,2.935104986196576e-06,1.479400042820358e-06,40.375606536865234,59.47492599487305,16285.897677035317,0.2964856735471231,296.4856735471231
case_01916,0.14860552698116,0.1091463580704011,0.3457979887965102,0.3964501261519285,-2.264885144777437e-06,2.2443393788338728e-06,1.8280297071333505e-06,35.75666046142578,46.188018798828125,11316.877948838555,0.3663543857585302,366.3543857585303
case_01917,0.4302322474047662,0.0880466272119627,0.308579791125344,0.173141334257927,-1.7278328969866264e-06,2.9867063269203885e-06,1.4189652523006747e-06,46.65713119506836,57.864166259765625,10273.4249026487,0.3306209042286716,330.6209042286716
case_01918,0.477965580143697,0.1672686968622191,0.1625128971311557,0.1922528258629279,-2.8227481883310404e-06,-1.5318828712603645e-06,2.55197842124759e-06,43.510135650634766,55.344539642333984,5221.447700659283,0.28924892351315,289.2489235131501
case_01919,0.2847716847833569,0.6881983298159958,0.0157270392938452,0.0113029461068022,-3.9638850221175753e-07,2.0534975111954044e-06,-3.189946168804283e-07,23.26841926574707,39.8622932434082,3564.535064114123,0.2675873511020426,267.58735110204265
case_01920,0.5394648328747057,0.1468112100329905,0.1856172128749836,0.12810674421732,-1.3330026026120744e-06,1.938169852774587e-06,-1.961247365009065e-06,26.72251892089844,48.63664627075195,3702.0990871067866,0.2340727609783404,234.07276097834043
case_01921,0.0297225470158531,0.4417076349821724,0.4156691504036788,0.1129006675982957,2.219435603341925e-06,-1.6143578446755976e-06,-2.7131336177851214e-06,35.68484115600586,48.787208557128906,4380.116326644901,0.2626303395877405,262.63033958774054
case_01922,0.0832973484889509,0.4144454158714772,0.0171112305743857,0.4851460050651861,6.296448791865303e-07,-2.409374705994055e-06,-1.5212407821749691e-06,30.94379615783692,34.87460708618164,6041.8989746916695,0.2195140749514744,219.51407495147444
case_01923,0.0584110596347352,0.1770238092333359,0.5413252045990734,0.2232399265328552,6.845444278542102e-07,2.8765230820655976e-06,-2.140814976718548e-06,28.998003005981445,39.59944915771485,5481.63947683686,0.2519171911349812,251.91719113498124
case_01924,0.2183368062668316,0.477203326968636,0.1719882465557247,0.1324716202088076,1.9146418128781485e-07,-1.223852690876338e-06,3.476924486068828e-07,15.273736953735352,21.57095718383789,9154.156056212105,0.3996012485827693,399.6012485827693
case_01925,0.665976495661039,0.1620921054182072,0.1207237478139344,0.051207651106819,-2.448897976624794e-06,2.2253507428068363e-06,-1.890327976729608e-06,32.275177001953125,55.69828414916992,2533.1428846812228,0.1681956194134743,168.1956194134744
case_01926,0.0216779103968995,0.0135671412986563,0.3473958281061889,0.6173591201982553,-3.2988789764786844e-07,-2.975237071952377e-06,-2.766397756263773e-06,36.374298095703125,58.19313049316406,11337.59263172419,0.2010408912885187,201.0408912885188
case_01927,0.2487215538461583,0.5928875525007747,0.010969779866361,0.1474211137867059,2.997031138251099e-06,-2.8738511566823867e-06,-2.784061026787993e-06,54.62601852416992,84.64591979980469,5828.052709493141,0.3049231399544458,304.9231399544458
case_01928,0.0673009536337338,0.1474637020572113,0.018686121655094,0.7665492226539606,2.0113757450760893e-06,-2.047721478217897e-07,1.989416990189169e-06,22.79181480407715,34.07437515258789,7398.376583615426,0.1576934076208981,157.69340762089814
case_01929,0.0332519709312724,0.3362790930070733,0.0730389947980864,0.5574299412635677,2.360754325002696e-06,-1.5677118963896186e-06,5.48699588658149e-07,22.95357131958008,26.39854431152344,3966.111673978779,0.2103748385016195,210.3748385016196
case_01930,0.1660487605677822,0.5492475629054805,0.0011027897996863,0.2836008867270508,1.9393581554789967e-06,1.1390477006157856e-06,-8.514881886397311e-07,28.48391532897949,35.425811767578125,5820.247540154948,0.2933986966548285,293.39869665482854
case_01931,0.7437017787980675,0.0479633381153065,0.0322092058023762,0.1761256772842496,-2.381749839414104e-06,3.933859534077262e-07,2.365368256441481e-06,20.71674537658692,27.40690422058105,1447.593825175632,0.1457146392070404,145.71463920704042
case_01932,0.6171048415242776,0.1777978961964742,0.1704958724400446,0.0346013898392033,-1.6353104756112025e-06,-2.5350852152970514e-06,-2.5788203315537185e-06,48.52674102783203,76.91080474853516,10631.15445228802,0.1828151525538547,182.8151525538548
case_01933,0.0002863109604901,0.6022827582321114,0.0332227473599487,0.3642081834474496,-2.9812700918615424e-06,-2.0242302221056976e-06,2.881932436366956e-06,39.85148239135742,46.4671745300293,3059.2536504613217,0.2389121347398481,238.9121347398481
case_01934,0.6356457933211909,0.0604535601565925,0.2827258980162785,0.0211747485059381,-1.1789392507313311e-06,-6.717043796495144e-07,6.977507415267662e-07,12.34638500213623,23.006153106689453,3828.719187561536,0.1701914047367449,170.19140473674497
case_01935,0.3312264822884391,0.0640628441345911,0.4764613665457119,0.1282493070312577,-2.3483555859210445e-06,-1.886375616267401e-06,-1.8992144761869088e-06,39.68461608886719,63.2864990234375,17784.56706717715,0.2638594512807303,263.85945128073035
case_01936,0.2021968592337671,0.2971690601071526,0.0610226341577811,0.4396114465012991,-1.6323992819050197e-07,1.7533340834635717e-06,1.0744145938618113e-06,22.536684036254883,31.347251892089844,9892.211414398576,0.2647518756122741,264.7518756122741
case_01937,0.1294871408174985,0.3900593627120165,0.0619000544388176,0.4185534420316673,1.0627649314434118e-06,-5.035785866803197e-07,1.5802875587013762e-06,21.733142852783203,25.68720245361328,6903.140089414194,0.2606264413160014,260.6264413160014
case_01938,0.0582520055458721,0.2352497483019852,0.1205807739906194,0.5859174721615231,2.2470317702284622e-06,-2.4394087989450044e-06,-4.239432997753532e-07,24.657697677612305,32.390830993652344,3775.035377396914,0.2133522905895882,213.35229058958825
case_01939,0.0622508261070347,0.4373262157618046,0.4556173880475507,0.0448055700836096,1.4953029905453892e-06,-9.39425863672508e-08,2.169795637473284e-06,29.61997985839844,33.73256301879883,7178.943720743164,0.231253511385509,231.25351138550903
case_01940,0.3411025982422537,0.0329107228180065,0.1781008972782943,0.4478857816614452,2.631513574671031e-06,-2.454970913631515e-06,-2.0956055562211782e-06,36.040802001953125,52.443878173828125,7708.421616866445,0.2861943984147299,286.1943984147299
case_01941,0.3760822125189255,0.3421848558936032,0.1159338570263948,0.1657990745610765,-2.676610257637267e-06,-2.226376167481097e-06,-1.32697449853435e-06,61.73911285400391,106.28042602539062,14436.787355804958,0.349763406140285,349.76340614028504
case_01942,0.0327947807423039,0.3832162732312016,0.2115961218183944,0.3723928242081,-2.926920987500752e-06,-1.5623410078307685e-06,-2.4390458304960613e-06,82.79778289794922,150.8116912841797,18947.99007919803,0.3677133046270173,367.71330462701735
case_01943,0.2575907601646893,0.3529125786255586,0.3660301939332637,0.0234664672764882,9.68028683017276e-07,2.1571662314849385e-06,-1.734732956355887e-06,28.4763412475586,37.83761978149414,6112.927888612713,0.2956257010094536,295.6257010094536
case_01944,0.0826048102926502,0.3220382857616524,0.4507328307667557,0.1446240731789416,-1.2638855386665227e-06,2.547675193997832e-06,-1.56762712853313e-06,25.08574104309082,44.006004333496094,4430.610234643123,0.2765399897371202,276.5399897371202
case_01945,0.2197763196937326,0.0113196855620148,0.7641694244998197,0.0047345702444328,-1.4789939033653613e-06,1.957546375992415e-06,2.505799145530261e-06,25.910245895385746,35.94270324707031,4837.574034854632,0.1600218238313804,160.02182383138046
case_01946,0.4410397586554646,0.1023155674920002,0.0637294724186506,0.3929152014338844,-1.0146774738372346e-06,-9.955366954929167e-07,-2.5313418674930627e-06,39.95775985717773,63.58374786376953,14571.443539038406,0.2689422134962954,268.94221349629544
case_01947,0.0127330024357242,0.4490741291176072,0.4105242447448936,0.127668623701775,-1.381223652645815e-06,-1.36532135334701e-06,-4.355092788737432e-07,23.349842071533203,27.516159057617188,9825.311457015188,0.2681187492267346,268.1187492267346
case_01948,0.192104339278329,0.3622515448542798,0.4453981881830168,0.0002459276843744,6.861843780952373e-08,2.949341447414352e-07,1.9439212336147778e-07,4.04572057723999,6.108747959136963,9507.993448031057,0.2422019353438571,242.2019353438572
case_01949,0.7861084628523105,0.0511556776551456,0.0757068968967036,0.08702896259584,-3.5910931665520497e-07,1.3311189631986742e-06,2.392158322812965e-06,24.608793258666992,39.389739990234375,5227.587884509009,0.1389119319161364,138.91193191613647
case_01950,0.00796152434395,0.0271155508701865,0.8867296420709037,0.0781932827149597,7.45713082599381e-08,2.960236728961049e-06,2.986177311967281e-06,36.0853157043457,49.17792892456055,7187.000434891955,0.1374799965114321,137.47999651143218
case_01951,0.0356671260758125,0.032945246476981,0.370052055565523,0.5613355718816835,1.0362816690026174e-06,-2.2105757287264427e-06,1.520328689519015e-06,22.71930313110352,36.659446716308594,5489.730395679956,0.2247225878683025,224.72258786830253
case_01952,0.4723709964587864,0.0336092205914882,0.4014915024815842,0.0925282804681411,-6.772169461731101e-07,-2.704248005857173e-06,2.824745943414177e-06,44.83793258666992,57.59446334838867,5628.506804777207,0.2542861720878064,254.28617208780645
case_01953,0.0657181508413509,0.3400732361156938,0.1573160521012736,0.4368925609416814,-1.4921538771470593e-06,1.1661353339716263e-06,1.7226067952152423e-06,21.735395431518555,27.445592880249023,5477.459767101429,0.2870381450554621,287.03814505546217
case_01954,0.0462933356140362,0.4469232537284827,0.3743139811060957,0.1324694295513851,-2.002796779147528e-06,1.9933547010234333e-06,2.7792158458285e-06,40.31451797485352,47.478275299072266,5115.552032851649,0.293013331602571,293.013331602571
case_01955,0.1592079086268541,0.1745879921825235,0.193102237138865,0.4731018620517574,-9.031552828042472e-07,2.07809267919854e-06,1.2436243556667307e-06,24.34284782409668,31.989988327026367,9585.302770731618,0.2858658240017524,285.8658240017524
case_01956,0.102927352339631,0.332861472980195,0.4940777944928334,0.0701333801873405,1.4508388514770322e-06,1.0707812944629635e-06,-2.5214194472935736e-06,23.87779998779297,27.918306350708008,3834.348700274822,0.2348840558251984,234.88405582519843
case_01957,0.489707395229374,0.0594647688966099,0.1331966417043579,0.317631194169658,1.540229460668817e-06,2.7240948247151226e-06,-5.884788780439409e-07,37.17872619628906,66.28179168701172,10757.30656356772,0.268082240958626,268.082240958626
case_01958,0.0744103191501913,0.6740943281382594,0.0555241576062133,0.1959711951053359,1.0014323201052614e-06,6.602858126752149e-08,8.795837028148224e-07,16.251758575439453,24.637903213500977,16458.268193377473,0.3071582572575395,307.1582572575395
case_01959,0.2012559372843454,0.2545784836922336,0.1044509342618146,0.439714644761606,-1.5958309481587525e-06,2.482888790017275e-06,-8.956889432744941e-07,27.00864028930664,33.3651237487793,5221.754116511975,0.2799271457227522,279.9271457227522
case_01960,0.3974728281150397,0.2739214967211946,0.0329345654004178,0.2956711097633477,5.285174751281862e-07,2.8068728219491383e-06,-1.3596964913173284e-06,49.28446578979492,70.384521484375,5790.2318079644965,0.3030206535385639,303.02065353856386
case_01961,0.3345314600177758,0.1855353188062078,0.3473499063323063,0.1325833148437099,4.241379694610878e-07,2.0829447420186465e-06,4.643956027985459e-07,34.26418685913086,44.09782409667969,17663.27861028275,0.3592555558485231,359.2555558485232
case_01962,0.0742385031350663,0.0080862609339983,0.2127204682482674,0.7049547676826678,-9.440281134164697e-08,-1.1414486204482765e-06,2.6010112602146093e-06,21.142898559570312,30.241369247436523,4001.55994393192,0.1746332440232922,174.63324402329226
case_01963,0.4968364115857683,0.1115341936490647,0.2177372771101249,0.173892117655042,2.998739183031852e-07,-1.8227060929782284e-06,-2.7901087589030786e-06,40.68681716918945,70.48474884033203,12005.693504494777,0.275250030930616,275.25003093061605
case_01964,0.4566979732938254,0.2273624084095589,0.1266887896912297,0.1892508286053858,-4.9256204257991466e-08,2.8872038989091057e-07,1.615387221248626e-06,23.41801643371582,31.20897483825684,9325.090691093632,0.2999133942750979,299.9133942750979
case_01965,0.0446852928586455,0.1733410811400605,0.0072563662595371,0.7747172597417569,3.9273819644464923e-07,-2.819114977188691e-07,1.3363636682677627e-06,11.400053024291992,23.363758087158203,5291.16547166714,0.1554745162147416,155.4745162147416
case_01966,0.082018123121128,0.7800351966864427,0.0464318555314181,0.091514824661011,1.2930357277267727e-06,2.266550053156397e-06,2.783720552329723e-06,43.22311019897461,97.81462097167967,18306.25823553393,0.2772336468311837,277.2336468311837
case_01967,0.1916100316135747,0.0036717124488597,0.7906509774520702,0.0140672784854953,-2.3422308335793618e-06,-2.3998099735970777e-06,2.584267333995261e-06,27.916501998901367,41.86587905883789,3449.131840955308,0.1545334141923864,154.5334141923864
case_01968,0.4271212028404585,0.3376300103394429,0.1162947592314829,0.1189540275886157,1.497754512894142e-06,-1.4535596321308884e-06,1.5733953722651575e-06,33.51803207397461,62.234989166259766,4210.507040887228,0.2994915209547317,299.4915209547317
case_01969,0.4020959082879257,0.1855560708197018,0.3949849501181021,0.0173630707742704,-2.184683099234435e-06,1.5107936671122514e-06,1.2245258809559196e-07,37.709110260009766,45.3659553527832,5780.385552725693,0.2770673313875779,277.0673313875779
case_01970,0.0152147033279128,0.1673279914703123,0.2184237781946549,0.5990335270071199,-2.600232009537752e-06,-2.430080130136127e-06,-1.774394680598881e-06,39.96366882324219,51.536277770996094,14183.82959484676,0.2216802321925851,221.6802321925852
case_01971,0.0429002295985827,0.6711839057228184,0.0914960516785993,0.1944198129999995,2.8564781173288053e-06,-1.075413515869799e-06,2.714143099534463e-07,31.508623123168945,43.91804504394531,7074.714666188726,0.3155734130565736,315.5734130565736
case_01972,0.2168888384641486,0.2911866866523419,0.0929262132181407,0.3989982616653686,2.741950613222649e-06,-6.770676356761011e-07,1.5921119635179232e-06,35.49770736694336,67.84808349609375,10076.15603558361,0.3012479742981792,301.24797429817926
case_01973,0.339583486466846,0.1222909977619525,0.1416008175224652,0.3965246982487361,-2.637380730356616e-06,7.355627793761398e-07,2.374015275827359e-06,34.18828582763672,43.68046951293945,7663.947915969239,0.317538774823087,317.538774823087
case_01974,0.2808974027453223,0.1546841489973686,0.0683666436112167,0.4960518046460924,-3.404793511502269e-07,-2.0512041256838126e-06,1.7382720552632942e-06,22.71676254272461,34.430789947509766,5242.499229347896,0.2455485265871462,245.54852658714623
case_01975,0.2821920809282729,0.0819697271790087,0.1028191434853317,0.5330190484073867,-1.882530370201352e-06,2.163626942098257e-06,-1.828398388853676e-06,25.9560546875,35.85457992553711,5578.703878072332,0.2330383600485965,233.03836004859656
case_01976,0.0068256608092415,0.7316900835442235,0.0211145724621709,0.2403696831843641,-8.793061719349158e-08,-3.147465872023543e-07,5.981178853683562e-07,5.663681507110596,7.113336563110352,3923.120482474786,0.2714896793154294,271.4896793154294
case_01977,0.1308332438478371,0.1765700446160227,0.5538367868950442,0.1387599246410957,1.9810634579975247e-06,2.502130271283339e-06,-1.0069592428118578e-06,27.10952377319336,34.69697570800781,8115.528163069494,0.2298621407231476,229.8621407231477
case_01978,0.6979662781688885,0.0457617160843108,0.0021273426372144,0.2541446631095863,2.7036706484573413e-06,-1.927805181964104e-07,-2.944765995656142e-06,26.445287704467773,36.70624923706055,1702.472015200327,0.1520062307444238,152.00623074442387
case_01979,0.5942313888886014,0.0673093590616425,0.0628824828375373,0.2755767692122187,8.055159207092244e-07,-1.3497584463556e-06,-1.7986743852680035e-06,21.89721298217773,34.84701919555664,5705.124552191346,0.1919300501583039,191.9300501583039
case_01980,0.4063779577681252,0.4847921329525422,0.0765372788452289,0.0322926304341037,-8.765659967290977e-07,-2.149027027873951e-06,-2.3206761003993047e-06,55.04391098022461,93.06869506835938,10080.758863626568,0.2691693760534157,269.1693760534157
case_01981,0.4009678943995396,0.042940628247422,0.2729494536815062,0.2831420236715319,6.199533938675902e-07,-2.977529431732292e-06,2.056314741236811e-06,43.50531005859375,81.63651275634766,11685.197751758673,0.3889895119858672,388.9895119858672
case_01982,0.3048655486362351,0.0380746800360592,0.3551346771249684,0.3019250942027373,-1.127992163349298e-06,1.929449099090138e-07,-1.4489624871131282e-06,20.02987098693848,31.56357955932617,21015.49590138812,0.3674090690594456,367.4090690594456
case_01983,0.5177784224623364,0.2344974400632676,0.1736135781817528,0.0741105592926433,2.458941844992362e-06,-2.3570598184384594e-06,-1.291812186674667e-06,33.48789596557617,48.87553787231445,2890.0434073769547,0.2379223550266814,237.92235502668143
case_01984,0.2656676375758998,0.3279991317682087,0.1659382637385463,0.2403949669173451,2.222402778635022e-06,-6.496334182129305e-07,2.759619430793306e-06,55.71748352050781,85.67723846435547,20816.598540876897,0.4575074182772559,457.507418277256
case_01985,0.1137866672161311,0.2580132404090636,0.5831100889907839,0.0450900033840213,3.4939050167796575e-07,5.3563056742252e-07,-7.25479661706887e-07,7.029201984405518,8.883848190307617,3589.1169200459994,0.2042820142017163,204.2820142017163
case_01986,0.1646037017665353,0.0520336992795684,0.3360813310437704,0.4472812679101258,-1.051206507717837e-06,-1.3458846185837984e-06,-2.9424861591336327e-06,37.71167755126953,52.35371017456055,19492.817856339218,0.2995320856970747,299.5320856970747
case_01987,0.4419916511328048,0.0537796715693719,0.4934785555652475,0.0107501217325755,-1.23966194650213e-06,-1.9486542458033087e-06,-1.2969231099231809e-06,29.63068580627441,44.93510437011719,13943.763448716049,0.2321662180882242,232.16621808822427
case_01988,0.2321539525668858,0.0147832446366437,0.5634363071991813,0.1896264955972891,-2.7994920317696434e-06,1.6483297356560498e-06,-2.2842025163891256e-06,31.790019989013672,45.22947692871094,7309.773973635984,0.2221588961522313,222.15889615223136
case_01989,0.358130203544807,0.5764238297084738,0.0527101918022901,0.012735774944429,1.894925106151771e-06,2.680747033689723e-06,-2.3831486295848765e-06,54.201568603515625,96.24919128417967,3345.458770408022,0.2708365869637087,270.8365869637088
case_01990,0.6476818106846112,0.1160494921012721,0.0423678408032612,0.1939008564108555,-2.977007217659521e-07,-2.397357492828204e-06,-2.535076259185503e-06,37.23755645751953,62.13223648071289,8773.8500475895,0.1719072933378495,171.90729333784955
case_01991,0.7024990336485452,0.0242316667345007,0.2475822699534235,0.0256870296635306,-1.0492024295984134e-06,-2.066458053689953e-06,5.595568210522637e-07,20.64067268371582,34.34886932373047,4852.014545990091,0.1530528010968706,153.05280109687064
case_01992,0.069308180943137,0.286577811054073,0.5153005597836343,0.1288134482191558,-1.7333787001347676e-07,2.760075943516312e-06,-1.863913658220848e-06,26.682432174682617,29.924373626708984,4150.591647670226,0.2418571350339425,241.8571350339425
case_01993,0.0513666088352975,0.6884213901013759,0.21157397660904,0.0486380244542866,1.912427942727912e-06,-2.7732946691265224e-06,-8.325432357539371e-07,32.795654296875,43.85748672485352,5377.705124285949,0.2969683939810035,296.96839398100354
case_01994,0.3910343446535431,0.2174441173937009,0.2019478198648778,0.1895737180878781,-2.252314753754873e-06,2.865794019302833e-06,2.1721062967801003e-06,57.5145378112793,74.01934814453125,10109.627299468855,0.3809455235792706,380.94552357927057
case_01995,0.1192769825922947,0.1264415596737166,0.6219133343572671,0.1323681233767215,2.145935929450964e-06,-2.9721331014900674e-06,-4.539711612223464e-07,27.563077926635746,36.214332580566406,4118.836013748943,0.2015398376193364,201.5398376193364
case_01996,0.136295025868487,0.3595361874130496,0.3616577333606114,0.1425110533578519,2.385053010650124e-06,2.242011933907988e-06,2.494148100309826e-06,49.40645980834961,69.12112426757812,15781.306713674232,0.339459961585189,339.459961585189
case_01997,0.333006459239076,0.3866039116693176,0.2254253513489324,0.0549642777426738,2.680247490203329e-06,-1.156048914073503e-06,-1.23716796263626e-08,44.55147933959961,93.71343231201172,5194.470290378265,0.3377278470871472,337.72784708714727
case_01998,0.280506605665829,0.3312108485817952,0.1088035527221111,0.2794789930302646,-6.150720454642333e-07,2.631533149063779e-06,-6.069803109614656e-07,39.14302062988281,51.79079055786133,8763.011030288226,0.3911678386496808,391.1678386496809
case_01999,0.0703139893852425,0.1817028479642612,0.714981187371197,0.0330019752792991,-1.6971575757739687e-06,-1.0983282681864872e-06,1.5023335625442098e-06,17.07040023803711,22.64693260192871,3649.063002818648,0.168694565744292,168.69456574429205
